#
# There is insufficient memory for the Java Runtime Environment to continue.
# Native memory allocation (mmap) failed to map 4781506560 bytes. Error detail: G1 virtual space
# Possible reasons:
#   The system is out of physical RAM or swap space
# Possible solutions:
#   Reduce memory load on the system
#   Increase physical memory or swap space
#   Check if swap backing store is full
#   Decrease Java heap size (-Xmx/-Xms)
#   Decrease number of Java threads
#   Decrease Java thread stack sizes (-Xss)
#   Set larger code cache with -XX:ReservedCodeCacheSize=
# This output file may be truncated or incomplete.
#
#  Out of Memory Error (os_windows.cpp:3564), pid=51080, tid=36984
#
# JRE version: Java(TM) SE Runtime Environment (24.0.1+9) (build 24.0.1+9-30)
# Java VM: Java HotSpot(TM) 64-Bit Server VM (24.0.1+9-30, mixed mode, sharing, tiered, compressed class ptrs, g1 gc, windows-amd64)
# No core dump will be written. Minidumps are not enabled by default on client versions of Windows
#

---------------  S U M M A R Y ------------

Command Line: -Xmx32694m -Djava.net.preferIPv4Stack=true -Djna.nosys=true -Dl5j.pid=36072 -Dl5j.encargs=1 C:\PROGRA~2\FFDec\FFDEC-~1.JAR -export script C%3A%5CUsers%5CSnipz%5CAppData%5CLocal%5CTemp%5Cclaude%5Cc--Users-Snipz-Projects-strawberryjam%5C96ced3f0-5670-4ec9-ab6e-bc39098177e6%5Cscratchpad%5Coff1830 C%3A%5CUsers%5CSnipz%5CAppData%5CLocal%5CTemp%5Cclaude%5Cc--Users-Snipz-Projects-strawberryjam%5C96ced3f0-5670-4ec9-ab6e-bc39098177e6%5Cscratchpad%5Cofficial-1830.swf

Host: AMD Ryzen 9 5900X 12-Core Processor            , 24 cores, 31G,  Windows 11 , 64 bit Build 26100 (10.0.26100.9549)
Time: Fri Oct  2 22:46:00 2026 Eastern Daylight Time elapsed time: 12.031039 seconds (0d 0h 0m 12s)

---------------  T H R E A D  ---------------

Current thread (0x000002bb28060210):  VMThread "VM Thread"          [id=36984, stack(0x000000fded700000,0x000000fded800000) (1024K)]

Stack: [0x000000fded700000,0x000000fded800000]
Native frames: (J=compiled Java code, j=interpreted, Vv=VM code, C=native code)
V  [jvm.dll+0x730739]  (no source info available)
V  [jvm.dll+0x8d9b23]  (no source info available)
V  [jvm.dll+0x8dc00d]  (no source info available)
V  [jvm.dll+0x8dc683]  (no source info available)
V  [jvm.dll+0x2aa086]  (no source info available)
V  [jvm.dll+0x72cc65]  (no source info available)
V  [jvm.dll+0x72059a]  (no source info available)
V  [jvm.dll+0x390cea]  (no source info available)
V  [jvm.dll+0x3989f6]  (no source info available)
V  [jvm.dll+0x38523e]  (no source info available)
V  [jvm.dll+0x3854f8]  (no source info available)
V  [jvm.dll+0x35d0cc]  (no source info available)
V  [jvm.dll+0x35d15a]  (no source info available)
V  [jvm.dll+0x3aa702]  (no source info available)
V  [jvm.dll+0x3a8d82]  (no source info available)
V  [jvm.dll+0x35c897]  (no source info available)
V  [jvm.dll+0x3a8534]  (no source info available)
V  [jvm.dll+0x8e2742]  (no source info available)
V  [jvm.dll+0x8e3a8c]  (no source info available)
V  [jvm.dll+0x8e3ff8]  (no source info available)
V  [jvm.dll+0x8e4293]  (no source info available)
V  [jvm.dll+0x87d76b]  (no source info available)
V  [jvm.dll+0x72ee55]  (no source info available)
C  [ucrtbase.dll+0x2cd30]  (no source info available)
C  [KERNEL32.DLL+0x2cdf7]  (no source info available)
C  [ntdll.dll+0x7ee4c]  (no source info available)

VM_Operation (0x000000fd847fe730): G1CollectForAllocation, mode: safepoint, requested by thread 0x000002c3903027b0


---------------  P R O C E S S  ---------------

Threads class SMR info:
_java_thread_list=0x000002c391d16630, length=479, elements={
0x000002bb2f1eaaf0, 0x000002bb28070af0, 0x000002bb28071430, 0x000002bb280768e0,
0x000002bb28077410, 0x000002bb28077f40, 0x000002bb28078ba0, 0x000002bb2808e5b0,
0x000002bb2807ab40, 0x000002c38710b720, 0x000002c387112a90, 0x000002c38711e300,
0x000002c387139d40, 0x000002c3871a54f0, 0x000002c3873826b0, 0x000002c387d0a2a0,
0x000002c38c039d70, 0x000002c38c1ec1a0, 0x000002c38d77fa40, 0x000002c38d7b0020,
0x000002c38db85670, 0x000002c38d761f60, 0x000002c38c145c50, 0x000002c38c146af0,
0x000002c38c1463a0, 0x000002c38c147240, 0x000002c38c1480e0, 0x000002c38c144db0,
0x000002c38c148f80, 0x000002c38c148830, 0x000002c38c14a570, 0x000002c38c14acc0,
0x000002c38c1496d0, 0x000002c38c149e20, 0x000002c38c147990, 0x000002c38c14b410,
0x000002c38c14c2b0, 0x000002c38c419990, 0x000002c38c41a0e0, 0x000002c38c417c50,
0x000002c38c41a830, 0x000002c38c417500, 0x000002c38c4183a0, 0x000002c38c418af0,
0x000002c38db01fe0, 0x000002c38db02730, 0x000002c38db01890, 0x000002c38db03d20,
0x000002c38db02e80, 0x000002c38db035d0, 0x000002c38db009f0, 0x000002c38db04470,
0x000002c38db01140, 0x000002c38db061b0, 0x000002c38db077a0, 0x000002c38db07ef0,
0x000002c38db04bc0, 0x000002c38db06900, 0x000002c38db07050, 0x000002c38db05310,
0x000002c38db05a60, 0x000002c38f461c20, 0x000002c38f45e8f0, 0x000002c38f462370,
0x000002c38f45fee0, 0x000002c38f45f040, 0x000002c38f460630, 0x000002c38f462ac0,
0x000002c38f460d80, 0x000002c38f45f790, 0x000002c38f464800, 0x000002c38f4614d0,
0x000002c38f463960, 0x000002c38f4640b0, 0x000002c38f463210, 0x000002c38f464f50,
0x000002c38f4656a0, 0x000002c38f465df0, 0x000002c38cf0f520, 0x000002c38cf0fc70,
0x000002c38cf103c0, 0x000002c38cf0df30, 0x000002c38cf0e680, 0x000002c38cf0d7e0,
0x000002c38cf0d090, 0x000002c38cf10b10, 0x000002c38cf11260, 0x000002c38cf119b0,
0x000002c38cf12100, 0x000002c38cf0edd0, 0x000002c38cf12850, 0x000002c38d66bf30,
0x000002c38d66d520, 0x000002c38d66e3c0, 0x000002c38d66cdd0, 0x000002c38e097500,
0x000002c38d670fa0, 0x000002c38d66eb10, 0x000002c38d66dc70, 0x000002c38d6716f0,
0x000002c38d670100, 0x000002c38d672590, 0x000002c38d6742d0, 0x000002c38d67a930,
0x000002c38d67b080, 0x000002c38e8b6320, 0x000002c38ef67a20, 0x000002c38ef672d0,
0x000002c38ef68170, 0x000002c38ef64e40, 0x000002c38ef688c0, 0x000002c38ef66b80,
0x000002c38ef65590, 0x000002c38ef69010, 0x000002c38ef66430, 0x000002c38ef6c340,
0x000002c38ef6ca90, 0x000002c38ef6b4a0, 0x000002c38ef6bbf0, 0x000002c38ef6d930,
0x000002c38ef713b0, 0x000002c38ef730f0, 0x000002c3902ec160, 0x000002c3902eba10,
0x000002c3902ec8b0, 0x000002c3902e9cd0, 0x000002c3902ea420, 0x000002c3902eab70,
0x000002c3902e9580, 0x000002c3902ed750, 0x000002c3902edea0, 0x000002c3902ed000,
0x000002c3902ee5f0, 0x000002c3902eb2c0, 0x000002c3902f2070, 0x000002c3902ef490,
0x000002c3902f11d0, 0x000002c3902f0a80, 0x000002c3902f0330, 0x000002c3902f1920,
0x000002c3902eed40, 0x000002c3902f27c0, 0x000002c3902f2f10, 0x000002c3902efbe0,
0x000002c3902f53a0, 0x000002c3902f4c50, 0x000002c3902f6240, 0x000002c3902f6990,
0x000002c3902f3660, 0x000002c3902f70e0, 0x000002c3902f7830, 0x000002c3902f8e20,
0x000002c3902fc8a0, 0x000002c3902f9570, 0x000002c3902fb2b0, 0x000002c3902fa410,
0x000002c3902fde90, 0x000002c3902fab60, 0x000002c3902fe5e0, 0x000002c3902fed30,
0x000002c3902fba00, 0x000002c3902ffbd0, 0x000002c3903027b0, 0x000002c3902ff480,
0x000002c394a04160, 0x000002c394a02b70, 0x000002c394a03a10, 0x000002c394a032c0,
0x000002c394a048b0, 0x000002c394a01580, 0x000002c394a06d40, 0x000002c394a07490,
0x000002c394a08330, 0x000002c3949ff840, 0x000002c3949fcc60, 0x000002c3949fe250,
0x000002c3949ff0f0, 0x000002c3949fbdc0, 0x000002c394a006e0, 0x000002c394a05750,
0x000002c394a065f0, 0x000002c38d555b00, 0x000002c38d5569a0, 0x000002c38d5570f0,
0x000002c38d553dc0, 0x000002c38d557840, 0x000002c38d554510, 0x000002c38d559cd0,
0x000002c38d557f90, 0x000002c38d55a420, 0x000002c38d55c160, 0x000002c38d55ed40,
0x000002c38d55c8b0, 0x000002c38d55e5f0, 0x000002c38d55dea0, 0x000002c38d560330,
0x000002c38d55d000, 0x000002c38d562f10, 0x000002c38d564500, 0x000002c38d568e20,
0x000002c38d567f80, 0x000002c38d569570, 0x000002c38d566990, 0x000002c38d5711c0,
0x000002c38d570a70, 0x000002c391090db0, 0x000002c3910923a0, 0x000002c39108ff10,
0x000002c391096570, 0x000002c3910940e0, 0x000002c391093990, 0x000002c391099ff0,
0x000002c3910982b0, 0x000002c39109a740, 0x000002c39109d320, 0x000002c3910a0da0,
0x000002c3910a4820, 0x000002c3910a3980, 0x000002c3910a14f0, 0x000002c3910a1c40,
0x000002c3910a4f70, 0x000002c3910a56c0, 0x000002c3910a2390, 0x000002c3910a5e10,
0x000002c3910a6560, 0x000002c3910a3230, 0x000002c3910a89f0, 0x000002c3910a9140,
0x000002c3910aa730, 0x000002c3910a7400, 0x000002c3910aae80, 0x000002c3910ac470,
0x000002c3910af050, 0x000002c3910ad310, 0x000002c3910ae900, 0x000002c3910ae1b0,
0x000002c39149b280, 0x000002c39149e5b0, 0x000002c39149c870, 0x000002c39149b9d0,
0x000002c39149f450, 0x000002c39149fba0, 0x000002c39149cfc0, 0x000002c3914a1190,
0x000002c3914a3620, 0x000002c3914a2780, 0x000002c3914a2030, 0x000002c3914a2ed0,
0x000002c3914a3d70, 0x000002c3914a0a40, 0x000002c3914a6200, 0x000002c3914a4c10,
0x000002c3914a6950, 0x000002c3914a5360, 0x000002c3914a70a0, 0x000002c3914a77f0,
0x000002c3914a44c0, 0x000002c3914a7f40, 0x000002c3914a8690, 0x000002c3914a8de0,
0x000002c3914a5ab0, 0x000002c3914ab9c0, 0x000002c3914a9c80, 0x000002c3914aa3d0,
0x000002c3914ac860, 0x000002c3914a9530, 0x000002c3914ad700, 0x000002c3914ade50,
0x000002c3914acfb0, 0x000002c3914aab20, 0x000002c3914ae5a0, 0x000002c3914ab270,
0x000002c3914af440, 0x000002c3914b0a30, 0x000002c3914b02e0, 0x000002c3914b3d60,
0x000002c3914b44b0, 0x000002c3914b2020, 0x000002c3914b1180, 0x000002c3914b18d0,
0x000002c3914b5350, 0x000002c3914b4c00, 0x000002c3914b5aa0, 0x000002c3914b2770,
0x000002c3914b61f0, 0x000002c3914b6940, 0x000002c3914b3610, 0x000002c3914b7090,
0x000002c3914b77e0, 0x000002c3914b9c70, 0x000002c3914b7f30, 0x000002c3914b8680,
0x000002c3914b8dd0, 0x000002c3914b9520, 0x000002c38feb4aa0, 0x000002c38feb6090,
0x000002c38feb4350, 0x000002c38feb5940, 0x000002c38feb93c0, 0x000002c38feb8c70,
0x000002c38feba260, 0x000002c38febb100, 0x000002c38febeb80, 0x000002c38febf2d0,
0x000002c38febd590, 0x000002c38febdce0, 0x000002c38febc6f0, 0x000002c38fec0170,
0x000002c38febfa20, 0x000002c38febce40, 0x000002c38fec2600, 0x000002c38fec1760,
0x000002c38fec08c0, 0x000002c38fec1010, 0x000002c38fec1eb0, 0x000002c38fec34a0,
0x000002c38fec3bf0, 0x000002c38fec5930, 0x000002c38fec2d50, 0x000002c38fec7670,
0x000002c38fec6080, 0x000002c38fec4340, 0x000002c38fec67d0, 0x000002c38fec6f20,
0x000002c38fec4a90, 0x000002c38fec8510, 0x000002c38fecb840, 0x000002c38fec93b0,
0x000002c38fecbf90, 0x000002c38fec8c60, 0x000002c38feca9a0, 0x000002c38e8ac240,
0x000002c38e8ac990, 0x000002c38e8aac50, 0x000002c38e8a9660, 0x000002c38e8ab3a0,
0x000002c38e8ad0e0, 0x000002c38e8abaf0, 0x000002c38e8a9db0, 0x000002c38e8ad830,
0x000002c38e8aa500, 0x000002c38e8aee20, 0x000002c38e8af570, 0x000002c38e8b12b0,
0x000002c38e8adf80, 0x000002c38e8b1a00, 0x000002c38e8ae6d0, 0x000002c38e8b28a0,
0x000002c38e8b4d30, 0x000002c38e8b2150, 0x000002c38e8b5480, 0x000002c38e8b5bd0,
0x000002c38e8b2ff0, 0x000002c38e8b3e90, 0x000002c38e8b6a70, 0x000002c38e8b3740,
0x000002c38e8b71c0, 0x000002c38e8b7910, 0x000002c38e8b8060, 0x000002c38e8b87b0,
0x000002c3902f3db0, 0x000002c3902f4500, 0x000002c3902f7f80, 0x000002c3902f5af0,
0x000002c3902f86d0, 0x000002c3902fc150, 0x000002c3902fcff0, 0x000002c3902f9cc0,
0x000002c390300320, 0x000002c390300a70, 0x000002c3902fd740, 0x000002c390303650,
0x000002c390302f00, 0x000002c390303da0, 0x000002c3903044f0, 0x000002c390302060,
0x000002c3903011c0, 0x000002c390301910, 0x000002c390304c40, 0x000002c390305390,
0x000002c390305ae0, 0x000002c390306230, 0x000002c390306980, 0x000002c390307820,
0x000002c3903070d0, 0x000002c390307f70, 0x000002c3903086c0, 0x000002c38d556250,
0x000002c38d554c60, 0x000002c38d553670, 0x000002c38d55b2c0, 0x000002c38d55ba10,
0x000002c38d558e30, 0x000002c38d563db0, 0x000002c38d560a80, 0x000002c38d561920,
0x000002c38d5611d0, 0x000002c38d564c50, 0x000002c38d562070, 0x000002c38d56a410,
0x000002c38d5670e0, 0x000002c38d567830, 0x000002c38d56ab60, 0x000002c38d56b2b0,
0x000002c38d5686d0, 0x000002c38d56ba00, 0x000002c38d56de90, 0x000002c38d56cff0,
0x000002c38d56ed30, 0x000002c38d56e5e0, 0x000002c38d56c8a0, 0x000002c38d56f480,
0x000002c38d56c150, 0x000002c38d56d740, 0x000002c38d572060, 0x000002c38d571910,
0x000002c38d570320, 0x000002c38feb51f0, 0x000002c38feb67e0, 0x000002c38feca250,
0x000002c38fecb0f0, 0x000002c38fec7dc0, 0x000002c38fecc6e0, 0x000002c38fec9b00,
0x000002c38fecdcd0, 0x000002c38fecfa10, 0x000002c38fece420, 0x000002c38fecf2c0,
0x000002c38feceb70, 0x000002c38fecd580, 0x000002c38fed0160, 0x000002c38fecce30,
0x000002c38feb9b10, 0x000002c38feb6f30, 0x000002c38feba9b0, 0x000002c38feb7dd0,
0x000002c38febb850, 0x000002c38feb8520, 0x000002c38febe430, 0x000002c38febbfa0,
0x000002c38fed08b0, 0x000002c38fed1000, 0x000002c38fed1750, 0x000002c38fed3490,
0x000002c38fed1ea0, 0x000002c38fed25f0, 0x000002c38fed2d40, 0x000002c391094f80,
0x000002c391094830, 0x000002c391095e20, 0x000002c3910956d0, 0x000002c391092af0,
0x000002c391093240, 0x000002c3910998a0, 0x000002c391096cc0, 0x000002c39109da70,
0x000002c391091500, 0x000002c391091c50, 0x000002c39109cbd0, 0x000002c39109e1c0,
0x000002c39109e910, 0x000002c39109c480, 0x000002c39109f060, 0x000002c39109f7b0,
0x000002c3910a2ae0, 0x000002c39109ff00, 0x000002c3910a0650, 0x000002c3910a6cb0,
0x000002c3910a40d0, 0x000002c3910a9890, 0x000002c3910a9fe0, 0x000002c3910a7b50,
0x000002c3910a82a0, 0x000002c391097b60, 0x000002c391098a00, 0x000002c391090660,
0x000002c391097410, 0x000002c39109b5e0, 0x000002c39109bd30
}

Java Threads: ( => current thread )
  0x000002bb2f1eaaf0 JavaThread "main"                              [_thread_blocked, id=18040, stack(0x000000fded000000,0x000000fded100000) (1024K)]
  0x000002bb28070af0 JavaThread "Reference Handler"          daemon [_thread_blocked, id=22276, stack(0x000000fded800000,0x000000fded900000) (1024K)]
  0x000002bb28071430 JavaThread "Finalizer"                  daemon [_thread_blocked, id=13336, stack(0x000000fded900000,0x000000fdeda00000) (1024K)]
  0x000002bb280768e0 JavaThread "Signal Dispatcher"          daemon [_thread_blocked, id=9124, stack(0x000000fdeda00000,0x000000fdedb00000) (1024K)]
  0x000002bb28077410 JavaThread "Attach Listener"            daemon [_thread_blocked, id=45644, stack(0x000000fdedb00000,0x000000fdedc00000) (1024K)]
  0x000002bb28077f40 JavaThread "Service Thread"             daemon [_thread_blocked, id=39464, stack(0x000000fdedc00000,0x000000fdedd00000) (1024K)]
  0x000002bb28078ba0 JavaThread "Monitor Deflation Thread"   daemon [_thread_blocked, id=47940, stack(0x000000fdedd00000,0x000000fdede00000) (1024K)]
  0x000002bb2808e5b0 JavaThread "C2 CompilerThread0"         daemon [_thread_blocked, id=15108, stack(0x000000fdede00000,0x000000fdedf00000) (1024K)]
  0x000002bb2807ab40 JavaThread "C1 CompilerThread0"         daemon [_thread_blocked, id=29376, stack(0x000000fdedf00000,0x000000fdee000000) (1024K)]
  0x000002c38710b720 JavaThread "Notification Thread"        daemon [_thread_blocked, id=26544, stack(0x000000fdee000000,0x000000fdee100000) (1024K)]
  0x000002c387112a90 JavaThread "Common-Cleaner"             daemon [_thread_blocked, id=52508, stack(0x000000fdee100000,0x000000fdee200000) (1024K)]
  0x000002c38711e300 JavaThread "C1 CompilerThread1"         daemon [_thread_blocked, id=13992, stack(0x000000fdee200000,0x000000fdee300000) (1024K)]
  0x000002c387139d40 JavaThread "C1 CompilerThread2"         daemon [_thread_blocked, id=28488, stack(0x000000fdee300000,0x000000fdee400000) (1024K)]
  0x000002c3871a54f0 JavaThread "C2 CompilerThread1"         daemon [_thread_blocked, id=42348, stack(0x000000fdee400000,0x000000fdee500000) (1024K)]
  0x000002c3873826b0 JavaThread "status"                     daemon [_thread_blocked, id=32252, stack(0x000000fdee500000,0x000000fdee600000) (1024K)]
  0x000002c387d0a2a0 JavaThread "Cache cleaner"              daemon [_thread_blocked, id=37824, stack(0x000000fdee700000,0x000000fdee800000) (1024K)]
  0x000002c38c039d70 JavaThread "C2 CompilerThread2"         daemon [_thread_blocked, id=51908, stack(0x000000fdee800000,0x000000fdee900000) (1024K)]
  0x000002c38c1ec1a0 JavaThread "C2 CompilerThread3"         daemon [_thread_blocked, id=51016, stack(0x000000fdf0700000,0x000000fdf0800000) (1024K)]
  0x000002c38d77fa40 JavaThread "C1 CompilerThread3"         daemon [_thread_blocked, id=41792, stack(0x000000fdee600000,0x000000fdee700000) (1024K)]
  0x000002c38d7b0020 JavaThread "C2 CompilerThread4"         daemon [_thread_blocked, id=51864, stack(0x000000fdee900000,0x000000fdeea00000) (1024K)]
  0x000002c38db85670 JavaThread "C2 CompilerThread5"         daemon [_thread_blocked, id=31884, stack(0x000000fdf1300000,0x000000fdf1400000) (1024K)]
  0x000002c38d761f60 JavaThread "C2 CompilerThread6"         daemon [_thread_blocked, id=34440, stack(0x000000fdeea00000,0x000000fdeeb00000) (1024K)]
  0x000002c38c145c50 JavaThread "pool-6-thread-1"                   [_thread_blocked, id=9588, stack(0x000000fdeec00000,0x000000fdeed00000) (1024K)]
  0x000002c38c146af0 JavaThread "pool-6-thread-2"                   [_thread_blocked, id=30504, stack(0x000000fdeed00000,0x000000fdeee00000) (1024K)]
  0x000002c38c1463a0 JavaThread "pool-6-thread-3"                   [_thread_blocked, id=32132, stack(0x000000fdeee00000,0x000000fdeef00000) (1024K)]
  0x000002c38c147240 JavaThread "pool-6-thread-4"                   [_thread_blocked, id=3224, stack(0x000000fdefc00000,0x000000fdefd00000) (1024K)]
  0x000002c38c1480e0 JavaThread "pool-6-thread-5"                   [_thread_blocked, id=4780, stack(0x000000fdefd00000,0x000000fdefe00000) (1024K)]
  0x000002c38c144db0 JavaThread "pool-6-thread-6"                   [_thread_blocked, id=11392, stack(0x000000fdefe00000,0x000000fdeff00000) (1024K)]
  0x000002c38c148f80 JavaThread "pool-6-thread-7"                   [_thread_blocked, id=36112, stack(0x000000fdeff00000,0x000000fdf0000000) (1024K)]
  0x000002c38c148830 JavaThread "pool-6-thread-8"                   [_thread_blocked, id=38904, stack(0x000000fdf0000000,0x000000fdf0100000) (1024K)]
  0x000002c38c14a570 JavaThread "pool-6-thread-9"                   [_thread_blocked, id=48456, stack(0x000000fdf0100000,0x000000fdf0200000) (1024K)]
  0x000002c38c14acc0 JavaThread "pool-6-thread-10"                  [_thread_blocked, id=13596, stack(0x000000fdf0200000,0x000000fdf0300000) (1024K)]
  0x000002c38c1496d0 JavaThread "pool-6-thread-11"                  [_thread_blocked, id=41492, stack(0x000000fdf0300000,0x000000fdf0400000) (1024K)]
  0x000002c38c149e20 JavaThread "pool-6-thread-12"                  [_thread_blocked, id=8260, stack(0x000000fdf0400000,0x000000fdf0500000) (1024K)]
  0x000002c38c147990 JavaThread "pool-6-thread-13"                  [_thread_blocked, id=14416, stack(0x000000fdf0500000,0x000000fdf0600000) (1024K)]
  0x000002c38c14b410 JavaThread "pool-6-thread-14"                  [_thread_blocked, id=37352, stack(0x000000fdf0600000,0x000000fdf0700000) (1024K)]
  0x000002c38c14c2b0 JavaThread "pool-6-thread-15"                  [_thread_blocked, id=48652, stack(0x000000fdf0800000,0x000000fdf0900000) (1024K)]
  0x000002c38c419990 JavaThread "pool-6-thread-16"                  [_thread_blocked, id=2584, stack(0x000000fdf0900000,0x000000fdf0a00000) (1024K)]
  0x000002c38c41a0e0 JavaThread "pool-6-thread-17"                  [_thread_blocked, id=31512, stack(0x000000fdf0e00000,0x000000fdf0f00000) (1024K)]
  0x000002c38c417c50 JavaThread "pool-6-thread-18"                  [_thread_blocked, id=1832, stack(0x000000fdf0f00000,0x000000fdf1000000) (1024K)]
  0x000002c38c41a830 JavaThread "pool-6-thread-19"                  [_thread_blocked, id=28416, stack(0x000000fdf1000000,0x000000fdf1100000) (1024K)]
  0x000002c38c417500 JavaThread "pool-6-thread-20"                  [_thread_blocked, id=47380, stack(0x000000fdf1100000,0x000000fdf1200000) (1024K)]
  0x000002c38c4183a0 JavaThread "pool-6-thread-21"                  [_thread_blocked, id=37620, stack(0x000000fdf1200000,0x000000fdf1300000) (1024K)]
  0x000002c38c418af0 JavaThread "pool-6-thread-22"                  [_thread_blocked, id=34528, stack(0x000000fdf1400000,0x000000fdf1500000) (1024K)]
  0x000002c38db01fe0 JavaThread "pool-6-thread-23"                  [_thread_blocked, id=46536, stack(0x000000fdf1500000,0x000000fdf1600000) (1024K)]
  0x000002c38db02730 JavaThread "pool-2-thread-1"                   [_thread_blocked, id=44508, stack(0x000000fdf1600000,0x000000fdf1700000) (1024K)]
  0x000002c38db01890 JavaThread "pool-2-thread-2"                   [_thread_blocked, id=25312, stack(0x000000fdf1700000,0x000000fdf1800000) (1024K)]
  0x000002c38db03d20 JavaThread "pool-2-thread-3"                   [_thread_blocked, id=46440, stack(0x000000fdf1800000,0x000000fdf1900000) (1024K)]
  0x000002c38db02e80 JavaThread "pool-2-thread-6"                   [_thread_blocked, id=5172, stack(0x000000fdf1900000,0x000000fdf1a00000) (1024K)]
  0x000002c38db035d0 JavaThread "pool-2-thread-7"                   [_thread_blocked, id=40532, stack(0x000000fdf1a00000,0x000000fdf1b00000) (1024K)]
  0x000002c38db009f0 JavaThread "pool-2-thread-5"                   [_thread_blocked, id=12008, stack(0x000000fdf1b00000,0x000000fdf1c00000) (1024K)]
  0x000002c38db04470 JavaThread "pool-2-thread-4"                   [_thread_blocked, id=31144, stack(0x000000fdf1c00000,0x000000fdf1d00000) (1024K)]
  0x000002c38db01140 JavaThread "pool-2-thread-8"                   [_thread_blocked, id=33548, stack(0x000000fdf1d00000,0x000000fdf1e00000) (1024K)]
  0x000002c38db061b0 JavaThread "pool-2-thread-9"                   [_thread_blocked, id=50688, stack(0x000000fdf1e00000,0x000000fdf1f00000) (1024K)]
  0x000002c38db077a0 JavaThread "pool-2-thread-10"                  [_thread_blocked, id=49892, stack(0x000000fdf1f00000,0x000000fdf2000000) (1024K)]
  0x000002c38db07ef0 JavaThread "pool-2-thread-11"                  [_thread_blocked, id=38376, stack(0x000000fdf2000000,0x000000fdf2100000) (1024K)]
  0x000002c38db04bc0 JavaThread "pool-2-thread-12"                  [_thread_blocked, id=50012, stack(0x000000fdf2100000,0x000000fdf2200000) (1024K)]
  0x000002c38db06900 JavaThread "pool-2-thread-13"                  [_thread_blocked, id=36116, stack(0x000000fdf2200000,0x000000fdf2300000) (1024K)]
  0x000002c38db07050 JavaThread "pool-2-thread-14"                  [_thread_blocked, id=34424, stack(0x000000fdf2300000,0x000000fdf2400000) (1024K)]
  0x000002c38db05310 JavaThread "pool-2-thread-15"                  [_thread_blocked, id=23092, stack(0x000000fdf2400000,0x000000fdf2500000) (1024K)]
  0x000002c38db05a60 JavaThread "pool-2-thread-16"                  [_thread_blocked, id=33892, stack(0x000000fdf2500000,0x000000fdf2600000) (1024K)]
  0x000002c38f461c20 JavaThread "pool-2-thread-17"                  [_thread_blocked, id=20436, stack(0x000000fdf2600000,0x000000fdf2700000) (1024K)]
  0x000002c38f45e8f0 JavaThread "pool-2-thread-18"                  [_thread_blocked, id=34972, stack(0x000000fdf2700000,0x000000fdf2800000) (1024K)]
  0x000002c38f462370 JavaThread "pool-2-thread-30"                  [_thread_blocked, id=50552, stack(0x000000fdf2800000,0x000000fdf2900000) (1024K)]
  0x000002c38f45fee0 JavaThread "pool-2-thread-20"                  [_thread_blocked, id=49008, stack(0x000000fdf2900000,0x000000fdf2a00000) (1024K)]
  0x000002c38f45f040 JavaThread "pool-2-thread-21"                  [_thread_blocked, id=28912, stack(0x000000fdf2a00000,0x000000fdf2b00000) (1024K)]
  0x000002c38f460630 JavaThread "pool-2-thread-22"                  [_thread_blocked, id=8896, stack(0x000000fdf2b00000,0x000000fdf2c00000) (1024K)]
  0x000002c38f462ac0 JavaThread "pool-2-thread-23"                  [_thread_blocked, id=44564, stack(0x000000fdf2c00000,0x000000fdf2d00000) (1024K)]
  0x000002c38f460d80 JavaThread "pool-2-thread-24"                  [_thread_blocked, id=38656, stack(0x000000fdf2d00000,0x000000fdf2e00000) (1024K)]
  0x000002c38f45f790 JavaThread "pool-2-thread-26"                  [_thread_blocked, id=40104, stack(0x000000fdf2e00000,0x000000fdf2f00000) (1024K)]
  0x000002c38f464800 JavaThread "pool-2-thread-25"                  [_thread_blocked, id=8784, stack(0x000000fdf2f00000,0x000000fdf3000000) (1024K)]
  0x000002c38f4614d0 JavaThread "pool-2-thread-27"                  [_thread_blocked, id=50032, stack(0x000000fdf3000000,0x000000fdf3100000) (1024K)]
  0x000002c38f463960 JavaThread "pool-2-thread-28"                  [_thread_blocked, id=42964, stack(0x000000fdf3100000,0x000000fdf3200000) (1024K)]
  0x000002c38f4640b0 JavaThread "pool-2-thread-29"                  [_thread_blocked, id=40804, stack(0x000000fdf3200000,0x000000fdf3300000) (1024K)]
  0x000002c38f463210 JavaThread "pool-2-thread-19"                  [_thread_blocked, id=4820, stack(0x000000fdf3300000,0x000000fdf3400000) (1024K)]
  0x000002c38f464f50 JavaThread "pool-2-thread-31"                  [_thread_blocked, id=51392, stack(0x000000fdf3400000,0x000000fdf3500000) (1024K)]
  0x000002c38f4656a0 JavaThread "pool-2-thread-33"                  [_thread_blocked, id=47080, stack(0x000000fdf3500000,0x000000fdf3600000) (1024K)]
  0x000002c38f465df0 JavaThread "pool-2-thread-32"                  [_thread_blocked, id=38108, stack(0x000000fdf3600000,0x000000fdf3700000) (1024K)]
  0x000002c38cf0f520 JavaThread "pool-2-thread-34"                  [_thread_blocked, id=31392, stack(0x000000fdf3700000,0x000000fdf3800000) (1024K)]
  0x000002c38cf0fc70 JavaThread "pool-2-thread-35"                  [_thread_blocked, id=35516, stack(0x000000fdf3800000,0x000000fdf3900000) (1024K)]
  0x000002c38cf103c0 JavaThread "pool-2-thread-36"                  [_thread_blocked, id=21612, stack(0x000000fdf3900000,0x000000fdf3a00000) (1024K)]
  0x000002c38cf0df30 JavaThread "pool-2-thread-38"                  [_thread_blocked, id=45876, stack(0x000000fdf3a00000,0x000000fdf3b00000) (1024K)]
  0x000002c38cf0e680 JavaThread "pool-2-thread-37"                  [_thread_blocked, id=43752, stack(0x000000fdf3b00000,0x000000fdf3c00000) (1024K)]
  0x000002c38cf0d7e0 JavaThread "pool-2-thread-39"                  [_thread_blocked, id=11200, stack(0x000000fdf3c00000,0x000000fdf3d00000) (1024K)]
  0x000002c38cf0d090 JavaThread "pool-2-thread-40"                  [_thread_blocked, id=27596, stack(0x000000fdf3d00000,0x000000fdf3e00000) (1024K)]
  0x000002c38cf10b10 JavaThread "pool-2-thread-41"                  [_thread_blocked, id=40240, stack(0x000000fdf3e00000,0x000000fdf3f00000) (1024K)]
  0x000002c38cf11260 JavaThread "pool-2-thread-42"                  [_thread_blocked, id=26904, stack(0x000000fdf3f00000,0x000000fdf4000000) (1024K)]
  0x000002c38cf119b0 JavaThread "pool-2-thread-43"                  [_thread_blocked, id=44348, stack(0x000000fdf4000000,0x000000fdf4100000) (1024K)]
  0x000002c38cf12100 JavaThread "pool-2-thread-45"                  [_thread_blocked, id=23108, stack(0x000000fdf4100000,0x000000fdf4200000) (1024K)]
  0x000002c38cf0edd0 JavaThread "pool-2-thread-44"                  [_thread_blocked, id=48436, stack(0x000000fdf4200000,0x000000fdf4300000) (1024K)]
  0x000002c38cf12850 JavaThread "pool-2-thread-46"                  [_thread_blocked, id=27156, stack(0x000000fdf4300000,0x000000fdf4400000) (1024K)]
  0x000002c38d66bf30 JavaThread "pool-2-thread-47"                  [_thread_blocked, id=41700, stack(0x000000fdfd000000,0x000000fdfd100000) (1024K)]
  0x000002c38d66d520 JavaThread "pool-2-thread-48"                  [_thread_blocked, id=39520, stack(0x000000fdfd100000,0x000000fdfd200000) (1024K)]
  0x000002c38d66e3c0 JavaThread "pool-2-thread-49"                  [_thread_blocked, id=29228, stack(0x000000fdfd200000,0x000000fdfd300000) (1024K)]
  0x000002c38d66cdd0 JavaThread "pool-2-thread-50"                  [_thread_blocked, id=9564, stack(0x000000fdfd300000,0x000000fdfd400000) (1024K)]
  0x000002c38e097500 JavaThread "C2 CompilerThread7"         daemon [_thread_blocked, id=50592, stack(0x000000fdfd400000,0x000000fdfd500000) (1024K)]
  0x000002c38d670fa0 JavaThread "pool-2-thread-51"                  [_thread_blocked, id=53228, stack(0x000000fdfd500000,0x000000fdfd600000) (1024K)]
  0x000002c38d66eb10 JavaThread "pool-2-thread-52"                  [_thread_blocked, id=14948, stack(0x000000fdfd600000,0x000000fdfd700000) (1024K)]
  0x000002c38d66dc70 JavaThread "pool-2-thread-53"                  [_thread_blocked, id=36168, stack(0x000000fdfd700000,0x000000fdfd800000) (1024K)]
  0x000002c38d6716f0 JavaThread "pool-2-thread-55"                  [_thread_blocked, id=33744, stack(0x000000fdfdb00000,0x000000fdfdc00000) (1024K)]
  0x000002c38d670100 JavaThread "pool-2-thread-56"                  [_thread_blocked, id=37524, stack(0x000000fdfdc00000,0x000000fdfdd00000) (1024K)]
  0x000002c38d672590 JavaThread "pool-2-thread-54"                  [_thread_blocked, id=14312, stack(0x000000fdfdd00000,0x000000fdfde00000) (1024K)]
  0x000002c38d6742d0 JavaThread "pool-2-thread-57"                  [_thread_blocked, id=5856, stack(0x000000fdfe700000,0x000000fdfe800000) (1024K)]
  0x000002c38d67a930 JavaThread "pool-2-thread-62"                  [_thread_blocked, id=5768, stack(0x000000fdff000000,0x000000fdff100000) (1024K)]
  0x000002c38d67b080 JavaThread "pool-2-thread-58"                  [_thread_blocked, id=43392, stack(0x000000fdff100000,0x000000fdff200000) (1024K)]
  0x000002c38e8b6320 JavaThread "pool-2-thread-59"                  [_thread_blocked, id=34264, stack(0x000000fdff200000,0x000000fdff300000) (1024K)]
  0x000002c38ef67a20 JavaThread "pool-2-thread-61"                  [_thread_blocked, id=41424, stack(0x000000fdff300000,0x000000fdff400000) (1024K)]
  0x000002c38ef672d0 JavaThread "pool-2-thread-66"                  [_thread_blocked, id=52340, stack(0x000000fdff400000,0x000000fdff500000) (1024K)]
  0x000002c38ef68170 JavaThread "pool-2-thread-60"                  [_thread_blocked, id=52468, stack(0x000000fdff500000,0x000000fdff600000) (1024K)]
  0x000002c38ef64e40 JavaThread "pool-2-thread-63"                  [_thread_blocked, id=52492, stack(0x000000fdff600000,0x000000fdff700000) (1024K)]
  0x000002c38ef688c0 JavaThread "pool-2-thread-64"                  [_thread_blocked, id=41480, stack(0x000000fdff700000,0x000000fdff800000) (1024K)]
  0x000002c38ef66b80 JavaThread "pool-2-thread-65"                  [_thread_blocked, id=22504, stack(0x000000fdff800000,0x000000fdff900000) (1024K)]
  0x000002c38ef65590 JavaThread "pool-2-thread-67"                  [_thread_blocked, id=51412, stack(0x000000fdff900000,0x000000fdffa00000) (1024K)]
  0x000002c38ef69010 JavaThread "pool-2-thread-68"                  [_thread_blocked, id=35468, stack(0x000000fdffc00000,0x000000fdffd00000) (1024K)]
  0x000002c38ef66430 JavaThread "pool-2-thread-69"                  [_thread_blocked, id=52632, stack(0x000000fdffd00000,0x000000fdffe00000) (1024K)]
  0x000002c38ef6c340 JavaThread "pool-2-thread-70"                  [_thread_blocked, id=49316, stack(0x000000fdffe00000,0x000000fdfff00000) (1024K)]
  0x000002c38ef6ca90 JavaThread "pool-2-thread-71"                  [_thread_blocked, id=37880, stack(0x000000fdfff00000,0x000000fe00000000) (1024K)]
  0x000002c38ef6b4a0 JavaThread "pool-2-thread-81"                  [_thread_blocked, id=52724, stack(0x000000fd80000000,0x000000fd80100000) (1024K)]
  0x000002c38ef6bbf0 JavaThread "pool-2-thread-75"                  [_thread_blocked, id=48380, stack(0x000000fd80400000,0x000000fd80500000) (1024K)]
  0x000002c38ef6d930 JavaThread "pool-2-thread-76"                  [_thread_blocked, id=32020, stack(0x000000fd80500000,0x000000fd80600000) (1024K)]
  0x000002c38ef713b0 JavaThread "pool-2-thread-90"                  [_thread_blocked, id=52304, stack(0x000000fd81300000,0x000000fd81400000) (1024K)]
  0x000002c38ef730f0 JavaThread "pool-2-thread-78"                  [_thread_blocked, id=52420, stack(0x000000fd81400000,0x000000fd81500000) (1024K)]
  0x000002c3902ec160 JavaThread "pool-2-thread-79"                  [_thread_blocked, id=33400, stack(0x000000fd81500000,0x000000fd81600000) (1024K)]
  0x000002c3902eba10 JavaThread "pool-2-thread-80"                  [_thread_blocked, id=22212, stack(0x000000fd81600000,0x000000fd81700000) (1024K)]
  0x000002c3902ec8b0 JavaThread "pool-2-thread-72"                  [_thread_blocked, id=45472, stack(0x000000fd81700000,0x000000fd81800000) (1024K)]
  0x000002c3902e9cd0 JavaThread "pool-2-thread-82"                  [_thread_blocked, id=7508, stack(0x000000fd81800000,0x000000fd81900000) (1024K)]
  0x000002c3902ea420 JavaThread "pool-2-thread-83"                  [_thread_blocked, id=52156, stack(0x000000fd81900000,0x000000fd81a00000) (1024K)]
  0x000002c3902eab70 JavaThread "pool-2-thread-84"                  [_thread_blocked, id=7544, stack(0x000000fd81a00000,0x000000fd81b00000) (1024K)]
  0x000002c3902e9580 JavaThread "pool-2-thread-85"                  [_thread_blocked, id=49756, stack(0x000000fd81b00000,0x000000fd81c00000) (1024K)]
  0x000002c3902ed750 JavaThread "pool-2-thread-86"                  [_thread_blocked, id=32084, stack(0x000000fd81c00000,0x000000fd81d00000) (1024K)]
  0x000002c3902edea0 JavaThread "pool-2-thread-73"                  [_thread_blocked, id=44596, stack(0x000000fd81d00000,0x000000fd81e00000) (1024K)]
  0x000002c3902ed000 JavaThread "pool-2-thread-74"                  [_thread_blocked, id=23136, stack(0x000000fd81e00000,0x000000fd81f00000) (1024K)]
  0x000002c3902ee5f0 JavaThread "pool-2-thread-87"                  [_thread_blocked, id=48920, stack(0x000000fd81f00000,0x000000fd82000000) (1024K)]
  0x000002c3902eb2c0 JavaThread "pool-2-thread-88"                  [_thread_blocked, id=23264, stack(0x000000fd82000000,0x000000fd82100000) (1024K)]
  0x000002c3902f2070 JavaThread "pool-2-thread-89"                  [_thread_blocked, id=38112, stack(0x000000fd82100000,0x000000fd82200000) (1024K)]
  0x000002c3902ef490 JavaThread "pool-2-thread-91"                  [_thread_blocked, id=20448, stack(0x000000fd82200000,0x000000fd82300000) (1024K)]
  0x000002c3902f11d0 JavaThread "pool-2-thread-92"                  [_thread_blocked, id=33584, stack(0x000000fd82300000,0x000000fd82400000) (1024K)]
  0x000002c3902f0a80 JavaThread "pool-2-thread-77"                  [_thread_blocked, id=5804, stack(0x000000fd82400000,0x000000fd82500000) (1024K)]
  0x000002c3902f0330 JavaThread "pool-2-thread-93"                  [_thread_blocked, id=18196, stack(0x000000fd82500000,0x000000fd82600000) (1024K)]
  0x000002c3902f1920 JavaThread "pool-2-thread-94"                  [_thread_blocked, id=29088, stack(0x000000fd82600000,0x000000fd82700000) (1024K)]
  0x000002c3902eed40 JavaThread "pool-2-thread-95"                  [_thread_blocked, id=42272, stack(0x000000fd82700000,0x000000fd82800000) (1024K)]
  0x000002c3902f27c0 JavaThread "pool-2-thread-96"                  [_thread_blocked, id=35332, stack(0x000000fd82800000,0x000000fd82900000) (1024K)]
  0x000002c3902f2f10 JavaThread "pool-2-thread-97"                  [_thread_blocked, id=53188, stack(0x000000fd82900000,0x000000fd82a00000) (1024K)]
  0x000002c3902efbe0 JavaThread "pool-2-thread-98"                  [_thread_blocked, id=13672, stack(0x000000fd82a00000,0x000000fd82b00000) (1024K)]
  0x000002c3902f53a0 JavaThread "pool-2-thread-105"                 [_thread_blocked, id=52208, stack(0x000000fd82b00000,0x000000fd82c00000) (1024K)]
  0x000002c3902f4c50 JavaThread "pool-2-thread-100"                 [_thread_blocked, id=38424, stack(0x000000fd82c00000,0x000000fd82d00000) (1024K)]
  0x000002c3902f6240 JavaThread "pool-2-thread-101"                 [_thread_blocked, id=46976, stack(0x000000fd82d00000,0x000000fd82e00000) (1024K)]
  0x000002c3902f6990 JavaThread "pool-2-thread-102"                 [_thread_blocked, id=22344, stack(0x000000fd82e00000,0x000000fd82f00000) (1024K)]
  0x000002c3902f3660 JavaThread "pool-2-thread-103"                 [_thread_blocked, id=52676, stack(0x000000fd83100000,0x000000fd83200000) (1024K)]
  0x000002c3902f70e0 JavaThread "pool-2-thread-104"                 [_thread_blocked, id=35532, stack(0x000000fd83200000,0x000000fd83300000) (1024K)]
  0x000002c3902f7830 JavaThread "pool-2-thread-99"                  [_thread_blocked, id=4776, stack(0x000000fd83300000,0x000000fd83400000) (1024K)]
  0x000002c3902f8e20 JavaThread "pool-2-thread-109"                 [_thread_blocked, id=30704, stack(0x000000fd83900000,0x000000fd83a00000) (1024K)]
  0x000002c3902fc8a0 JavaThread "pool-2-thread-110"                 [_thread_blocked, id=41240, stack(0x000000fd83a00000,0x000000fd83b00000) (1024K)]
  0x000002c3902f9570 JavaThread "pool-2-thread-111"                 [_thread_blocked, id=45112, stack(0x000000fd83b00000,0x000000fd83c00000) (1024K)]
  0x000002c3902fb2b0 JavaThread "pool-2-thread-112"                 [_thread_blocked, id=37124, stack(0x000000fd83e00000,0x000000fd83f00000) (1024K)]
  0x000002c3902fa410 JavaThread "pool-2-thread-113"                 [_thread_blocked, id=52392, stack(0x000000fd83f00000,0x000000fd84000000) (1024K)]
  0x000002c3902fde90 JavaThread "pool-2-thread-114"                 [_thread_blocked, id=30872, stack(0x000000fd84000000,0x000000fd84100000) (1024K)]
  0x000002c3902fab60 JavaThread "pool-2-thread-106"                 [_thread_blocked, id=44028, stack(0x000000fd84100000,0x000000fd84200000) (1024K)]
  0x000002c3902fe5e0 JavaThread "pool-2-thread-115"                 [_thread_blocked, id=30356, stack(0x000000fd84200000,0x000000fd84300000) (1024K)]
  0x000002c3902fed30 JavaThread "pool-2-thread-107"                 [_thread_blocked, id=35012, stack(0x000000fd84300000,0x000000fd84400000) (1024K)]
  0x000002c3902fba00 JavaThread "pool-2-thread-108"                 [_thread_blocked, id=34904, stack(0x000000fd84400000,0x000000fd84500000) (1024K)]
  0x000002c3902ffbd0 JavaThread "pool-2-thread-116"                 [_thread_blocked, id=9568, stack(0x000000fd84500000,0x000000fd84600000) (1024K)]
  0x000002c3903027b0 JavaThread "pool-2-thread-117"                 [_thread_blocked, id=49568, stack(0x000000fd84700000,0x000000fd84800000) (1024K)]
  0x000002c3902ff480 JavaThread "pool-2-thread-118"                 [_thread_blocked, id=31792, stack(0x000000fd84800000,0x000000fd84900000) (1024K)]
  0x000002c394a04160 JavaThread "pool-169-thread-1"                 [_thread_blocked, id=13604, stack(0x000000fd80600000,0x000000fd80700000) (1024K)]
  0x000002c394a02b70 JavaThread "pool-169-thread-2"                 [_thread_blocked, id=12392, stack(0x000000fd80700000,0x000000fd80800000) (1024K)]
  0x000002c394a03a10 JavaThread "pool-169-thread-3"                 [_thread_blocked, id=28780, stack(0x000000fd80a00000,0x000000fd80b00000) (1024K)]
  0x000002c394a032c0 JavaThread "pool-169-thread-4"                 [_thread_blocked, id=44676, stack(0x000000fd80c00000,0x000000fd80d00000) (1024K)]
  0x000002c394a048b0 JavaThread "pool-169-thread-5"                 [_thread_blocked, id=52656, stack(0x000000fd81100000,0x000000fd81200000) (1024K)]
  0x000002c394a01580 JavaThread "pool-169-thread-6"                 [_thread_blocked, id=46472, stack(0x000000fd83700000,0x000000fd83800000) (1024K)]
  0x000002c394a06d40 JavaThread "pool-169-thread-7"                 [_thread_blocked, id=14712, stack(0x000000fd83c00000,0x000000fd83d00000) (1024K)]
  0x000002c394a07490 JavaThread "pool-169-thread-8"                 [_thread_blocked, id=23472, stack(0x000000fd84600000,0x000000fd84700000) (1024K)]
  0x000002c394a08330 JavaThread "pool-170-thread-1"                 [_thread_blocked, id=34208, stack(0x000000fd84d00000,0x000000fd84e00000) (1024K)]
  0x000002c3949ff840 JavaThread "pool-169-thread-9"                 [_thread_blocked, id=46972, stack(0x000000fd84f00000,0x000000fd85000000) (1024K)]
  0x000002c3949fcc60 JavaThread "pool-169-thread-10"                [_thread_blocked, id=37700, stack(0x000000fd85000000,0x000000fd85100000) (1024K)]
  0x000002c3949fe250 JavaThread "pool-169-thread-11"                [_thread_blocked, id=49504, stack(0x000000fd85100000,0x000000fd85200000) (1024K)]
  0x000002c3949ff0f0 JavaThread "pool-169-thread-12"                [_thread_blocked, id=9648, stack(0x000000fd85600000,0x000000fd85700000) (1024K)]
  0x000002c3949fbdc0 JavaThread "pool-169-thread-13"                [_thread_blocked, id=13680, stack(0x000000fd85700000,0x000000fd85800000) (1024K)]
  0x000002c394a006e0 JavaThread "pool-170-thread-2"                 [_thread_blocked, id=52424, stack(0x000000fd85e00000,0x000000fd85f00000) (1024K)]
  0x000002c394a05750 JavaThread "pool-169-thread-14"                [_thread_blocked, id=35956, stack(0x000000fd80300000,0x000000fd80400000) (1024K)]
  0x000002c394a065f0 JavaThread "pool-175-thread-1"                 [_thread_blocked, id=44700, stack(0x000000fd83500000,0x000000fd83600000) (1024K)]
  0x000002c38d555b00 JavaThread "pool-179-thread-1"                 [_thread_blocked, id=52788, stack(0x000000fd80900000,0x000000fd80a00000) (1024K)]
  0x000002c38d5569a0 JavaThread "pool-169-thread-15"                [_thread_blocked, id=29532, stack(0x000000fd86800000,0x000000fd86900000) (1024K)]
  0x000002c38d5570f0 JavaThread "pool-170-thread-3"                 [_thread_blocked, id=53040, stack(0x000000fd86900000,0x000000fd86a00000) (1024K)]
  0x000002c38d553dc0 JavaThread "pool-170-thread-4"                 [_thread_blocked, id=25472, stack(0x000000fd86b00000,0x000000fd86c00000) (1024K)]
  0x000002c38d557840 JavaThread "pool-170-thread-5"                 [_thread_blocked, id=47852, stack(0x000000fd86e00000,0x000000fd86f00000) (1024K)]
  0x000002c38d554510 JavaThread "pool-170-thread-6"                 [_thread_blocked, id=8280, stack(0x000000fd86f00000,0x000000fd87000000) (1024K)]
  0x000002c38d559cd0 JavaThread "pool-170-thread-7"                 [_thread_blocked, id=47664, stack(0x000000fd87000000,0x000000fd87100000) (1024K)]
  0x000002c38d557f90 JavaThread "pool-170-thread-8"                 [_thread_blocked, id=29812, stack(0x000000fd87100000,0x000000fd87200000) (1024K)]
  0x000002c38d55a420 JavaThread "pool-170-thread-9"                 [_thread_blocked, id=51944, stack(0x000000fd87200000,0x000000fd87300000) (1024K)]
  0x000002c38d55c160 JavaThread "pool-178-thread-1"                 [_thread_blocked, id=33572, stack(0x000000fd87600000,0x000000fd87700000) (1024K)]
  0x000002c38d55ed40 JavaThread "pool-179-thread-2"                 [_thread_blocked, id=39264, stack(0x000000fd87800000,0x000000fd87900000) (1024K)]
  0x000002c38d55c8b0 JavaThread "pool-179-thread-3"                 [_thread_blocked, id=32168, stack(0x000000fd87900000,0x000000fd87a00000) (1024K)]
  0x000002c38d55e5f0 JavaThread "pool-179-thread-4"                 [_thread_blocked, id=44584, stack(0x000000fd87a00000,0x000000fd87b00000) (1024K)]
  0x000002c38d55dea0 JavaThread "pool-179-thread-5"                 [_thread_blocked, id=21924, stack(0x000000fd87b00000,0x000000fd87c00000) (1024K)]
  0x000002c38d560330 JavaThread "pool-169-thread-16"                [_thread_blocked, id=15212, stack(0x000000fd88100000,0x000000fd88200000) (1024K)]
  0x000002c38d55d000 JavaThread "pool-170-thread-10"                [_thread_blocked, id=41460, stack(0x000000fd81000000,0x000000fd81100000) (1024K)]
  0x000002c38d562f10 JavaThread "pool-170-thread-11"                [_thread_blocked, id=52380, stack(0x000000fd88200000,0x000000fd88300000) (1024K)]
  0x000002c38d564500 JavaThread "pool-178-thread-2"                 [_thread_blocked, id=52524, stack(0x000000fd88600000,0x000000fd88700000) (1024K)]
  0x000002c38d568e20 JavaThread "pool-170-thread-12"                [_thread_blocked, id=42856, stack(0x000000fd88d00000,0x000000fd88e00000) (1024K)]
  0x000002c38d567f80 JavaThread "pool-170-thread-13"                [_thread_blocked, id=50824, stack(0x000000fd88e00000,0x000000fd88f00000) (1024K)]
  0x000002c38d569570 JavaThread "pool-178-thread-3"                 [_thread_blocked, id=23300, stack(0x000000fd88f00000,0x000000fd89000000) (1024K)]
  0x000002c38d566990 JavaThread "pool-178-thread-4"                 [_thread_blocked, id=52616, stack(0x000000fd89000000,0x000000fd89100000) (1024K)]
  0x000002c38d5711c0 JavaThread "pool-170-thread-14"                [_thread_blocked, id=52544, stack(0x000000fd8a500000,0x000000fd8a600000) (1024K)]
  0x000002c38d570a70 JavaThread "pool-178-thread-5"                 [_thread_blocked, id=11260, stack(0x000000fd8a900000,0x000000fd8aa00000) (1024K)]
  0x000002c391090db0 JavaThread "pool-179-thread-6"                 [_thread_blocked, id=37372, stack(0x000000fd8aa00000,0x000000fd8ab00000) (1024K)]
  0x000002c3910923a0 JavaThread "pool-169-thread-17"                [_thread_blocked, id=42220, stack(0x000000fd8ae00000,0x000000fd8af00000) (1024K)]
  0x000002c39108ff10 JavaThread "pool-175-thread-2"                 [_thread_blocked, id=35228, stack(0x000000fd8b000000,0x000000fd8b100000) (1024K)]
  0x000002c391096570 JavaThread "pool-170-thread-15"                [_thread_blocked, id=10724, stack(0x000000fd80200000,0x000000fd80300000) (1024K)]
  0x000002c3910940e0 JavaThread "pool-170-thread-16"                [_thread_blocked, id=39104, stack(0x000000fd80b00000,0x000000fd80c00000) (1024K)]
  0x000002c391093990 JavaThread "pool-170-thread-17"                [_thread_blocked, id=19792, stack(0x000000fd8bb00000,0x000000fd8bc00000) (1024K)]
  0x000002c391099ff0 JavaThread "pool-170-thread-18"                [_thread_blocked, id=4304, stack(0x000000fd8bc00000,0x000000fd8bd00000) (1024K)]
  0x000002c3910982b0 JavaThread "pool-178-thread-6"                 [_thread_blocked, id=29448, stack(0x000000fd8bd00000,0x000000fd8be00000) (1024K)]
  0x000002c39109a740 JavaThread "pool-179-thread-7"                 [_thread_blocked, id=18380, stack(0x000000fd8be00000,0x000000fd8bf00000) (1024K)]
  0x000002c39109d320 JavaThread "pool-169-thread-18"                [_thread_blocked, id=25896, stack(0x000000fd8cb00000,0x000000fd8cc00000) (1024K)]
  0x000002c3910a0da0 JavaThread "pool-169-thread-19"                [_thread_blocked, id=34460, stack(0x000000fd8cc00000,0x000000fd8cd00000) (1024K)]
  0x000002c3910a4820 JavaThread "pool-170-thread-19"                [_thread_blocked, id=47756, stack(0x000000fd8cf00000,0x000000fd8d000000) (1024K)]
  0x000002c3910a3980 JavaThread "pool-178-thread-7"                 [_thread_blocked, id=4684, stack(0x000000fd8d000000,0x000000fd8d100000) (1024K)]
  0x000002c3910a14f0 JavaThread "pool-179-thread-8"                 [_thread_blocked, id=44652, stack(0x000000fd8d100000,0x000000fd8d200000) (1024K)]
  0x000002c3910a1c40 JavaThread "pool-185-thread-1"                 [_thread_blocked, id=12152, stack(0x000000fd8d200000,0x000000fd8d300000) (1024K)]
  0x000002c3910a4f70 JavaThread "pool-185-thread-2"                 [_thread_blocked, id=36552, stack(0x000000fd8d300000,0x000000fd8d400000) (1024K)]
  0x000002c3910a56c0 JavaThread "pool-185-thread-3"                 [_thread_blocked, id=33856, stack(0x000000fd8d400000,0x000000fd8d500000) (1024K)]
  0x000002c3910a2390 JavaThread "pool-185-thread-4"                 [_thread_blocked, id=52360, stack(0x000000fd83400000,0x000000fd83500000) (1024K)]
  0x000002c3910a5e10 JavaThread "pool-185-thread-5"                 [_thread_blocked, id=29688, stack(0x000000fd8d500000,0x000000fd8d600000) (1024K)]
  0x000002c3910a6560 JavaThread "pool-185-thread-6"                 [_thread_blocked, id=9552, stack(0x000000fd8d600000,0x000000fd8d700000) (1024K)]
  0x000002c3910a3230 JavaThread "pool-185-thread-7"                 [_thread_blocked, id=40152, stack(0x000000fd8d700000,0x000000fd8d800000) (1024K)]
  0x000002c3910a89f0 JavaThread "pool-169-thread-20"                [_thread_blocked, id=41548, stack(0x000000fd8d800000,0x000000fd8d900000) (1024K)]
  0x000002c3910a9140 JavaThread "pool-187-thread-1"                 [_thread_blocked, id=20244, stack(0x000000fd8af00000,0x000000fd8b000000) (1024K)]
  0x000002c3910aa730 JavaThread "pool-178-thread-8"                 [_thread_blocked, id=23728, stack(0x000000fd8dc00000,0x000000fd8dd00000) (1024K)]
  0x000002c3910a7400 JavaThread "pool-178-thread-9"                 [_thread_blocked, id=31764, stack(0x000000fd8dd00000,0x000000fd8de00000) (1024K)]
  0x000002c3910aae80 JavaThread "pool-178-thread-10"                [_thread_blocked, id=47384, stack(0x000000fd8de00000,0x000000fd8df00000) (1024K)]
  0x000002c3910ac470 JavaThread "pool-185-thread-8"                 [_thread_blocked, id=48000, stack(0x000000fd8e300000,0x000000fd8e400000) (1024K)]
  0x000002c3910af050 JavaThread "pool-169-thread-21"                [_thread_blocked, id=50492, stack(0x000000fd8e400000,0x000000fd8e500000) (1024K)]
  0x000002c3910ad310 JavaThread "pool-187-thread-2"                 [_thread_blocked, id=52500, stack(0x000000fd8e500000,0x000000fd8e600000) (1024K)]
  0x000002c3910ae900 JavaThread "pool-187-thread-3"                 [_thread_blocked, id=52252, stack(0x000000fd8e600000,0x000000fd8e700000) (1024K)]
  0x000002c3910ae1b0 JavaThread "pool-170-thread-20"                [_thread_blocked, id=32032, stack(0x000000fd8e700000,0x000000fd8e800000) (1024K)]
  0x000002c39149b280 JavaThread "pool-179-thread-9"                 [_thread_blocked, id=2760, stack(0x000000fd89a00000,0x000000fd89b00000) (1024K)]
  0x000002c39149e5b0 JavaThread "pool-179-thread-10"                [_thread_blocked, id=9984, stack(0x000000fd8e900000,0x000000fd8ea00000) (1024K)]
  0x000002c39149c870 JavaThread "pool-179-thread-11"                [_thread_blocked, id=23316, stack(0x000000fd8ea00000,0x000000fd8eb00000) (1024K)]
  0x000002c39149b9d0 JavaThread "pool-179-thread-12"                [_thread_blocked, id=25512, stack(0x000000fd8eb00000,0x000000fd8ec00000) (1024K)]
  0x000002c39149f450 JavaThread "pool-179-thread-13"                [_thread_blocked, id=42924, stack(0x000000fd8ec00000,0x000000fd8ed00000) (1024K)]
  0x000002c39149fba0 JavaThread "pool-179-thread-14"                [_thread_blocked, id=20424, stack(0x000000fd8ed00000,0x000000fd8ee00000) (1024K)]
  0x000002c39149cfc0 JavaThread "pool-185-thread-9"                 [_thread_blocked, id=49536, stack(0x000000fd8ee00000,0x000000fd8ef00000) (1024K)]
  0x000002c3914a1190 JavaThread "pool-169-thread-22"                [_thread_blocked, id=41824, stack(0x000000fd8ef00000,0x000000fd8f000000) (1024K)]
  0x000002c3914a3620 JavaThread "pool-188-thread-1"                 [_thread_blocked, id=41012, stack(0x000000fd83000000,0x000000fd83100000) (1024K)]
  0x000002c3914a2780 JavaThread "pool-188-thread-2"                 [_thread_blocked, id=10552, stack(0x000000fd8f000000,0x000000fd8f100000) (1024K)]
  0x000002c3914a2030 JavaThread "pool-188-thread-3"                 [_thread_blocked, id=3196, stack(0x000000fd8f100000,0x000000fd8f200000) (1024K)]
  0x000002c3914a2ed0 JavaThread "pool-188-thread-4"                 [_thread_blocked, id=44696, stack(0x000000fd8f200000,0x000000fd8f300000) (1024K)]
  0x000002c3914a3d70 JavaThread "pool-188-thread-5"                 [_thread_blocked, id=42480, stack(0x000000fd8f300000,0x000000fd8f400000) (1024K)]
  0x000002c3914a0a40 JavaThread "pool-188-thread-6"                 [_thread_blocked, id=16308, stack(0x000000fd8f400000,0x000000fd8f500000) (1024K)]
  0x000002c3914a6200 JavaThread "pool-188-thread-7"                 [_thread_blocked, id=27608, stack(0x000000fd8f500000,0x000000fd8f600000) (1024K)]
  0x000002c3914a4c10 JavaThread "pool-188-thread-8"                 [_thread_blocked, id=33808, stack(0x000000fd8f600000,0x000000fd8f700000) (1024K)]
  0x000002c3914a6950 JavaThread "pool-188-thread-9"                 [_thread_blocked, id=13332, stack(0x000000fd8f700000,0x000000fd8f800000) (1024K)]
  0x000002c3914a5360 JavaThread "pool-188-thread-10"                [_thread_blocked, id=52548, stack(0x000000fd8f800000,0x000000fd8f900000) (1024K)]
  0x000002c3914a70a0 JavaThread "pool-188-thread-11"                [_thread_blocked, id=7012, stack(0x000000fd8f900000,0x000000fd8fa00000) (1024K)]
  0x000002c3914a77f0 JavaThread "pool-188-thread-12"                [_thread_blocked, id=17888, stack(0x000000fd8fa00000,0x000000fd8fb00000) (1024K)]
  0x000002c3914a44c0 JavaThread "pool-188-thread-13"                [_thread_blocked, id=13144, stack(0x000000fd8fb00000,0x000000fd8fc00000) (1024K)]
  0x000002c3914a7f40 JavaThread "pool-188-thread-14"                [_thread_blocked, id=32428, stack(0x000000fd8fd00000,0x000000fd8fe00000) (1024K)]
  0x000002c3914a8690 JavaThread "pool-188-thread-15"                [_thread_blocked, id=18452, stack(0x000000fd8fe00000,0x000000fd8ff00000) (1024K)]
  0x000002c3914a8de0 JavaThread "pool-188-thread-16"                [_thread_blocked, id=38888, stack(0x000000fd8ff00000,0x000000fd90000000) (1024K)]
  0x000002c3914a5ab0 JavaThread "pool-188-thread-17"                [_thread_blocked, id=43000, stack(0x000000fd90000000,0x000000fd90100000) (1024K)]
  0x000002c3914ab9c0 JavaThread "pool-188-thread-18"                [_thread_blocked, id=1056, stack(0x000000fd90200000,0x000000fd90300000) (1024K)]
  0x000002c3914a9c80 JavaThread "pool-188-thread-19"                [_thread_blocked, id=52704, stack(0x000000fd90500000,0x000000fd90600000) (1024K)]
  0x000002c3914aa3d0 JavaThread "pool-188-thread-20"                [_thread_blocked, id=45380, stack(0x000000fd90600000,0x000000fd90700000) (1024K)]
  0x000002c3914ac860 JavaThread "pool-188-thread-21"                [_thread_blocked, id=51028, stack(0x000000fd90700000,0x000000fd90800000) (1024K)]
  0x000002c3914a9530 JavaThread "pool-188-thread-22"                [_thread_blocked, id=50816, stack(0x000000fd90800000,0x000000fd90900000) (1024K)]
  0x000002c3914ad700 JavaThread "pool-188-thread-23"                [_thread_blocked, id=50352, stack(0x000000fd90900000,0x000000fd90a00000) (1024K)]
  0x000002c3914ade50 JavaThread "pool-184-thread-9"                 [_thread_blocked, id=19932, stack(0x000000fd90a00000,0x000000fd90b00000) (1024K)]
  0x000002c3914acfb0 JavaThread "pool-170-thread-21"                [_thread_blocked, id=33648, stack(0x000000fd81200000,0x000000fd81300000) (1024K)]
  0x000002c3914aab20 JavaThread "pool-170-thread-22"                [_thread_blocked, id=31836, stack(0x000000fd90b00000,0x000000fd90c00000) (1024K)]
  0x000002c3914ae5a0 JavaThread "pool-189-thread-1"                 [_thread_blocked, id=33032, stack(0x000000fd85d00000,0x000000fd85e00000) (1024K)]
  0x000002c3914ab270 JavaThread "pool-189-thread-2"                 [_thread_blocked, id=29768, stack(0x000000fd8a800000,0x000000fd8a900000) (1024K)]
  0x000002c3914af440 JavaThread "pool-178-thread-11"                [_thread_blocked, id=22132, stack(0x000000fd90d00000,0x000000fd90e00000) (1024K)]
  0x000002c3914b0a30 JavaThread "pool-186-thread-1"                 [_thread_blocked, id=15052, stack(0x000000fd90f00000,0x000000fd91000000) (1024K)]
  0x000002c3914b02e0 JavaThread "pool-186-thread-2"                 [_thread_blocked, id=3164, stack(0x000000fd91000000,0x000000fd91100000) (1024K)]
  0x000002c3914b3d60 JavaThread "pool-175-thread-3"                 [_thread_blocked, id=9480, stack(0x000000fd91100000,0x000000fd91200000) (1024K)]
  0x000002c3914b44b0 JavaThread "pool-175-thread-4"                 [_thread_blocked, id=52992, stack(0x000000fd91200000,0x000000fd91300000) (1024K)]
  0x000002c3914b2020 JavaThread "pool-185-thread-10"                [_thread_blocked, id=31164, stack(0x000000fd91300000,0x000000fd91400000) (1024K)]
  0x000002c3914b1180 JavaThread "pool-169-thread-23"                [_thread_blocked, id=6496, stack(0x000000fd91500000,0x000000fd91600000) (1024K)]
  0x000002c3914b18d0 JavaThread "pool-187-thread-4"                 [_thread_blocked, id=30532, stack(0x000000fd91700000,0x000000fd91800000) (1024K)]
  0x000002c3914b5350 JavaThread "pool-187-thread-5"                 [_thread_blocked, id=13080, stack(0x000000fd91800000,0x000000fd91900000) (1024K)]
  0x000002c3914b4c00 JavaThread "pool-187-thread-6"                 [_thread_blocked, id=40968, stack(0x000000fd91900000,0x000000fd91a00000) (1024K)]
  0x000002c3914b5aa0 JavaThread "pool-187-thread-7"                 [_thread_blocked, id=18296, stack(0x000000fd91a00000,0x000000fd91b00000) (1024K)]
  0x000002c3914b2770 JavaThread "pool-170-thread-23"                [_thread_blocked, id=34172, stack(0x000000fd91b00000,0x000000fd91c00000) (1024K)]
  0x000002c3914b61f0 JavaThread "pool-189-thread-3"                 [_thread_blocked, id=36512, stack(0x000000fd91c00000,0x000000fd91d00000) (1024K)]
  0x000002c3914b6940 JavaThread "pool-178-thread-12"                [_thread_blocked, id=5204, stack(0x000000fd91e00000,0x000000fd91f00000) (1024K)]
  0x000002c3914b3610 JavaThread "pool-178-thread-13"                [_thread_blocked, id=49400, stack(0x000000fd91f00000,0x000000fd92000000) (1024K)]
  0x000002c3914b7090 JavaThread "pool-178-thread-14"                [_thread_blocked, id=51228, stack(0x000000fd92000000,0x000000fd92100000) (1024K)]
  0x000002c3914b77e0 JavaThread "pool-178-thread-15"                [_thread_blocked, id=13460, stack(0x000000fd92100000,0x000000fd92200000) (1024K)]
  0x000002c3914b9c70 JavaThread "pool-175-thread-5"                 [_thread_blocked, id=53008, stack(0x000000fd86000000,0x000000fd86100000) (1024K)]
  0x000002c3914b7f30 JavaThread "pool-175-thread-6"                 [_thread_blocked, id=48040, stack(0x000000fd92200000,0x000000fd92300000) (1024K)]
  0x000002c3914b8680 JavaThread "pool-175-thread-7"                 [_thread_blocked, id=52844, stack(0x000000fd92300000,0x000000fd92400000) (1024K)]
  0x000002c3914b8dd0 JavaThread "pool-175-thread-8"                 [_thread_blocked, id=40228, stack(0x000000fd92400000,0x000000fd92500000) (1024K)]
  0x000002c3914b9520 JavaThread "pool-189-thread-4"                 [_thread_blocked, id=39196, stack(0x000000fd86300000,0x000000fd86400000) (1024K)]
  0x000002c38feb4aa0 JavaThread "pool-186-thread-3"                 [_thread_blocked, id=45244, stack(0x000000fd92b00000,0x000000fd92c00000) (1024K)]
  0x000002c38feb6090 JavaThread "pool-178-thread-16"                [_thread_blocked, id=12680, stack(0x000000fd92d00000,0x000000fd92e00000) (1024K)]
  0x000002c38feb4350 JavaThread "pool-190-thread-1"                 [_thread_blocked, id=35624, stack(0x000000fd92e00000,0x000000fd92f00000) (1024K)]
  0x000002c38feb5940 JavaThread "pool-190-thread-2"                 [_thread_blocked, id=44864, stack(0x000000fd92f00000,0x000000fd93000000) (1024K)]
  0x000002c38feb93c0 JavaThread "pool-190-thread-3"                 [_thread_blocked, id=1476, stack(0x000000fd93000000,0x000000fd93100000) (1024K)]
  0x000002c38feb8c70 JavaThread "pool-190-thread-4"                 [_thread_blocked, id=40612, stack(0x000000fd93100000,0x000000fd93200000) (1024K)]
  0x000002c38feba260 JavaThread "pool-187-thread-8"                 [_thread_blocked, id=15888, stack(0x000000fd93200000,0x000000fd93300000) (1024K)]
  0x000002c38febb100 JavaThread "pool-187-thread-9"                 [_thread_blocked, id=52908, stack(0x000000fd93300000,0x000000fd93400000) (1024K)]
  0x000002c38febeb80 JavaThread "pool-186-thread-4"                 [_thread_blocked, id=43216, stack(0x000000fd93b00000,0x000000fd93c00000) (1024K)]
  0x000002c38febf2d0 JavaThread "pool-186-thread-5"                 [_thread_blocked, id=31172, stack(0x000000fd93c00000,0x000000fd93d00000) (1024K)]
  0x000002c38febd590 JavaThread "pool-186-thread-6"                 [_thread_blocked, id=39116, stack(0x000000fd93d00000,0x000000fd93e00000) (1024K)]
  0x000002c38febdce0 JavaThread "pool-186-thread-7"                 [_thread_blocked, id=34932, stack(0x000000fd93e00000,0x000000fd93f00000) (1024K)]
  0x000002c38febc6f0 JavaThread "pool-186-thread-8"                 [_thread_blocked, id=18316, stack(0x000000fd93f00000,0x000000fd94000000) (1024K)]
  0x000002c38fec0170 JavaThread "pool-186-thread-9"                 [_thread_blocked, id=14104, stack(0x000000fd94000000,0x000000fd94100000) (1024K)]
  0x000002c38febfa20 JavaThread "pool-186-thread-10"                [_thread_blocked, id=31128, stack(0x000000fd94100000,0x000000fd94200000) (1024K)]
  0x000002c38febce40 JavaThread "pool-186-thread-11"                [_thread_blocked, id=46956, stack(0x000000fd94200000,0x000000fd94300000) (1024K)]
  0x000002c38fec2600 JavaThread "pool-186-thread-12"                [_thread_blocked, id=2352, stack(0x000000fd94300000,0x000000fd94400000) (1024K)]
  0x000002c38fec1760 JavaThread "pool-186-thread-13"                [_thread_blocked, id=52344, stack(0x000000fd94600000,0x000000fd94700000) (1024K)]
  0x000002c38fec08c0 JavaThread "pool-186-thread-14"                [_thread_blocked, id=52236, stack(0x000000fd94700000,0x000000fd94800000) (1024K)]
  0x000002c38fec1010 JavaThread "pool-186-thread-15"                [_thread_blocked, id=49056, stack(0x000000fd94800000,0x000000fd94900000) (1024K)]
  0x000002c38fec1eb0 JavaThread "pool-190-thread-5"                 [_thread_blocked, id=7044, stack(0x000000fd94900000,0x000000fd94a00000) (1024K)]
  0x000002c38fec34a0 JavaThread "pool-189-thread-5"                 [_thread_blocked, id=10356, stack(0x000000fd94a00000,0x000000fd94b00000) (1024K)]
  0x000002c38fec3bf0 JavaThread "pool-189-thread-6"                 [_thread_blocked, id=11976, stack(0x000000fd94b00000,0x000000fd94c00000) (1024K)]
  0x000002c38fec5930 JavaThread "pool-187-thread-10"                [_thread_blocked, id=36576, stack(0x000000fd83600000,0x000000fd83700000) (1024K)]
  0x000002c38fec2d50 JavaThread "pool-187-thread-11"                [_thread_blocked, id=18248, stack(0x000000fd85200000,0x000000fd85300000) (1024K)]
  0x000002c38fec7670 JavaThread "pool-184-thread-10"                [_thread_blocked, id=50116, stack(0x000000fd94c00000,0x000000fd94d00000) (1024K)]
  0x000002c38fec6080 JavaThread "pool-186-thread-16"                [_thread_blocked, id=49100, stack(0x000000fd94e00000,0x000000fd94f00000) (1024K)]
  0x000002c38fec4340 JavaThread "pool-190-thread-6"                 [_thread_blocked, id=52564, stack(0x000000fd94f00000,0x000000fd95000000) (1024K)]
  0x000002c38fec67d0 JavaThread "pool-189-thread-7"                 [_thread_blocked, id=46916, stack(0x000000fd95000000,0x000000fd95100000) (1024K)]
  0x000002c38fec6f20 JavaThread "pool-178-thread-17"                [_thread_blocked, id=29784, stack(0x000000fd95100000,0x000000fd95200000) (1024K)]
  0x000002c38fec4a90 JavaThread "pool-178-thread-18"                [_thread_blocked, id=29600, stack(0x000000fd95200000,0x000000fd95300000) (1024K)]
  0x000002c38fec8510 JavaThread "pool-187-thread-12"                [_thread_blocked, id=29976, stack(0x000000fd95300000,0x000000fd95400000) (1024K)]
  0x000002c38fecb840 JavaThread "pool-187-thread-13"                [_thread_blocked, id=46512, stack(0x000000fd95400000,0x000000fd95500000) (1024K)]
  0x000002c38fec93b0 JavaThread "pool-187-thread-14"                [_thread_blocked, id=52824, stack(0x000000fd95500000,0x000000fd95600000) (1024K)]
  0x000002c38fecbf90 JavaThread "pool-187-thread-15"                [_thread_blocked, id=13004, stack(0x000000fd95600000,0x000000fd95700000) (1024K)]
  0x000002c38fec8c60 JavaThread "pool-189-thread-8"                 [_thread_blocked, id=48164, stack(0x000000fd95700000,0x000000fd95800000) (1024K)]
  0x000002c38feca9a0 JavaThread "pool-184-thread-12"                [_thread_blocked, id=28624, stack(0x000000fd95a00000,0x000000fd95b00000) (1024K)]
  0x000002c38e8ac240 JavaThread "pool-187-thread-16"                [_thread_blocked, id=28480, stack(0x000000fd95b00000,0x000000fd95c00000) (1024K)]
  0x000002c38e8ac990 JavaThread "pool-187-thread-17"                [_thread_blocked, id=4764, stack(0x000000fd95c00000,0x000000fd95d00000) (1024K)]
  0x000002c38e8aac50 JavaThread "pool-187-thread-18"                [_thread_blocked, id=37584, stack(0x000000fd95d00000,0x000000fd95e00000) (1024K)]
  0x000002c38e8a9660 JavaThread "pool-187-thread-19"                [_thread_blocked, id=14784, stack(0x000000fd95e00000,0x000000fd95f00000) (1024K)]
  0x000002c38e8ab3a0 JavaThread "pool-187-thread-20"                [_thread_blocked, id=51232, stack(0x000000fd95f00000,0x000000fd96000000) (1024K)]
  0x000002c38e8ad0e0 JavaThread "pool-187-thread-21"                [_thread_blocked, id=48300, stack(0x000000fd96000000,0x000000fd96100000) (1024K)]
  0x000002c38e8abaf0 JavaThread "pool-189-thread-9"                 [_thread_blocked, id=52560, stack(0x000000fd96100000,0x000000fd96200000) (1024K)]
  0x000002c38e8a9db0 JavaThread "pool-189-thread-10"                [_thread_blocked, id=644, stack(0x000000fd96200000,0x000000fd96300000) (1024K)]
  0x000002c38e8ad830 JavaThread "pool-189-thread-11"                [_thread_blocked, id=39848, stack(0x000000fd96900000,0x000000fd96a00000) (1024K)]
  0x000002c38e8aa500 JavaThread "pool-189-thread-12"                [_thread_blocked, id=52904, stack(0x000000fd96c00000,0x000000fd96d00000) (1024K)]
  0x000002c38e8aee20 JavaThread "pool-189-thread-13"                [_thread_blocked, id=42736, stack(0x000000fd96d00000,0x000000fd96e00000) (1024K)]
  0x000002c38e8af570 JavaThread "pool-189-thread-14"                [_thread_blocked, id=13044, stack(0x000000fd96e00000,0x000000fd96f00000) (1024K)]
  0x000002c38e8b12b0 JavaThread "pool-190-thread-7"                 [_thread_blocked, id=33064, stack(0x000000fd97200000,0x000000fd97300000) (1024K)]
  0x000002c38e8adf80 JavaThread "pool-186-thread-17"                [_thread_blocked, id=36372, stack(0x000000fd97300000,0x000000fd97400000) (1024K)]
  0x000002c38e8b1a00 JavaThread "pool-189-thread-15"                [_thread_blocked, id=52568, stack(0x000000fd97400000,0x000000fd97500000) (1024K)]
  0x000002c38e8ae6d0 JavaThread "pool-189-thread-16"                [_thread_blocked, id=43948, stack(0x000000fd97500000,0x000000fd97600000) (1024K)]
  0x000002c38e8b28a0 JavaThread "pool-187-thread-22"                [_thread_blocked, id=52780, stack(0x000000fd97600000,0x000000fd97700000) (1024K)]
  0x000002c38e8b4d30 JavaThread "pool-186-thread-18"                [_thread_blocked, id=33276, stack(0x000000fd97700000,0x000000fd97800000) (1024K)]
  0x000002c38e8b2150 JavaThread "pool-189-thread-17"                [_thread_blocked, id=39280, stack(0x000000fd97800000,0x000000fd97900000) (1024K)]
  0x000002c38e8b5480 JavaThread "pool-189-thread-18"                [_thread_blocked, id=48132, stack(0x000000fd97900000,0x000000fd97a00000) (1024K)]
  0x000002c38e8b5bd0 JavaThread "pool-189-thread-19"                [_thread_blocked, id=37288, stack(0x000000fd97a00000,0x000000fd97b00000) (1024K)]
  0x000002c38e8b2ff0 JavaThread "pool-189-thread-20"                [_thread_blocked, id=18228, stack(0x000000fd86200000,0x000000fd86300000) (1024K)]
  0x000002c38e8b3e90 JavaThread "pool-191-thread-1"                 [_thread_blocked, id=45280, stack(0x000000fd97b00000,0x000000fd97c00000) (1024K)]
  0x000002c38e8b6a70 JavaThread "pool-191-thread-2"                 [_thread_blocked, id=24312, stack(0x000000fd84c00000,0x000000fd84d00000) (1024K)]
  0x000002c38e8b3740 JavaThread "pool-191-thread-3"                 [_thread_blocked, id=37544, stack(0x000000fd97c00000,0x000000fd97d00000) (1024K)]
  0x000002c38e8b71c0 JavaThread "pool-191-thread-4"                 [_thread_blocked, id=7928, stack(0x000000fd97d00000,0x000000fd97e00000) (1024K)]
  0x000002c38e8b7910 JavaThread "pool-191-thread-5"                 [_thread_blocked, id=47628, stack(0x000000fd97e00000,0x000000fd97f00000) (1024K)]
  0x000002c38e8b8060 JavaThread "pool-191-thread-6"                 [_thread_blocked, id=37396, stack(0x000000fd97f00000,0x000000fd98000000) (1024K)]
  0x000002c38e8b87b0 JavaThread "pool-192-thread-1"                 [_thread_blocked, id=32828, stack(0x000000fd98000000,0x000000fd98100000) (1024K)]
  0x000002c3902f3db0 JavaThread "pool-187-thread-23"                [_thread_blocked, id=31344, stack(0x000000fd98100000,0x000000fd98200000) (1024K)]
  0x000002c3902f4500 JavaThread "pool-189-thread-21"                [_thread_blocked, id=19440, stack(0x000000fd98200000,0x000000fd98300000) (1024K)]
  0x000002c3902f7f80 JavaThread "pool-189-thread-22"                [_thread_blocked, id=20840, stack(0x000000fd82f00000,0x000000fd83000000) (1024K)]
  0x000002c3902f5af0 JavaThread "pool-189-thread-23"                [_thread_blocked, id=3372, stack(0x000000fd85f00000,0x000000fd86000000) (1024K)]
  0x000002c3902f86d0 JavaThread "pool-186-thread-19"                [_thread_blocked, id=52820, stack(0x000000fd87700000,0x000000fd87800000) (1024K)]
  0x000002c3902fc150 JavaThread "pool-191-thread-7"                 [_thread_blocked, id=45852, stack(0x000000fd88700000,0x000000fd88800000) (1024K)]
  0x000002c3902fcff0 JavaThread "pool-191-thread-8"                 [_thread_blocked, id=5460, stack(0x000000fd94500000,0x000000fd94600000) (1024K)]
  0x000002c3902f9cc0 JavaThread "pool-191-thread-9"                 [_thread_blocked, id=41872, stack(0x000000fd89e00000,0x000000fd89f00000) (1024K)]
  0x000002c390300320 JavaThread "pool-193-thread-1"                 [_thread_blocked, id=51976, stack(0x000000fd98300000,0x000000fd98400000) (1024K)]
  0x000002c390300a70 JavaThread "pool-191-thread-10"                [_thread_blocked, id=36624, stack(0x000000fd89400000,0x000000fd89500000) (1024K)]
  0x000002c3902fd740 JavaThread "pool-192-thread-2"                 [_thread_blocked, id=28532, stack(0x000000fd98400000,0x000000fd98500000) (1024K)]
  0x000002c390303650 JavaThread "pool-186-thread-20"                [_thread_blocked, id=48304, stack(0x000000fd98500000,0x000000fd98600000) (1024K)]
  0x000002c390302f00 JavaThread "pool-186-thread-21"                [_thread_blocked, id=52840, stack(0x000000fd98900000,0x000000fd98a00000) (1024K)]
  0x000002c390303da0 JavaThread "pool-193-thread-2"                 [_thread_blocked, id=52444, stack(0x000000fd98a00000,0x000000fd98b00000) (1024K)]
  0x000002c3903044f0 JavaThread "pool-191-thread-11"                [_thread_blocked, id=51276, stack(0x000000fd89500000,0x000000fd89600000) (1024K)]
  0x000002c390302060 JavaThread "pool-191-thread-12"                [_thread_blocked, id=15616, stack(0x000000fd89d00000,0x000000fd89e00000) (1024K)]
  0x000002c3903011c0 JavaThread "pool-193-thread-3"                 [_thread_blocked, id=32352, stack(0x000000fd8a000000,0x000000fd8a100000) (1024K)]
  0x000002c390301910 JavaThread "pool-192-thread-3"                 [_thread_blocked, id=44620, stack(0x000000fd8a200000,0x000000fd8a300000) (1024K)]
  0x000002c390304c40 JavaThread "pool-192-thread-4"                 [_thread_blocked, id=40260, stack(0x000000fd88800000,0x000000fd88900000) (1024K)]
  0x000002c390305390 JavaThread "pool-192-thread-5"                 [_thread_blocked, id=34620, stack(0x000000fd8da00000,0x000000fd8db00000) (1024K)]
  0x000002c390305ae0 JavaThread "pool-192-thread-6"                 [_thread_blocked, id=516, stack(0x000000fd98b00000,0x000000fd98c00000) (1024K)]
  0x000002c390306230 JavaThread "pool-192-thread-7"                 [_thread_blocked, id=50384, stack(0x000000fd98c00000,0x000000fd98d00000) (1024K)]
  0x000002c390306980 JavaThread "pool-191-thread-13"                [_thread_blocked, id=44608, stack(0x000000fd98d00000,0x000000fd98e00000) (1024K)]
  0x000002c390307820 JavaThread "pool-191-thread-14"                [_thread_blocked, id=53128, stack(0x000000fd98e00000,0x000000fd98f00000) (1024K)]
  0x000002c3903070d0 JavaThread "pool-192-thread-8"                 [_thread_blocked, id=44408, stack(0x000000fd98f00000,0x000000fd99000000) (1024K)]
  0x000002c390307f70 JavaThread "pool-191-thread-15"                [_thread_blocked, id=27612, stack(0x000000fd99000000,0x000000fd99100000) (1024K)]
  0x000002c3903086c0 JavaThread "pool-192-thread-9"                 [_thread_blocked, id=51488, stack(0x000000fd99100000,0x000000fd99200000) (1024K)]
  0x000002c38d556250 JavaThread "pool-191-thread-16"                [_thread_blocked, id=33796, stack(0x000000fd99200000,0x000000fd99300000) (1024K)]
  0x000002c38d554c60 JavaThread "pool-192-thread-10"                [_thread_blocked, id=36184, stack(0x000000fd99300000,0x000000fd99400000) (1024K)]
  0x000002c38d553670 JavaThread "pool-192-thread-11"                [_thread_blocked, id=41328, stack(0x000000fd99400000,0x000000fd99500000) (1024K)]
  0x000002c38d55b2c0 JavaThread "pool-191-thread-17"                [_thread_blocked, id=37856, stack(0x000000fd99500000,0x000000fd99600000) (1024K)]
  0x000002c38d55ba10 JavaThread "pool-192-thread-12"                [_thread_blocked, id=34680, stack(0x000000fd99600000,0x000000fd99700000) (1024K)]
  0x000002c38d558e30 JavaThread "pool-192-thread-13"                [_thread_blocked, id=49708, stack(0x000000fd99700000,0x000000fd99800000) (1024K)]
  0x000002c38d563db0 JavaThread "pool-191-thread-18"                [_thread_blocked, id=11860, stack(0x000000fd99800000,0x000000fd99900000) (1024K)]
  0x000002c38d560a80 JavaThread "pool-192-thread-14"                [_thread_blocked, id=52296, stack(0x000000fd99900000,0x000000fd99a00000) (1024K)]
  0x000002c38d561920 JavaThread "pool-191-thread-19"                [_thread_blocked, id=5236, stack(0x000000fd99a00000,0x000000fd99b00000) (1024K)]
  0x000002c38d5611d0 JavaThread "pool-192-thread-15"                [_thread_blocked, id=12236, stack(0x000000fd99b00000,0x000000fd99c00000) (1024K)]
  0x000002c38d564c50 JavaThread "pool-191-thread-20"                [_thread_blocked, id=43700, stack(0x000000fd99c00000,0x000000fd99d00000) (1024K)]
  0x000002c38d562070 JavaThread "pool-191-thread-21"                [_thread_blocked, id=43496, stack(0x000000fd99d00000,0x000000fd99e00000) (1024K)]
  0x000002c38d56a410 JavaThread "pool-191-thread-22"                [_thread_blocked, id=24784, stack(0x000000fd99e00000,0x000000fd99f00000) (1024K)]
  0x000002c38d5670e0 JavaThread "pool-191-thread-23"                [_thread_blocked, id=40092, stack(0x000000fd99f00000,0x000000fd9a000000) (1024K)]
  0x000002c38d567830 JavaThread "pool-192-thread-16"                [_thread_blocked, id=53044, stack(0x000000fd9a000000,0x000000fd9a100000) (1024K)]
  0x000002c38d56ab60 JavaThread "pool-192-thread-17"                [_thread_blocked, id=17300, stack(0x000000fd9a100000,0x000000fd9a200000) (1024K)]
  0x000002c38d56b2b0 JavaThread "pool-192-thread-18"                [_thread_blocked, id=10708, stack(0x000000fd9a200000,0x000000fd9a300000) (1024K)]
  0x000002c38d5686d0 JavaThread "pool-192-thread-19"                [_thread_blocked, id=14344, stack(0x000000fd9a300000,0x000000fd9a400000) (1024K)]
  0x000002c38d56ba00 JavaThread "pool-192-thread-20"                [_thread_blocked, id=30832, stack(0x000000fd9a400000,0x000000fd9a500000) (1024K)]
  0x000002c38d56de90 JavaThread "pool-192-thread-21"                [_thread_blocked, id=51904, stack(0x000000fd9a500000,0x000000fd9a600000) (1024K)]
  0x000002c38d56cff0 JavaThread "pool-192-thread-22"                [_thread_blocked, id=52448, stack(0x000000fd9a600000,0x000000fd9a700000) (1024K)]
  0x000002c38d56ed30 JavaThread "pool-192-thread-23"                [_thread_blocked, id=52636, stack(0x000000fd9a700000,0x000000fd9a800000) (1024K)]
  0x000002c38d56e5e0 JavaThread "pool-194-thread-1"                 [_thread_blocked, id=4808, stack(0x000000fd84a00000,0x000000fd84b00000) (1024K)]
  0x000002c38d56c8a0 JavaThread "pool-194-thread-2"                 [_thread_blocked, id=44220, stack(0x000000fd87400000,0x000000fd87500000) (1024K)]
  0x000002c38d56f480 JavaThread "pool-194-thread-3"                 [_thread_blocked, id=32232, stack(0x000000fd88500000,0x000000fd88600000) (1024K)]
  0x000002c38d56c150 JavaThread "pool-194-thread-4"                 [_thread_blocked, id=3232, stack(0x000000fd94400000,0x000000fd94500000) (1024K)]
  0x000002c38d56d740 JavaThread "pool-194-thread-5"                 [_thread_blocked, id=33644, stack(0x000000fd96b00000,0x000000fd96c00000) (1024K)]
  0x000002c38d572060 JavaThread "pool-194-thread-6"                 [_thread_blocked, id=41304, stack(0x000000fd9a800000,0x000000fd9a900000) (1024K)]
  0x000002c38d571910 JavaThread "pool-194-thread-7"                 [_thread_blocked, id=38260, stack(0x000000fd9a900000,0x000000fd9aa00000) (1024K)]
  0x000002c38d570320 JavaThread "pool-194-thread-8"                 [_thread_blocked, id=9188, stack(0x000000fd9aa00000,0x000000fd9ab00000) (1024K)]
  0x000002c38feb51f0 JavaThread "pool-194-thread-9"                 [_thread_blocked, id=32896, stack(0x000000fd9ab00000,0x000000fd9ac00000) (1024K)]
  0x000002c38feb67e0 JavaThread "pool-194-thread-10"                [_thread_blocked, id=50620, stack(0x000000fd9ac00000,0x000000fd9ad00000) (1024K)]
  0x000002c38feca250 JavaThread "pool-194-thread-11"                [_thread_blocked, id=2524, stack(0x000000fd9ad00000,0x000000fd9ae00000) (1024K)]
  0x000002c38fecb0f0 JavaThread "pool-194-thread-12"                [_thread_blocked, id=34548, stack(0x000000fd9ae00000,0x000000fd9af00000) (1024K)]
  0x000002c38fec7dc0 JavaThread "pool-194-thread-13"                [_thread_blocked, id=46764, stack(0x000000fd9af00000,0x000000fd9b000000) (1024K)]
  0x000002c38fecc6e0 JavaThread "pool-194-thread-14"                [_thread_blocked, id=31844, stack(0x000000fd9b000000,0x000000fd9b100000) (1024K)]
  0x000002c38fec9b00 JavaThread "pool-194-thread-15"                [_thread_blocked, id=16780, stack(0x000000fd9b100000,0x000000fd9b200000) (1024K)]
  0x000002c38fecdcd0 JavaThread "pool-194-thread-16"                [_thread_blocked, id=29080, stack(0x000000fd9b200000,0x000000fd9b300000) (1024K)]
  0x000002c38fecfa10 JavaThread "pool-194-thread-17"                [_thread_blocked, id=46756, stack(0x000000fd9b300000,0x000000fd9b400000) (1024K)]
  0x000002c38fece420 JavaThread "pool-194-thread-18"                [_thread_blocked, id=2488, stack(0x000000fd9b400000,0x000000fd9b500000) (1024K)]
  0x000002c38fecf2c0 JavaThread "pool-194-thread-19"                [_thread_blocked, id=52052, stack(0x000000fd9b500000,0x000000fd9b600000) (1024K)]
  0x000002c38feceb70 JavaThread "pool-194-thread-20"                [_thread_blocked, id=34720, stack(0x000000fd9b600000,0x000000fd9b700000) (1024K)]
  0x000002c38fecd580 JavaThread "pool-194-thread-21"                [_thread_blocked, id=46480, stack(0x000000fd9b700000,0x000000fd9b800000) (1024K)]
  0x000002c38fed0160 JavaThread "pool-194-thread-22"                [_thread_blocked, id=52124, stack(0x000000fd9b800000,0x000000fd9b900000) (1024K)]
  0x000002c38fecce30 JavaThread "pool-194-thread-23"                [_thread_blocked, id=35768, stack(0x000000fd9b900000,0x000000fd9ba00000) (1024K)]
  0x000002c38feb9b10 JavaThread "pool-195-thread-1"                 [_thread_blocked, id=43336, stack(0x000000fd80f00000,0x000000fd81000000) (1024K)]
  0x000002c38feb6f30 JavaThread "pool-195-thread-2"                 [_thread_blocked, id=53184, stack(0x000000fd84b00000,0x000000fd84c00000) (1024K)]
  0x000002c38feba9b0 JavaThread "pool-195-thread-3"                 [_thread_blocked, id=34372, stack(0x000000fd85a00000,0x000000fd85b00000) (1024K)]
  0x000002c38feb7dd0 JavaThread "pool-195-thread-4"                 [_thread_blocked, id=34400, stack(0x000000fd85b00000,0x000000fd85c00000) (1024K)]
  0x000002c38febb850 JavaThread "pool-195-thread-5"                 [_thread_blocked, id=44452, stack(0x000000fd86700000,0x000000fd86800000) (1024K)]
  0x000002c38feb8520 JavaThread "pool-195-thread-6"                 [_thread_blocked, id=34804, stack(0x000000fd87c00000,0x000000fd87d00000) (1024K)]
  0x000002c38febe430 JavaThread "pool-195-thread-7"                 [_thread_blocked, id=41160, stack(0x000000fd87d00000,0x000000fd87e00000) (1024K)]
  0x000002c38febbfa0 JavaThread "pool-195-thread-8"                 [_thread_blocked, id=21964, stack(0x000000fd88000000,0x000000fd88100000) (1024K)]
  0x000002c38fed08b0 JavaThread "pool-195-thread-9"                 [_thread_blocked, id=49640, stack(0x000000fd88b00000,0x000000fd88c00000) (1024K)]
  0x000002c38fed1000 JavaThread "pool-195-thread-10"                [_thread_blocked, id=46276, stack(0x000000fd8a100000,0x000000fd8a200000) (1024K)]
  0x000002c38fed1750 JavaThread "pool-195-thread-11"                [_thread_blocked, id=40980, stack(0x000000fd8b600000,0x000000fd8b700000) (1024K)]
  0x000002c38fed3490 JavaThread "pool-195-thread-12"                [_thread_blocked, id=15936, stack(0x000000fd8b800000,0x000000fd8b900000) (1024K)]
  0x000002c38fed1ea0 JavaThread "pool-195-thread-13"                [_thread_blocked, id=27396, stack(0x000000fd8fc00000,0x000000fd8fd00000) (1024K)]
  0x000002c38fed25f0 JavaThread "pool-195-thread-14"                [_thread_blocked, id=48568, stack(0x000000fd90e00000,0x000000fd90f00000) (1024K)]
  0x000002c38fed2d40 JavaThread "pool-195-thread-15"                [_thread_blocked, id=6544, stack(0x000000fd92500000,0x000000fd92600000) (1024K)]
  0x000002c391094f80 JavaThread "pool-195-thread-16"                [_thread_blocked, id=22596, stack(0x000000fd92800000,0x000000fd92900000) (1024K)]
  0x000002c391094830 JavaThread "pool-195-thread-17"                [_thread_blocked, id=22676, stack(0x000000fd92900000,0x000000fd92a00000) (1024K)]
  0x000002c391095e20 JavaThread "pool-195-thread-18"                [_thread_blocked, id=8916, stack(0x000000fd96300000,0x000000fd96400000) (1024K)]
  0x000002c3910956d0 JavaThread "pool-195-thread-19"                [_thread_blocked, id=45964, stack(0x000000fd96400000,0x000000fd96500000) (1024K)]
  0x000002c391092af0 JavaThread "pool-195-thread-20"                [_thread_blocked, id=42732, stack(0x000000fd96500000,0x000000fd96600000) (1024K)]
  0x000002c391093240 JavaThread "pool-195-thread-21"                [_thread_blocked, id=32764, stack(0x000000fd96800000,0x000000fd96900000) (1024K)]
  0x000002c3910998a0 JavaThread "pool-195-thread-22"                [_thread_blocked, id=53192, stack(0x000000fd96a00000,0x000000fd96b00000) (1024K)]
  0x000002c391096cc0 JavaThread "pool-195-thread-23"                [_thread_blocked, id=43192, stack(0x000000fd98600000,0x000000fd98700000) (1024K)]
  0x000002c39109da70 JavaThread "pool-196-thread-1"                 [_thread_blocked, id=48824, stack(0x000000fd84e00000,0x000000fd84f00000) (1024K)]
  0x000002c391091500 JavaThread "pool-196-thread-2"                 [_thread_blocked, id=32528, stack(0x000000fd86400000,0x000000fd86500000) (1024K)]
  0x000002c391091c50 JavaThread "pool-196-thread-3"                 [_thread_blocked, id=49132, stack(0x000000fd83800000,0x000000fd83900000) (1024K)]
  0x000002c39109cbd0 JavaThread "pool-196-thread-4"                 [_thread_blocked, id=18068, stack(0x000000fd85900000,0x000000fd85a00000) (1024K)]
  0x000002c39109e1c0 JavaThread "pool-196-thread-5"                 [_thread_blocked, id=40712, stack(0x000000fd92600000,0x000000fd92700000) (1024K)]
  0x000002c39109e910 JavaThread "pool-196-thread-6"                 [_thread_blocked, id=52640, stack(0x000000fd92700000,0x000000fd92800000) (1024K)]
  0x000002c39109c480 JavaThread "pool-196-thread-7"                 [_thread_blocked, id=30044, stack(0x000000fd96600000,0x000000fd96700000) (1024K)]
  0x000002c39109f060 JavaThread "pool-196-thread-8"                 [_thread_blocked, id=28768, stack(0x000000fd96700000,0x000000fd96800000) (1024K)]
  0x000002c39109f7b0 JavaThread "pool-196-thread-9"                 [_thread_blocked, id=18332, stack(0x000000fd87500000,0x000000fd87600000) (1024K)]
  0x000002c3910a2ae0 JavaThread "pool-196-thread-10"                [_thread_blocked, id=13552, stack(0x000000fd98700000,0x000000fd98800000) (1024K)]
  0x000002c39109ff00 JavaThread "pool-196-thread-11"                [_thread_blocked, id=51076, stack(0x000000fd98800000,0x000000fd98900000) (1024K)]
  0x000002c3910a0650 JavaThread "pool-196-thread-12"                [_thread_blocked, id=34228, stack(0x000000fd9ba00000,0x000000fd9bb00000) (1024K)]
  0x000002c3910a6cb0 JavaThread "pool-196-thread-13"                [_thread_blocked, id=15312, stack(0x000000fd9bb00000,0x000000fd9bc00000) (1024K)]
  0x000002c3910a40d0 JavaThread "pool-196-thread-14"                [_thread_blocked, id=34880, stack(0x000000fd9bc00000,0x000000fd9bd00000) (1024K)]
  0x000002c3910a9890 JavaThread "pool-196-thread-15"                [_thread_blocked, id=29636, stack(0x000000fd9bd00000,0x000000fd9be00000) (1024K)]
  0x000002c3910a9fe0 JavaThread "pool-196-thread-16"                [_thread_blocked, id=18392, stack(0x000000fd9be00000,0x000000fd9bf00000) (1024K)]
  0x000002c3910a7b50 JavaThread "pool-196-thread-17"                [_thread_blocked, id=29592, stack(0x000000fd9bf00000,0x000000fd9c000000) (1024K)]
  0x000002c3910a82a0 JavaThread "pool-197-thread-1"                 [_thread_blocked, id=46708, stack(0x000000fd9c000000,0x000000fd9c100000) (1024K)]
  0x000002c391097b60 JavaThread "pool-197-thread-2"                 [_thread_blocked, id=2400, stack(0x000000fd9c100000,0x000000fd9c200000) (1024K)]
  0x000002c391098a00 JavaThread "pool-197-thread-3"                 [_thread_blocked, id=29224, stack(0x000000fd86c00000,0x000000fd86d00000) (1024K)]
  0x000002c391090660 JavaThread "pool-196-thread-18"                [_thread_blocked, id=34100, stack(0x000000fd89700000,0x000000fd89800000) (1024K)]
  0x000002c391097410 JavaThread "pool-196-thread-19"                [_thread_blocked, id=3660, stack(0x000000fd89900000,0x000000fd89a00000) (1024K)]
  0x000002c39109b5e0 JavaThread "pool-196-thread-20"                [_thread_blocked, id=53180, stack(0x000000fd89c00000,0x000000fd89d00000) (1024K)]
  0x000002c39109bd30 JavaThread "pool-196-thread-21"                [_thread_blocked, id=21844, stack(0x000000fd89f00000,0x000000fd8a000000) (1024K)]
Total: 479

Other Threads:
=>0x000002bb28060210 VMThread "VM Thread"                           [id=36984, stack(0x000000fded700000,0x000000fded800000) (1024K)]
  0x000002bb28054c00 WatcherThread "VM Periodic Task Thread"        [id=9524, stack(0x000000fded600000,0x000000fded700000) (1024K)]
  0x000002bb317e88b0 WorkerThread "GC Thread#0"                     [id=5536, stack(0x000000fded100000,0x000000fded200000) (1024K)]
  0x000002c38c258010 WorkerThread "GC Thread#1"                     [id=18484, stack(0x000000fdeef00000,0x000000fdef000000) (1024K)]
  0x000002c38c36c4a0 WorkerThread "GC Thread#2"                     [id=14036, stack(0x000000fdef000000,0x000000fdef100000) (1024K)]
  0x000002c38c36c850 WorkerThread "GC Thread#3"                     [id=47172, stack(0x000000fdef100000,0x000000fdef200000) (1024K)]
  0x000002c38c36cc00 WorkerThread "GC Thread#4"                     [id=33088, stack(0x000000fdef200000,0x000000fdef300000) (1024K)]
  0x000002c38c302710 WorkerThread "GC Thread#5"                     [id=44072, stack(0x000000fdef300000,0x000000fdef400000) (1024K)]
  0x000002c38c308ef0 WorkerThread "GC Thread#6"                     [id=32496, stack(0x000000fdef400000,0x000000fdef500000) (1024K)]
  0x000002c38c309ac0 WorkerThread "GC Thread#7"                     [id=34836, stack(0x000000fdef500000,0x000000fdef600000) (1024K)]
  0x000002c38c0465f0 WorkerThread "GC Thread#8"                     [id=3360, stack(0x000000fdef600000,0x000000fdef700000) (1024K)]
  0x000002c38c045e90 WorkerThread "GC Thread#9"                     [id=44900, stack(0x000000fdef700000,0x000000fdef800000) (1024K)]
  0x000002c38c046240 WorkerThread "GC Thread#10"                    [id=47140, stack(0x000000fdef800000,0x000000fdef900000) (1024K)]
  0x000002c38c045380 WorkerThread "GC Thread#11"                    [id=3856, stack(0x000000fdef900000,0x000000fdefa00000) (1024K)]
  0x000002c38c045730 WorkerThread "GC Thread#12"                    [id=46460, stack(0x000000fdefa00000,0x000000fdefb00000) (1024K)]
  0x000002c38c0469a0 WorkerThread "GC Thread#13"                    [id=51448, stack(0x000000fdefb00000,0x000000fdefc00000) (1024K)]
  0x000002c38c046d50 WorkerThread "GC Thread#14"                    [id=9448, stack(0x000000fdf0a00000,0x000000fdf0b00000) (1024K)]
  0x000002c38c045ae0 WorkerThread "GC Thread#15"                    [id=13112, stack(0x000000fdf0b00000,0x000000fdf0c00000) (1024K)]
  0x000002c38c8f03c0 WorkerThread "GC Thread#16"                    [id=8640, stack(0x000000fdf0c00000,0x000000fdf0d00000) (1024K)]
  0x000002c38c8f24f0 WorkerThread "GC Thread#17"                    [id=14140, stack(0x000000fdf0d00000,0x000000fdf0e00000) (1024K)]
  0x000002bb317ebf90 ConcurrentGCThread "G1 Main Marker"            [id=45680, stack(0x000000fded200000,0x000000fded300000) (1024K)]
  0x000002bb317ed240 WorkerThread "G1 Conc#0"                       [id=52184, stack(0x000000fded300000,0x000000fded400000) (1024K)]
  0x000002c38c8efc60 WorkerThread "G1 Conc#1"                       [id=14724, stack(0x000000fd80100000,0x000000fd80200000) (1024K)]
  0x000002c38c8f1280 WorkerThread "G1 Conc#2"                       [id=51040, stack(0x000000fd80d00000,0x000000fd80e00000) (1024K)]
  0x000002c38c8f0010 WorkerThread "G1 Conc#3"                       [id=46036, stack(0x000000fd84900000,0x000000fd84a00000) (1024K)]
  0x000002c38c8f0770 WorkerThread "G1 Conc#4"                       [id=33992, stack(0x000000fd85400000,0x000000fd85500000) (1024K)]
  0x000002bb27f905d0 ConcurrentGCThread "G1 Refine#0"               [id=46808, stack(0x000000fded400000,0x000000fded500000) (1024K)]
  0x000002c39253aa40 ConcurrentGCThread "G1 Refine#1"               [id=14136, stack(0x000000fd8a300000,0x000000fd8a400000) (1024K)]
  0x000002c3925394b0 ConcurrentGCThread "G1 Refine#2"               [id=50936, stack(0x000000fd90100000,0x000000fd90200000) (1024K)]
  0x000002c392539900 ConcurrentGCThread "G1 Refine#3"               [id=51140, stack(0x000000fd90300000,0x000000fd90400000) (1024K)]
  0x000002c391eb3630 ConcurrentGCThread "G1 Refine#4"               [id=52900, stack(0x000000fd90400000,0x000000fd90500000) (1024K)]
  0x000002c391eb3a80 ConcurrentGCThread "G1 Refine#5"               [id=34204, stack(0x000000fd91400000,0x000000fd91500000) (1024K)]
  0x000002c391eb31e0 ConcurrentGCThread "G1 Refine#6"               [id=52748, stack(0x000000fd91600000,0x000000fd91700000) (1024K)]
  0x000002bb27f93410 ConcurrentGCThread "G1 Service"                [id=42980, stack(0x000000fded500000,0x000000fded600000) (1024K)]
Total: 34

Threads with active compile tasks:
C2 CompilerThread0  12403 5118       4       com.jpexs.decompiler.flash.abc.avm2.instructions.construction.NewArrayIns::translate (95 bytes)
C1 CompilerThread2  12403 5234       3       com.jpexs.decompiler.flash.abc.avm2.instructions.jumps.IfGtIns::translate (34 bytes)
C2 CompilerThread1  12403 5222       4       com.jpexs.decompiler.flash.abc.avm2.deobfuscation.AVM2DeobfuscatorJumps::avm2CodeRemoveTraps (604 bytes)
C2 CompilerThread2  12403 5161       4       com.jpexs.decompiler.flash.abc.avm2.instructions.stack.PushDoubleIns::translate (34 bytes)
C2 CompilerThread3  12403 5091 %     4       com.jpexs.decompiler.flash.abc.types.traits.Trait::writeImports @ 60 (1417 bytes)
C2 CompilerThread4  12403 5203 %     4       com.jpexs.decompiler.graph.Graph::getMostCommonPart @ 503 (832 bytes)
C2 CompilerThread5  12403 5123       4       com.jpexs.decompiler.flash.abc.avm2.AVM2Code::injectDeclarations (1573 bytes)
C2 CompilerThread6  12403 5229       4       com.jpexs.decompiler.flash.abc.avm2.instructions.other.SetPropertyIns::handleCompound (507 bytes)
C2 CompilerThread7  12403 5142       4       com.jpexs.decompiler.flash.abc.avm2.instructions.executing.CallPropertyIns::translate (166 bytes)
Total: 9

VM state: at safepoint (normal execution)

VM Mutex/Monitor currently owned by a thread:  ([mutex/lock_event])
[0x00007ff918bb44b0] Threads_lock - owner thread: 0x000002bb28060210
[0x00007ff918bb45b0] Heap_lock - owner thread: 0x000002c3903027b0

CDS archive(s) mapped at: [0x000002c346000000-0x000002c346d40000-0x000002c346d40000), size 13893632, SharedBaseAddress: 0x000002c346000000, ArchiveRelocationMode: 1.
Compressed class space mapped at: 0x000002c347000000-0x000002c387000000, reserved size: 1073741824
UseCompressedClassPointers 1, UseCompactObjectHeaders 0
Narrow klass pointer bits 32, Max shift 3
Narrow klass base: 0x000002c346000000, Narrow klass shift: 0
Encoding Range: [0x000002c346000000 - 0x000002c446000000), (4294967296 bytes)
Klass Range:    [0x000002c346000000 - 0x000002c387000000), (1090519040 bytes)
Klass ID Range:  [8 - 1090519033) (1090519025)

GC Precious Log:
 CardTable entry size: 512
 Card Set container configuration: InlinePtr #cards 3 size 8 Array Of Cards #cards 128 size 272 Howl #buckets 8 coarsen threshold 29491 Howl Bitmap #cards 4096 size 528 coarsen threshold 3686 Card regions per heap region 1 cards per card region 32768
 CPUs: 24 total, 24 available
 Memory: 32693M
 Large Page Support: Disabled
 NUMA Support: Disabled
 Compressed Oops: Disabled
 Heap Region Size: 16M
 Heap Min Capacity: 16M
 Heap Initial Capacity: 512M
 Heap Max Capacity: 32704M
 Pre-touch: Disabled
 Parallel Workers: 18
 Concurrent Workers: 5
 Concurrent Refinement Workers: 18
 Periodic GC: Disabled

Heap:
 garbage-first heap   total reserved 33488896K, committed 10174464K, used 2457698K [0x000002bb4a000000, 0x000002c346000000)
  region size 16384K, 24 young (393216K), 24 survivors (393216K)
 Metaspace       used 14265K, committed 14336K, reserved 1114112K
  class space    used 1238K, committed 1280K, reserved 1048576K

Heap Regions: E=young(eden), S=young(survivor), O=old, HS=humongous(starts), HC=humongous(continues), CS=collection set, F=free, TAMS=top-at-mark-start, PB=parsable bottom
|   0|0x000002bb4a000000, 0x000002bb4b000000, 0x000002bb4b000000|100%| O|  |TAMS 0x000002bb4a000000| PB 0x000002bb4a000000| Untracked |  0
|   1|0x000002bb4b000000, 0x000002bb4bfffff0, 0x000002bb4c000000| 99%| O|  |TAMS 0x000002bb4b000000| PB 0x000002bb4b000000| Untracked |  0
|   2|0x000002bb4c000000, 0x000002bb4cfffff8, 0x000002bb4d000000| 99%| O|  |TAMS 0x000002bb4c000000| PB 0x000002bb4c000000| Untracked |  0
|   3|0x000002bb4d000000, 0x000002bb4dfffff8, 0x000002bb4e000000| 99%| O|  |TAMS 0x000002bb4d000000| PB 0x000002bb4d000000| Untracked |  0
|   4|0x000002bb4e000000, 0x000002bb4efffff0, 0x000002bb4f000000| 99%| O|  |TAMS 0x000002bb4e000000| PB 0x000002bb4e000000| Untracked |  0
|   5|0x000002bb4f000000, 0x000002bb4ffffff0, 0x000002bb50000000| 99%| O|  |TAMS 0x000002bb4f000000| PB 0x000002bb4f000000| Untracked |  0
|   6|0x000002bb50000000, 0x000002bb51000000, 0x000002bb51000000|100%| O|  |TAMS 0x000002bb50000000| PB 0x000002bb50000000| Untracked |  0
|   7|0x000002bb51000000, 0x000002bb51ffffc8, 0x000002bb52000000| 99%| O|  |TAMS 0x000002bb51000000| PB 0x000002bb51000000| Untracked |  0
|   8|0x000002bb52000000, 0x000002bb52ee62d8, 0x000002bb53000000| 93%| O|  |TAMS 0x000002bb52000000| PB 0x000002bb52000000| Untracked |  0
|   9|0x000002bb53000000, 0x000002bb53ffffd0, 0x000002bb54000000| 99%| O|  |TAMS 0x000002bb53000000| PB 0x000002bb53000000| Untracked |  0
|  10|0x000002bb54000000, 0x000002bb54ffffe8, 0x000002bb55000000| 99%| O|  |TAMS 0x000002bb54000000| PB 0x000002bb54000000| Untracked |  0
|  11|0x000002bb55000000, 0x000002bb55fffff0, 0x000002bb56000000| 99%| O|  |TAMS 0x000002bb55000000| PB 0x000002bb55000000| Untracked |  0
|  12|0x000002bb56000000, 0x000002bb56ffffe8, 0x000002bb57000000| 99%| O|  |TAMS 0x000002bb56000000| PB 0x000002bb56000000| Untracked |  0
|  13|0x000002bb57000000, 0x000002bb57ffffc8, 0x000002bb58000000| 99%| O|  |TAMS 0x000002bb57000000| PB 0x000002bb57000000| Untracked |  0
|  14|0x000002bb58000000, 0x000002bb59000000, 0x000002bb59000000|100%| O|  |TAMS 0x000002bb58000000| PB 0x000002bb58000000| Untracked |  0
|  15|0x000002bb59000000, 0x000002bb59fcf6c8, 0x000002bb5a000000| 98%| O|  |TAMS 0x000002bb59000000| PB 0x000002bb59000000| Untracked |  0
|  16|0x000002bb5a000000, 0x000002bb5afffff0, 0x000002bb5b000000| 99%| O|  |TAMS 0x000002bb5a000000| PB 0x000002bb5a000000| Untracked |  0
|  17|0x000002bb5b000000, 0x000002bb5bffffd8, 0x000002bb5c000000| 99%| O|  |TAMS 0x000002bb5b000000| PB 0x000002bb5b000000| Untracked |  0
|  18|0x000002bb5c000000, 0x000002bb5cfffff8, 0x000002bb5d000000| 99%| O|  |TAMS 0x000002bb5c000000| PB 0x000002bb5c000000| Untracked |  0
|  19|0x000002bb5d000000, 0x000002bb5dffffb8, 0x000002bb5e000000| 99%| O|  |TAMS 0x000002bb5d000000| PB 0x000002bb5d000000| Untracked |  0
|  20|0x000002bb5e000000, 0x000002bb5f000000, 0x000002bb5f000000|100%| O|  |TAMS 0x000002bb5e000000| PB 0x000002bb5e000000| Untracked |  0
|  21|0x000002bb5f000000, 0x000002bb5fffffb0, 0x000002bb60000000| 99%| O|  |TAMS 0x000002bb5f000000| PB 0x000002bb5f000000| Untracked |  0
|  22|0x000002bb60000000, 0x000002bb60ffffe0, 0x000002bb61000000| 99%| O|  |TAMS 0x000002bb60000000| PB 0x000002bb60000000| Untracked |  0
|  23|0x000002bb61000000, 0x000002bb6194b760, 0x000002bb62000000| 58%| O|  |TAMS 0x000002bb61000000| PB 0x000002bb61000000| Untracked |  0
|  24|0x000002bb62000000, 0x000002bb62ffffd0, 0x000002bb63000000| 99%| O|  |TAMS 0x000002bb62000000| PB 0x000002bb62000000| Untracked |  0
|  25|0x000002bb63000000, 0x000002bb63f23088, 0x000002bb64000000| 94%| O|  |TAMS 0x000002bb63000000| PB 0x000002bb63000000| Untracked |  0
|  26|0x000002bb64000000, 0x000002bb64ffffb8, 0x000002bb65000000| 99%| O|  |TAMS 0x000002bb64000000| PB 0x000002bb64000000| Untracked |  0
|  27|0x000002bb65000000, 0x000002bb65ffffb8, 0x000002bb66000000| 99%| O|  |TAMS 0x000002bb65000000| PB 0x000002bb65000000| Untracked |  0
|  28|0x000002bb66000000, 0x000002bb66ff54d0, 0x000002bb67000000| 99%| O|  |TAMS 0x000002bb66000000| PB 0x000002bb66000000| Untracked |  0
|  29|0x000002bb67000000, 0x000002bb67990bd0, 0x000002bb68000000| 59%| O|  |TAMS 0x000002bb67000000| PB 0x000002bb67000000| Untracked |  0
|  30|0x000002bb68000000, 0x000002bb68fffff8, 0x000002bb69000000| 99%| O|  |TAMS 0x000002bb68000000| PB 0x000002bb68000000| Untracked |  0
|  31|0x000002bb69000000, 0x000002bb69fffff8, 0x000002bb6a000000| 99%| O|  |TAMS 0x000002bb69000000| PB 0x000002bb69000000| Untracked |  0
|  32|0x000002bb6a000000, 0x000002bb6afffff8, 0x000002bb6b000000| 99%| O|  |TAMS 0x000002bb6a000000| PB 0x000002bb6a000000| Untracked |  0
|  33|0x000002bb6b000000, 0x000002bb6bffffb0, 0x000002bb6c000000| 99%| O|  |TAMS 0x000002bb6b000000| PB 0x000002bb6b000000| Untracked |  0
|  34|0x000002bb6c000000, 0x000002bb6cfffff0, 0x000002bb6d000000| 99%| O|  |TAMS 0x000002bb6c000000| PB 0x000002bb6c000000| Untracked |  0
|  35|0x000002bb6d000000, 0x000002bb6dfffff8, 0x000002bb6e000000| 99%| O|  |TAMS 0x000002bb6d000000| PB 0x000002bb6d000000| Untracked |  0
|  36|0x000002bb6e000000, 0x000002bb6effffe8, 0x000002bb6f000000| 99%| O|  |TAMS 0x000002bb6e000000| PB 0x000002bb6e000000| Untracked |  0
|  37|0x000002bb6f000000, 0x000002bb6ffffff8, 0x000002bb70000000| 99%| O|  |TAMS 0x000002bb6f000000| PB 0x000002bb6f000000| Untracked |  0
|  38|0x000002bb70000000, 0x000002bb71000000, 0x000002bb71000000|100%| O|  |TAMS 0x000002bb70000000| PB 0x000002bb70000000| Untracked |  0
|  39|0x000002bb71000000, 0x000002bb711825d8, 0x000002bb72000000|  9%| O|  |TAMS 0x000002bb71000000| PB 0x000002bb71000000| Untracked |  0
|  40|0x000002bb72000000, 0x000002bb729b31e0, 0x000002bb73000000| 60%| O|  |TAMS 0x000002bb72000000| PB 0x000002bb72000000| Untracked |  0
|  41|0x000002bb73000000, 0x000002bb74000000, 0x000002bb74000000|100%| O|  |TAMS 0x000002bb73000000| PB 0x000002bb73000000| Untracked |  0
|  42|0x000002bb74000000, 0x000002bb748da4a0, 0x000002bb75000000| 55%| O|  |TAMS 0x000002bb74000000| PB 0x000002bb74000000| Untracked |  0
|  43|0x000002bb75000000, 0x000002bb76000000, 0x000002bb76000000|100%| O|  |TAMS 0x000002bb75000000| PB 0x000002bb75000000| Untracked |  0
|  44|0x000002bb76000000, 0x000002bb77000000, 0x000002bb77000000|100%| O|  |TAMS 0x000002bb76000000| PB 0x000002bb76000000| Untracked |  0
|  45|0x000002bb77000000, 0x000002bb7733a5b0, 0x000002bb78000000| 20%| O|  |TAMS 0x000002bb77000000| PB 0x000002bb77000000| Untracked |  0
|  46|0x000002bb78000000, 0x000002bb789cac60, 0x000002bb79000000| 61%| O|  |TAMS 0x000002bb78000000| PB 0x000002bb78000000| Untracked |  0
|  47|0x000002bb79000000, 0x000002bb7a000000, 0x000002bb7a000000|100%| O|  |TAMS 0x000002bb79000000| PB 0x000002bb79000000| Untracked |  0
|  48|0x000002bb7a000000, 0x000002bb7a173360, 0x000002bb7b000000|  9%| O|  |TAMS 0x000002bb7a000000| PB 0x000002bb7a000000| Untracked |  0
|  49|0x000002bb7b000000, 0x000002bb7b058ee0, 0x000002bb7c000000|  2%| O|  |TAMS 0x000002bb7b000000| PB 0x000002bb7b000000| Untracked |  0
|  50|0x000002bb7c000000, 0x000002bb7ce088b8, 0x000002bb7d000000| 87%| O|  |TAMS 0x000002bb7c000000| PB 0x000002bb7c000000| Untracked |  0
|  51|0x000002bb7d000000, 0x000002bb7dffffd0, 0x000002bb7e000000| 99%| O|  |TAMS 0x000002bb7d000000| PB 0x000002bb7d000000| Untracked |  0
|  52|0x000002bb7e000000, 0x000002bb7effffd8, 0x000002bb7f000000| 99%| O|  |TAMS 0x000002bb7e000000| PB 0x000002bb7e000000| Untracked |  0
|  53|0x000002bb7f000000, 0x000002bb7f06e760, 0x000002bb80000000|  2%| O|  |TAMS 0x000002bb7f000000| PB 0x000002bb7f000000| Untracked |  0
|  54|0x000002bb80000000, 0x000002bb80ffffd0, 0x000002bb81000000| 99%| O|  |TAMS 0x000002bb80000000| PB 0x000002bb80000000| Untracked |  0
|  55|0x000002bb81000000, 0x000002bb8141cdf0, 0x000002bb82000000| 25%| O|  |TAMS 0x000002bb81000000| PB 0x000002bb81000000| Untracked |  0
|  56|0x000002bb82000000, 0x000002bb822ccc88, 0x000002bb83000000| 17%| O|  |TAMS 0x000002bb82000000| PB 0x000002bb82000000| Untracked |  0
|  57|0x000002bb83000000, 0x000002bb84000000, 0x000002bb84000000|100%| O|  |TAMS 0x000002bb83000000| PB 0x000002bb83000000| Untracked |  0
|  58|0x000002bb84000000, 0x000002bb85000000, 0x000002bb85000000|100%| O|  |TAMS 0x000002bb84000000| PB 0x000002bb84000000| Untracked |  0
|  59|0x000002bb85000000, 0x000002bb86000000, 0x000002bb86000000|100%| O|  |TAMS 0x000002bb85000000| PB 0x000002bb85000000| Untracked |  0
|  60|0x000002bb86000000, 0x000002bb87000000, 0x000002bb87000000|100%| O|  |TAMS 0x000002bb86000000| PB 0x000002bb86000000| Untracked |  0
|  61|0x000002bb87000000, 0x000002bb88000000, 0x000002bb88000000|100%| O|  |TAMS 0x000002bb87000000| PB 0x000002bb87000000| Untracked |  0
|  62|0x000002bb88000000, 0x000002bb89000000, 0x000002bb89000000|100%| O|  |TAMS 0x000002bb88000000| PB 0x000002bb88000000| Untracked |  0
|  63|0x000002bb89000000, 0x000002bb891f42d0, 0x000002bb8a000000| 12%| O|  |TAMS 0x000002bb89000000| PB 0x000002bb89000000| Untracked |  0
|  64|0x000002bb8a000000, 0x000002bb8b000000, 0x000002bb8b000000|100%| O|  |TAMS 0x000002bb8a000000| PB 0x000002bb8a000000| Untracked |  0
|  65|0x000002bb8b000000, 0x000002bb8c000000, 0x000002bb8c000000|100%| O|  |TAMS 0x000002bb8b000000| PB 0x000002bb8b000000| Untracked |  0
|  66|0x000002bb8c000000, 0x000002bb8d000000, 0x000002bb8d000000|100%| O|  |TAMS 0x000002bb8c000000| PB 0x000002bb8c000000| Untracked |  0
|  67|0x000002bb8d000000, 0x000002bb8e000000, 0x000002bb8e000000|100%| O|  |TAMS 0x000002bb8d000000| PB 0x000002bb8d000000| Untracked |  0
|  68|0x000002bb8e000000, 0x000002bb8f000000, 0x000002bb8f000000|100%| O|  |TAMS 0x000002bb8e000000| PB 0x000002bb8e000000| Untracked |  0
|  69|0x000002bb8f000000, 0x000002bb90000000, 0x000002bb90000000|100%| O|  |TAMS 0x000002bb8f000000| PB 0x000002bb8f000000| Untracked |  0
|  70|0x000002bb90000000, 0x000002bb907d8730, 0x000002bb91000000| 49%| O|  |TAMS 0x000002bb90000000| PB 0x000002bb90000000| Untracked |  0
|  71|0x000002bb91000000, 0x000002bb91370520, 0x000002bb92000000| 21%| O|  |TAMS 0x000002bb91000000| PB 0x000002bb91000000| Untracked |  0
|  72|0x000002bb92000000, 0x000002bb93000000, 0x000002bb93000000|100%| O|  |TAMS 0x000002bb92000000| PB 0x000002bb92000000| Untracked |  0
|  73|0x000002bb93000000, 0x000002bb93783b98, 0x000002bb94000000| 46%| O|  |TAMS 0x000002bb93000000| PB 0x000002bb93000000| Untracked |  0
|  74|0x000002bb94000000, 0x000002bb95000000, 0x000002bb95000000|100%| O|  |TAMS 0x000002bb94000000| PB 0x000002bb94000000| Untracked |  0
|  75|0x000002bb95000000, 0x000002bb96000000, 0x000002bb96000000|100%| O|  |TAMS 0x000002bb95000000| PB 0x000002bb95000000| Untracked |  0
|  76|0x000002bb96000000, 0x000002bb97000000, 0x000002bb97000000|100%| O|  |TAMS 0x000002bb96000000| PB 0x000002bb96000000| Untracked |  0
|  77|0x000002bb97000000, 0x000002bb98000000, 0x000002bb98000000|100%| O|  |TAMS 0x000002bb97000000| PB 0x000002bb97000000| Untracked |  0
|  78|0x000002bb98000000, 0x000002bb99000000, 0x000002bb99000000|100%| O|  |TAMS 0x000002bb98000000| PB 0x000002bb98000000| Untracked |  0
|  79|0x000002bb99000000, 0x000002bb9a000000, 0x000002bb9a000000|100%| O|  |TAMS 0x000002bb99000000| PB 0x000002bb99000000| Untracked |  0
|  80|0x000002bb9a000000, 0x000002bb9b000000, 0x000002bb9b000000|100%| O|  |TAMS 0x000002bb9a000000| PB 0x000002bb9a000000| Untracked |  0
|  81|0x000002bb9b000000, 0x000002bb9c000000, 0x000002bb9c000000|100%| O|  |TAMS 0x000002bb9b000000| PB 0x000002bb9b000000| Untracked |  0
|  82|0x000002bb9c000000, 0x000002bb9d000000, 0x000002bb9d000000|100%| O|  |TAMS 0x000002bb9c000000| PB 0x000002bb9c000000| Untracked |  0
|  83|0x000002bb9d000000, 0x000002bb9e000000, 0x000002bb9e000000|100%| O|  |TAMS 0x000002bb9d000000| PB 0x000002bb9d000000| Untracked |  0
|  84|0x000002bb9e000000, 0x000002bb9f000000, 0x000002bb9f000000|100%| O|  |TAMS 0x000002bb9e000000| PB 0x000002bb9e000000| Untracked |  0
|  85|0x000002bb9f000000, 0x000002bba0000000, 0x000002bba0000000|100%| O|  |TAMS 0x000002bb9f000000| PB 0x000002bb9f000000| Untracked |  0
|  86|0x000002bba0000000, 0x000002bba1000000, 0x000002bba1000000|100%| O|  |TAMS 0x000002bba0000000| PB 0x000002bba0000000| Untracked |  0
|  87|0x000002bba1000000, 0x000002bba2000000, 0x000002bba2000000|100%| O|  |TAMS 0x000002bba1000000| PB 0x000002bba1000000| Untracked |  0
|  88|0x000002bba2000000, 0x000002bba3000000, 0x000002bba3000000|100%| O|  |TAMS 0x000002bba2000000| PB 0x000002bba2000000| Untracked |  0
|  89|0x000002bba3000000, 0x000002bba4000000, 0x000002bba4000000|100%| O|  |TAMS 0x000002bba3000000| PB 0x000002bba3000000| Untracked |  0
|  90|0x000002bba4000000, 0x000002bba5000000, 0x000002bba5000000|100%| O|  |TAMS 0x000002bba4000000| PB 0x000002bba4000000| Untracked |  0
|  91|0x000002bba5000000, 0x000002bba6000000, 0x000002bba6000000|100%| O|  |TAMS 0x000002bba5000000| PB 0x000002bba5000000| Untracked |  0
|  92|0x000002bba6000000, 0x000002bba7000000, 0x000002bba7000000|100%| O|  |TAMS 0x000002bba6000000| PB 0x000002bba6000000| Untracked |  0
|  93|0x000002bba7000000, 0x000002bba8000000, 0x000002bba8000000|100%| O|  |TAMS 0x000002bba7000000| PB 0x000002bba7000000| Untracked |  0
|  94|0x000002bba8000000, 0x000002bba9000000, 0x000002bba9000000|100%| O|  |TAMS 0x000002bba8000000| PB 0x000002bba8000000| Untracked |  0
|  95|0x000002bba9000000, 0x000002bbaa000000, 0x000002bbaa000000|100%| O|  |TAMS 0x000002bba9000000| PB 0x000002bba9000000| Untracked |  0
|  96|0x000002bbaa000000, 0x000002bbab000000, 0x000002bbab000000|100%| O|  |TAMS 0x000002bbaa000000| PB 0x000002bbaa000000| Untracked |  0
|  97|0x000002bbab000000, 0x000002bbac000000, 0x000002bbac000000|100%| O|  |TAMS 0x000002bbab000000| PB 0x000002bbab000000| Untracked |  0
|  98|0x000002bbac000000, 0x000002bbad000000, 0x000002bbad000000|100%| O|  |TAMS 0x000002bbac000000| PB 0x000002bbac000000| Untracked |  0
|  99|0x000002bbad000000, 0x000002bbae000000, 0x000002bbae000000|100%| O|  |TAMS 0x000002bbad000000| PB 0x000002bbad000000| Untracked |  0
| 100|0x000002bbae000000, 0x000002bbaf000000, 0x000002bbaf000000|100%| O|  |TAMS 0x000002bbae000000| PB 0x000002bbae000000| Untracked |  0
| 101|0x000002bbaf000000, 0x000002bbb0000000, 0x000002bbb0000000|100%| O|  |TAMS 0x000002bbaf000000| PB 0x000002bbaf000000| Untracked |  0
| 102|0x000002bbb0000000, 0x000002bbb1000000, 0x000002bbb1000000|100%| O|  |TAMS 0x000002bbb0000000| PB 0x000002bbb0000000| Untracked |  0
| 103|0x000002bbb1000000, 0x000002bbb2000000, 0x000002bbb2000000|100%| O|  |TAMS 0x000002bbb1000000| PB 0x000002bbb1000000| Untracked |  0
| 104|0x000002bbb2000000, 0x000002bbb3000000, 0x000002bbb3000000|100%| O|  |TAMS 0x000002bbb2000000| PB 0x000002bbb2000000| Untracked |  0
| 105|0x000002bbb3000000, 0x000002bbb4000000, 0x000002bbb4000000|100%| O|  |TAMS 0x000002bbb3000000| PB 0x000002bbb3000000| Untracked |  0
| 106|0x000002bbb4000000, 0x000002bbb5000000, 0x000002bbb5000000|100%| O|  |TAMS 0x000002bbb4000000| PB 0x000002bbb4000000| Untracked |  0
| 107|0x000002bbb5000000, 0x000002bbb6000000, 0x000002bbb6000000|100%| O|  |TAMS 0x000002bbb5000000| PB 0x000002bbb5000000| Untracked |  0
| 108|0x000002bbb6000000, 0x000002bbb7000000, 0x000002bbb7000000|100%| O|  |TAMS 0x000002bbb6000000| PB 0x000002bbb6000000| Untracked |  0
| 109|0x000002bbb7000000, 0x000002bbb8000000, 0x000002bbb8000000|100%| O|  |TAMS 0x000002bbb7000000| PB 0x000002bbb7000000| Untracked |  0
| 110|0x000002bbb8000000, 0x000002bbb9000000, 0x000002bbb9000000|100%| O|  |TAMS 0x000002bbb8000000| PB 0x000002bbb8000000| Untracked |  0
| 111|0x000002bbb9000000, 0x000002bbba000000, 0x000002bbba000000|100%| O|  |TAMS 0x000002bbb9000000| PB 0x000002bbb9000000| Untracked |  0
| 112|0x000002bbba000000, 0x000002bbbb000000, 0x000002bbbb000000|100%| O|  |TAMS 0x000002bbba000000| PB 0x000002bbba000000| Untracked |  0
| 113|0x000002bbbb000000, 0x000002bbbc000000, 0x000002bbbc000000|100%| O|  |TAMS 0x000002bbbb000000| PB 0x000002bbbb000000| Untracked |  0
| 114|0x000002bbbc000000, 0x000002bbbd000000, 0x000002bbbd000000|100%| O|  |TAMS 0x000002bbbc000000| PB 0x000002bbbc000000| Untracked |  0
| 115|0x000002bbbd000000, 0x000002bbbe000000, 0x000002bbbe000000|100%| O|  |TAMS 0x000002bbbd000000| PB 0x000002bbbd000000| Untracked |  0
| 116|0x000002bbbe000000, 0x000002bbbf000000, 0x000002bbbf000000|100%| O|  |TAMS 0x000002bbbe000000| PB 0x000002bbbe000000| Untracked |  0
| 117|0x000002bbbf000000, 0x000002bbc0000000, 0x000002bbc0000000|100%| O|  |TAMS 0x000002bbbf000000| PB 0x000002bbbf000000| Untracked |  0
| 118|0x000002bbc0000000, 0x000002bbc1000000, 0x000002bbc1000000|100%| O|  |TAMS 0x000002bbc0000000| PB 0x000002bbc0000000| Untracked |  0
| 119|0x000002bbc1000000, 0x000002bbc2000000, 0x000002bbc2000000|100%| O|  |TAMS 0x000002bbc1000000| PB 0x000002bbc1000000| Untracked |  0
| 120|0x000002bbc2000000, 0x000002bbc3000000, 0x000002bbc3000000|100%| O|  |TAMS 0x000002bbc2000000| PB 0x000002bbc2000000| Untracked |  0
| 121|0x000002bbc3000000, 0x000002bbc4000000, 0x000002bbc4000000|100%| O|  |TAMS 0x000002bbc3000000| PB 0x000002bbc3000000| Untracked |  0
| 122|0x000002bbc4000000, 0x000002bbc5000000, 0x000002bbc5000000|100%| O|  |TAMS 0x000002bbc4000000| PB 0x000002bbc4000000| Untracked |  0
| 123|0x000002bbc5000000, 0x000002bbc6000000, 0x000002bbc6000000|100%| O|  |TAMS 0x000002bbc5000000| PB 0x000002bbc5000000| Untracked |  0
| 124|0x000002bbc6000000, 0x000002bbc7000000, 0x000002bbc7000000|100%| O|  |TAMS 0x000002bbc6000000| PB 0x000002bbc6000000| Untracked |  0
| 125|0x000002bbc7000000, 0x000002bbc8000000, 0x000002bbc8000000|100%| O|  |TAMS 0x000002bbc7000000| PB 0x000002bbc7000000| Untracked |  0
| 126|0x000002bbc8000000, 0x000002bbc9000000, 0x000002bbc9000000|100%| O|  |TAMS 0x000002bbc8000000| PB 0x000002bbc8000000| Untracked |  0
| 127|0x000002bbc9000000, 0x000002bbca000000, 0x000002bbca000000|100%| O|  |TAMS 0x000002bbc9000000| PB 0x000002bbc9000000| Untracked |  0
| 128|0x000002bbca000000, 0x000002bbcb000000, 0x000002bbcb000000|100%| O|  |TAMS 0x000002bbca000000| PB 0x000002bbca000000| Untracked |  0
| 129|0x000002bbcb000000, 0x000002bbcc000000, 0x000002bbcc000000|100%| O|  |TAMS 0x000002bbcb000000| PB 0x000002bbcb000000| Untracked |  0
| 130|0x000002bbcc000000, 0x000002bbcd000000, 0x000002bbcd000000|100%| O|  |TAMS 0x000002bbcc000000| PB 0x000002bbcc000000| Untracked |  0
| 131|0x000002bbcd000000, 0x000002bbce000000, 0x000002bbce000000|100%| O|  |TAMS 0x000002bbcd000000| PB 0x000002bbcd000000| Untracked |  0
| 132|0x000002bbce000000, 0x000002bbcf000000, 0x000002bbcf000000|100%| O|  |TAMS 0x000002bbce000000| PB 0x000002bbce000000| Untracked |  0
| 133|0x000002bbcf000000, 0x000002bbd0000000, 0x000002bbd0000000|100%| O|  |TAMS 0x000002bbcf000000| PB 0x000002bbcf000000| Untracked |  0
| 134|0x000002bbd0000000, 0x000002bbd1000000, 0x000002bbd1000000|100%| O|  |TAMS 0x000002bbd0000000| PB 0x000002bbd0000000| Untracked |  0
| 135|0x000002bbd1000000, 0x000002bbd2000000, 0x000002bbd2000000|100%| O|  |TAMS 0x000002bbd1000000| PB 0x000002bbd1000000| Untracked |  0
| 136|0x000002bbd2000000, 0x000002bbd3000000, 0x000002bbd3000000|100%| O|  |TAMS 0x000002bbd2000000| PB 0x000002bbd2000000| Untracked |  0
| 137|0x000002bbd3000000, 0x000002bbd326c460, 0x000002bbd4000000| 15%| O|  |TAMS 0x000002bbd3000000| PB 0x000002bbd3000000| Untracked |  0
| 138|0x000002bbd4000000, 0x000002bbd4000000, 0x000002bbd5000000|  0%| F|  |TAMS 0x000002bbd4000000| PB 0x000002bbd4000000| Untracked |  0
| 139|0x000002bbd5000000, 0x000002bbd5000000, 0x000002bbd6000000|  0%| F|  |TAMS 0x000002bbd5000000| PB 0x000002bbd5000000| Untracked |  0
| 140|0x000002bbd6000000, 0x000002bbd6000000, 0x000002bbd7000000|  0%| F|  |TAMS 0x000002bbd6000000| PB 0x000002bbd6000000| Untracked |  0
| 141|0x000002bbd7000000, 0x000002bbd7000000, 0x000002bbd8000000|  0%| F|  |TAMS 0x000002bbd7000000| PB 0x000002bbd7000000| Untracked |  0
| 142|0x000002bbd8000000, 0x000002bbd8000000, 0x000002bbd9000000|  0%| F|  |TAMS 0x000002bbd8000000| PB 0x000002bbd8000000| Untracked |  0
| 143|0x000002bbd9000000, 0x000002bbd9000000, 0x000002bbda000000|  0%| F|  |TAMS 0x000002bbd9000000| PB 0x000002bbd9000000| Untracked |  0
| 144|0x000002bbda000000, 0x000002bbda000000, 0x000002bbdb000000|  0%| F|  |TAMS 0x000002bbda000000| PB 0x000002bbda000000| Untracked |  0
| 145|0x000002bbdb000000, 0x000002bbdb000000, 0x000002bbdc000000|  0%| F|  |TAMS 0x000002bbdb000000| PB 0x000002bbdb000000| Untracked |  0
| 146|0x000002bbdc000000, 0x000002bbdc000000, 0x000002bbdd000000|  0%| F|  |TAMS 0x000002bbdc000000| PB 0x000002bbdc000000| Untracked |  0
| 147|0x000002bbdd000000, 0x000002bbdd000000, 0x000002bbde000000|  0%| F|  |TAMS 0x000002bbdd000000| PB 0x000002bbdd000000| Untracked |  0
| 148|0x000002bbde000000, 0x000002bbde000000, 0x000002bbdf000000|  0%| F|  |TAMS 0x000002bbde000000| PB 0x000002bbde000000| Untracked |  0
| 149|0x000002bbdf000000, 0x000002bbdf000000, 0x000002bbe0000000|  0%| F|  |TAMS 0x000002bbdf000000| PB 0x000002bbdf000000| Untracked |  0
| 150|0x000002bbe0000000, 0x000002bbe0000000, 0x000002bbe1000000|  0%| F|  |TAMS 0x000002bbe0000000| PB 0x000002bbe0000000| Untracked |  0
| 151|0x000002bbe1000000, 0x000002bbe1000000, 0x000002bbe2000000|  0%| F|  |TAMS 0x000002bbe1000000| PB 0x000002bbe1000000| Untracked |  0
| 152|0x000002bbe2000000, 0x000002bbe2000000, 0x000002bbe3000000|  0%| F|  |TAMS 0x000002bbe2000000| PB 0x000002bbe2000000| Untracked |  0
| 153|0x000002bbe3000000, 0x000002bbe3000000, 0x000002bbe4000000|  0%| F|  |TAMS 0x000002bbe3000000| PB 0x000002bbe3000000| Untracked |  0
| 154|0x000002bbe4000000, 0x000002bbe4000000, 0x000002bbe5000000|  0%| F|  |TAMS 0x000002bbe4000000| PB 0x000002bbe4000000| Untracked |  0
| 155|0x000002bbe5000000, 0x000002bbe5000000, 0x000002bbe6000000|  0%| F|  |TAMS 0x000002bbe5000000| PB 0x000002bbe5000000| Untracked |  0
| 156|0x000002bbe6000000, 0x000002bbe6000000, 0x000002bbe7000000|  0%| F|  |TAMS 0x000002bbe6000000| PB 0x000002bbe6000000| Untracked |  0
| 157|0x000002bbe7000000, 0x000002bbe7000000, 0x000002bbe8000000|  0%| F|  |TAMS 0x000002bbe7000000| PB 0x000002bbe7000000| Untracked |  0
| 158|0x000002bbe8000000, 0x000002bbe8000000, 0x000002bbe9000000|  0%| F|  |TAMS 0x000002bbe8000000| PB 0x000002bbe8000000| Untracked |  0
| 159|0x000002bbe9000000, 0x000002bbe9000000, 0x000002bbea000000|  0%| F|  |TAMS 0x000002bbe9000000| PB 0x000002bbe9000000| Untracked |  0
| 160|0x000002bbea000000, 0x000002bbea000000, 0x000002bbeb000000|  0%| F|  |TAMS 0x000002bbea000000| PB 0x000002bbea000000| Untracked |  0
| 161|0x000002bbeb000000, 0x000002bbeb000000, 0x000002bbec000000|  0%| F|  |TAMS 0x000002bbeb000000| PB 0x000002bbeb000000| Untracked |  0
| 162|0x000002bbec000000, 0x000002bbec000000, 0x000002bbed000000|  0%| F|  |TAMS 0x000002bbec000000| PB 0x000002bbec000000| Untracked |  0
| 163|0x000002bbed000000, 0x000002bbed000000, 0x000002bbee000000|  0%| F|  |TAMS 0x000002bbed000000| PB 0x000002bbed000000| Untracked |  0
| 164|0x000002bbee000000, 0x000002bbee000000, 0x000002bbef000000|  0%| F|  |TAMS 0x000002bbee000000| PB 0x000002bbee000000| Untracked |  0
| 165|0x000002bbef000000, 0x000002bbef000000, 0x000002bbf0000000|  0%| F|  |TAMS 0x000002bbef000000| PB 0x000002bbef000000| Untracked |  0
| 166|0x000002bbf0000000, 0x000002bbf0000000, 0x000002bbf1000000|  0%| F|  |TAMS 0x000002bbf0000000| PB 0x000002bbf0000000| Untracked |  0
| 167|0x000002bbf1000000, 0x000002bbf1000000, 0x000002bbf2000000|  0%| F|  |TAMS 0x000002bbf1000000| PB 0x000002bbf1000000| Untracked |  0
| 168|0x000002bbf2000000, 0x000002bbf2000000, 0x000002bbf3000000|  0%| F|  |TAMS 0x000002bbf2000000| PB 0x000002bbf2000000| Untracked |  0
| 169|0x000002bbf3000000, 0x000002bbf3000000, 0x000002bbf4000000|  0%| F|  |TAMS 0x000002bbf3000000| PB 0x000002bbf3000000| Untracked |  0
| 170|0x000002bbf4000000, 0x000002bbf4000000, 0x000002bbf5000000|  0%| F|  |TAMS 0x000002bbf4000000| PB 0x000002bbf4000000| Untracked |  0
| 171|0x000002bbf5000000, 0x000002bbf5000000, 0x000002bbf6000000|  0%| F|  |TAMS 0x000002bbf5000000| PB 0x000002bbf5000000| Untracked |  0
| 172|0x000002bbf6000000, 0x000002bbf6000000, 0x000002bbf7000000|  0%| F|  |TAMS 0x000002bbf6000000| PB 0x000002bbf6000000| Untracked |  0
| 173|0x000002bbf7000000, 0x000002bbf7000000, 0x000002bbf8000000|  0%| F|  |TAMS 0x000002bbf7000000| PB 0x000002bbf7000000| Untracked |  0
| 174|0x000002bbf8000000, 0x000002bbf8000000, 0x000002bbf9000000|  0%| F|  |TAMS 0x000002bbf8000000| PB 0x000002bbf8000000| Untracked |  0
| 175|0x000002bbf9000000, 0x000002bbf9000000, 0x000002bbfa000000|  0%| F|  |TAMS 0x000002bbf9000000| PB 0x000002bbf9000000| Untracked |  0
| 176|0x000002bbfa000000, 0x000002bbfa000000, 0x000002bbfb000000|  0%| F|  |TAMS 0x000002bbfa000000| PB 0x000002bbfa000000| Untracked |  0
| 177|0x000002bbfb000000, 0x000002bbfb000000, 0x000002bbfc000000|  0%| F|  |TAMS 0x000002bbfb000000| PB 0x000002bbfb000000| Untracked |  0
| 178|0x000002bbfc000000, 0x000002bbfc000000, 0x000002bbfd000000|  0%| F|  |TAMS 0x000002bbfc000000| PB 0x000002bbfc000000| Untracked |  0
| 179|0x000002bbfd000000, 0x000002bbfd000000, 0x000002bbfe000000|  0%| F|  |TAMS 0x000002bbfd000000| PB 0x000002bbfd000000| Untracked |  0
| 180|0x000002bbfe000000, 0x000002bbfe000000, 0x000002bbff000000|  0%| F|  |TAMS 0x000002bbfe000000| PB 0x000002bbfe000000| Untracked |  0
| 181|0x000002bbff000000, 0x000002bbff000000, 0x000002bc00000000|  0%| F|  |TAMS 0x000002bbff000000| PB 0x000002bbff000000| Untracked |  0
| 182|0x000002bc00000000, 0x000002bc00000000, 0x000002bc01000000|  0%| F|  |TAMS 0x000002bc00000000| PB 0x000002bc00000000| Untracked |  0
| 183|0x000002bc01000000, 0x000002bc01000000, 0x000002bc02000000|  0%| F|  |TAMS 0x000002bc01000000| PB 0x000002bc01000000| Untracked |  0
| 184|0x000002bc02000000, 0x000002bc02000000, 0x000002bc03000000|  0%| F|  |TAMS 0x000002bc02000000| PB 0x000002bc02000000| Untracked |  0
| 185|0x000002bc03000000, 0x000002bc03000000, 0x000002bc04000000|  0%| F|  |TAMS 0x000002bc03000000| PB 0x000002bc03000000| Untracked |  0
| 186|0x000002bc04000000, 0x000002bc04000000, 0x000002bc05000000|  0%| F|  |TAMS 0x000002bc04000000| PB 0x000002bc04000000| Untracked |  0
| 187|0x000002bc05000000, 0x000002bc05000000, 0x000002bc06000000|  0%| F|  |TAMS 0x000002bc05000000| PB 0x000002bc05000000| Untracked |  0
| 188|0x000002bc06000000, 0x000002bc06000000, 0x000002bc07000000|  0%| F|  |TAMS 0x000002bc06000000| PB 0x000002bc06000000| Untracked |  0
| 189|0x000002bc07000000, 0x000002bc07000000, 0x000002bc08000000|  0%| F|  |TAMS 0x000002bc07000000| PB 0x000002bc07000000| Untracked |  0
| 190|0x000002bc08000000, 0x000002bc08000000, 0x000002bc09000000|  0%| F|  |TAMS 0x000002bc08000000| PB 0x000002bc08000000| Untracked |  0
| 191|0x000002bc09000000, 0x000002bc09000000, 0x000002bc0a000000|  0%| F|  |TAMS 0x000002bc09000000| PB 0x000002bc09000000| Untracked |  0
| 192|0x000002bc0a000000, 0x000002bc0a000000, 0x000002bc0b000000|  0%| F|  |TAMS 0x000002bc0a000000| PB 0x000002bc0a000000| Untracked |  0
| 193|0x000002bc0b000000, 0x000002bc0b000000, 0x000002bc0c000000|  0%| F|  |TAMS 0x000002bc0b000000| PB 0x000002bc0b000000| Untracked |  0
| 194|0x000002bc0c000000, 0x000002bc0c000000, 0x000002bc0d000000|  0%| F|  |TAMS 0x000002bc0c000000| PB 0x000002bc0c000000| Untracked |  0
| 195|0x000002bc0d000000, 0x000002bc0d000000, 0x000002bc0e000000|  0%| F|  |TAMS 0x000002bc0d000000| PB 0x000002bc0d000000| Untracked |  0
| 196|0x000002bc0e000000, 0x000002bc0e000000, 0x000002bc0f000000|  0%| F|  |TAMS 0x000002bc0e000000| PB 0x000002bc0e000000| Untracked |  0
| 197|0x000002bc0f000000, 0x000002bc0f000000, 0x000002bc10000000|  0%| F|  |TAMS 0x000002bc0f000000| PB 0x000002bc0f000000| Untracked |  0
| 198|0x000002bc10000000, 0x000002bc10000000, 0x000002bc11000000|  0%| F|  |TAMS 0x000002bc10000000| PB 0x000002bc10000000| Untracked |  0
| 199|0x000002bc11000000, 0x000002bc11000000, 0x000002bc12000000|  0%| F|  |TAMS 0x000002bc11000000| PB 0x000002bc11000000| Untracked |  0
| 200|0x000002bc12000000, 0x000002bc12000000, 0x000002bc13000000|  0%| F|  |TAMS 0x000002bc12000000| PB 0x000002bc12000000| Untracked |  0
| 201|0x000002bc13000000, 0x000002bc13000000, 0x000002bc14000000|  0%| F|  |TAMS 0x000002bc13000000| PB 0x000002bc13000000| Untracked |  0
| 202|0x000002bc14000000, 0x000002bc14000000, 0x000002bc15000000|  0%| F|  |TAMS 0x000002bc14000000| PB 0x000002bc14000000| Untracked |  0
| 203|0x000002bc15000000, 0x000002bc15000000, 0x000002bc16000000|  0%| F|  |TAMS 0x000002bc15000000| PB 0x000002bc15000000| Untracked |  0
| 204|0x000002bc16000000, 0x000002bc16000000, 0x000002bc17000000|  0%| F|  |TAMS 0x000002bc16000000| PB 0x000002bc16000000| Untracked |  0
| 205|0x000002bc17000000, 0x000002bc17000000, 0x000002bc18000000|  0%| F|  |TAMS 0x000002bc17000000| PB 0x000002bc17000000| Untracked |  0
| 206|0x000002bc18000000, 0x000002bc18000000, 0x000002bc19000000|  0%| F|  |TAMS 0x000002bc18000000| PB 0x000002bc18000000| Untracked |  0
| 207|0x000002bc19000000, 0x000002bc19000000, 0x000002bc1a000000|  0%| F|  |TAMS 0x000002bc19000000| PB 0x000002bc19000000| Untracked |  0
| 208|0x000002bc1a000000, 0x000002bc1a000000, 0x000002bc1b000000|  0%| F|  |TAMS 0x000002bc1a000000| PB 0x000002bc1a000000| Untracked |  0
| 209|0x000002bc1b000000, 0x000002bc1b000000, 0x000002bc1c000000|  0%| F|  |TAMS 0x000002bc1b000000| PB 0x000002bc1b000000| Untracked |  0
| 210|0x000002bc1c000000, 0x000002bc1c000000, 0x000002bc1d000000|  0%| F|  |TAMS 0x000002bc1c000000| PB 0x000002bc1c000000| Untracked |  0
| 211|0x000002bc1d000000, 0x000002bc1d000000, 0x000002bc1e000000|  0%| F|  |TAMS 0x000002bc1d000000| PB 0x000002bc1d000000| Untracked |  0
| 212|0x000002bc1e000000, 0x000002bc1e000000, 0x000002bc1f000000|  0%| F|  |TAMS 0x000002bc1e000000| PB 0x000002bc1e000000| Untracked |  0
| 213|0x000002bc1f000000, 0x000002bc1f000000, 0x000002bc20000000|  0%| F|  |TAMS 0x000002bc1f000000| PB 0x000002bc1f000000| Untracked |  0
| 214|0x000002bc20000000, 0x000002bc20000000, 0x000002bc21000000|  0%| F|  |TAMS 0x000002bc20000000| PB 0x000002bc20000000| Untracked |  0
| 215|0x000002bc21000000, 0x000002bc21000000, 0x000002bc22000000|  0%| F|  |TAMS 0x000002bc21000000| PB 0x000002bc21000000| Untracked |  0
| 216|0x000002bc22000000, 0x000002bc22000000, 0x000002bc23000000|  0%| F|  |TAMS 0x000002bc22000000| PB 0x000002bc22000000| Untracked |  0
| 217|0x000002bc23000000, 0x000002bc23000000, 0x000002bc24000000|  0%| F|  |TAMS 0x000002bc23000000| PB 0x000002bc23000000| Untracked |  0
| 218|0x000002bc24000000, 0x000002bc24000000, 0x000002bc25000000|  0%| F|  |TAMS 0x000002bc24000000| PB 0x000002bc24000000| Untracked |  0
| 219|0x000002bc25000000, 0x000002bc25000000, 0x000002bc26000000|  0%| F|  |TAMS 0x000002bc25000000| PB 0x000002bc25000000| Untracked |  0
| 220|0x000002bc26000000, 0x000002bc26000000, 0x000002bc27000000|  0%| F|  |TAMS 0x000002bc26000000| PB 0x000002bc26000000| Untracked |  0
| 221|0x000002bc27000000, 0x000002bc27000000, 0x000002bc28000000|  0%| F|  |TAMS 0x000002bc27000000| PB 0x000002bc27000000| Untracked |  0
| 222|0x000002bc28000000, 0x000002bc28000000, 0x000002bc29000000|  0%| F|  |TAMS 0x000002bc28000000| PB 0x000002bc28000000| Untracked |  0
| 223|0x000002bc29000000, 0x000002bc29000000, 0x000002bc2a000000|  0%| F|  |TAMS 0x000002bc29000000| PB 0x000002bc29000000| Untracked |  0
| 224|0x000002bc2a000000, 0x000002bc2a000000, 0x000002bc2b000000|  0%| F|  |TAMS 0x000002bc2a000000| PB 0x000002bc2a000000| Untracked |  0
| 225|0x000002bc2b000000, 0x000002bc2b000000, 0x000002bc2c000000|  0%| F|  |TAMS 0x000002bc2b000000| PB 0x000002bc2b000000| Untracked |  0
| 226|0x000002bc2c000000, 0x000002bc2c000000, 0x000002bc2d000000|  0%| F|  |TAMS 0x000002bc2c000000| PB 0x000002bc2c000000| Untracked |  0
| 227|0x000002bc2d000000, 0x000002bc2d000000, 0x000002bc2e000000|  0%| F|  |TAMS 0x000002bc2d000000| PB 0x000002bc2d000000| Untracked |  0
| 228|0x000002bc2e000000, 0x000002bc2e000000, 0x000002bc2f000000|  0%| F|  |TAMS 0x000002bc2e000000| PB 0x000002bc2e000000| Untracked |  0
| 229|0x000002bc2f000000, 0x000002bc2f000000, 0x000002bc30000000|  0%| F|  |TAMS 0x000002bc2f000000| PB 0x000002bc2f000000| Untracked |  0
| 230|0x000002bc30000000, 0x000002bc30000000, 0x000002bc31000000|  0%| F|  |TAMS 0x000002bc30000000| PB 0x000002bc30000000| Untracked |  0
| 231|0x000002bc31000000, 0x000002bc31000000, 0x000002bc32000000|  0%| F|  |TAMS 0x000002bc31000000| PB 0x000002bc31000000| Untracked |  0
| 232|0x000002bc32000000, 0x000002bc32000000, 0x000002bc33000000|  0%| F|  |TAMS 0x000002bc32000000| PB 0x000002bc32000000| Untracked |  0
| 233|0x000002bc33000000, 0x000002bc33000000, 0x000002bc34000000|  0%| F|  |TAMS 0x000002bc33000000| PB 0x000002bc33000000| Untracked |  0
| 234|0x000002bc34000000, 0x000002bc34000000, 0x000002bc35000000|  0%| F|  |TAMS 0x000002bc34000000| PB 0x000002bc34000000| Untracked |  0
| 235|0x000002bc35000000, 0x000002bc35000000, 0x000002bc36000000|  0%| F|  |TAMS 0x000002bc35000000| PB 0x000002bc35000000| Untracked |  0
| 236|0x000002bc36000000, 0x000002bc36000000, 0x000002bc37000000|  0%| F|  |TAMS 0x000002bc36000000| PB 0x000002bc36000000| Untracked |  0
| 237|0x000002bc37000000, 0x000002bc37000000, 0x000002bc38000000|  0%| F|  |TAMS 0x000002bc37000000| PB 0x000002bc37000000| Untracked |  0
| 238|0x000002bc38000000, 0x000002bc38000000, 0x000002bc39000000|  0%| F|  |TAMS 0x000002bc38000000| PB 0x000002bc38000000| Untracked |  0
| 239|0x000002bc39000000, 0x000002bc39000000, 0x000002bc3a000000|  0%| F|  |TAMS 0x000002bc39000000| PB 0x000002bc39000000| Untracked |  0
| 240|0x000002bc3a000000, 0x000002bc3a000000, 0x000002bc3b000000|  0%| F|  |TAMS 0x000002bc3a000000| PB 0x000002bc3a000000| Untracked |  0
| 241|0x000002bc3b000000, 0x000002bc3b000000, 0x000002bc3c000000|  0%| F|  |TAMS 0x000002bc3b000000| PB 0x000002bc3b000000| Untracked |  0
| 242|0x000002bc3c000000, 0x000002bc3c000000, 0x000002bc3d000000|  0%| F|  |TAMS 0x000002bc3c000000| PB 0x000002bc3c000000| Untracked |  0
| 243|0x000002bc3d000000, 0x000002bc3d000000, 0x000002bc3e000000|  0%| F|  |TAMS 0x000002bc3d000000| PB 0x000002bc3d000000| Untracked |  0
| 244|0x000002bc3e000000, 0x000002bc3e000000, 0x000002bc3f000000|  0%| F|  |TAMS 0x000002bc3e000000| PB 0x000002bc3e000000| Untracked |  0
| 245|0x000002bc3f000000, 0x000002bc3f000000, 0x000002bc40000000|  0%| F|  |TAMS 0x000002bc3f000000| PB 0x000002bc3f000000| Untracked |  0
| 246|0x000002bc40000000, 0x000002bc40000000, 0x000002bc41000000|  0%| F|  |TAMS 0x000002bc40000000| PB 0x000002bc40000000| Untracked |  0
| 247|0x000002bc41000000, 0x000002bc41000000, 0x000002bc42000000|  0%| F|  |TAMS 0x000002bc41000000| PB 0x000002bc41000000| Untracked |  0
| 248|0x000002bc42000000, 0x000002bc42000000, 0x000002bc43000000|  0%| F|  |TAMS 0x000002bc42000000| PB 0x000002bc42000000| Untracked |  0
| 249|0x000002bc43000000, 0x000002bc43000000, 0x000002bc44000000|  0%| F|  |TAMS 0x000002bc43000000| PB 0x000002bc43000000| Untracked |  0
| 250|0x000002bc44000000, 0x000002bc44000000, 0x000002bc45000000|  0%| F|  |TAMS 0x000002bc44000000| PB 0x000002bc44000000| Untracked |  0
| 251|0x000002bc45000000, 0x000002bc45000000, 0x000002bc46000000|  0%| F|  |TAMS 0x000002bc45000000| PB 0x000002bc45000000| Untracked |  0
| 252|0x000002bc46000000, 0x000002bc46000000, 0x000002bc47000000|  0%| F|  |TAMS 0x000002bc46000000| PB 0x000002bc46000000| Untracked |  0
| 253|0x000002bc47000000, 0x000002bc47000000, 0x000002bc48000000|  0%| F|  |TAMS 0x000002bc47000000| PB 0x000002bc47000000| Untracked |  0
| 254|0x000002bc48000000, 0x000002bc48000000, 0x000002bc49000000|  0%| F|  |TAMS 0x000002bc48000000| PB 0x000002bc48000000| Untracked |  0
| 255|0x000002bc49000000, 0x000002bc49000000, 0x000002bc4a000000|  0%| F|  |TAMS 0x000002bc49000000| PB 0x000002bc49000000| Untracked |  0
| 256|0x000002bc4a000000, 0x000002bc4a000000, 0x000002bc4b000000|  0%| F|  |TAMS 0x000002bc4a000000| PB 0x000002bc4a000000| Untracked |  0
| 257|0x000002bc4b000000, 0x000002bc4b000000, 0x000002bc4c000000|  0%| F|  |TAMS 0x000002bc4b000000| PB 0x000002bc4b000000| Untracked |  0
| 258|0x000002bc4c000000, 0x000002bc4c000000, 0x000002bc4d000000|  0%| F|  |TAMS 0x000002bc4c000000| PB 0x000002bc4c000000| Untracked |  0
| 259|0x000002bc4d000000, 0x000002bc4d000000, 0x000002bc4e000000|  0%| F|  |TAMS 0x000002bc4d000000| PB 0x000002bc4d000000| Untracked |  0
| 260|0x000002bc4e000000, 0x000002bc4e000000, 0x000002bc4f000000|  0%| F|  |TAMS 0x000002bc4e000000| PB 0x000002bc4e000000| Untracked |  0
| 261|0x000002bc4f000000, 0x000002bc4f000000, 0x000002bc50000000|  0%| F|  |TAMS 0x000002bc4f000000| PB 0x000002bc4f000000| Untracked |  0
| 262|0x000002bc50000000, 0x000002bc50000000, 0x000002bc51000000|  0%| F|  |TAMS 0x000002bc50000000| PB 0x000002bc50000000| Untracked |  0
| 263|0x000002bc51000000, 0x000002bc51000000, 0x000002bc52000000|  0%| F|  |TAMS 0x000002bc51000000| PB 0x000002bc51000000| Untracked |  0
| 264|0x000002bc52000000, 0x000002bc52000000, 0x000002bc53000000|  0%| F|  |TAMS 0x000002bc52000000| PB 0x000002bc52000000| Untracked |  0
| 265|0x000002bc53000000, 0x000002bc53000000, 0x000002bc54000000|  0%| F|  |TAMS 0x000002bc53000000| PB 0x000002bc53000000| Untracked |  0
| 266|0x000002bc54000000, 0x000002bc54000000, 0x000002bc55000000|  0%| F|  |TAMS 0x000002bc54000000| PB 0x000002bc54000000| Untracked |  0
| 267|0x000002bc55000000, 0x000002bc55000000, 0x000002bc56000000|  0%| F|  |TAMS 0x000002bc55000000| PB 0x000002bc55000000| Untracked |  0
| 268|0x000002bc56000000, 0x000002bc56000000, 0x000002bc57000000|  0%| F|  |TAMS 0x000002bc56000000| PB 0x000002bc56000000| Untracked |  0
| 269|0x000002bc57000000, 0x000002bc57000000, 0x000002bc58000000|  0%| F|  |TAMS 0x000002bc57000000| PB 0x000002bc57000000| Untracked |  0
| 270|0x000002bc58000000, 0x000002bc58000000, 0x000002bc59000000|  0%| F|  |TAMS 0x000002bc58000000| PB 0x000002bc58000000| Untracked |  0
| 271|0x000002bc59000000, 0x000002bc59000000, 0x000002bc5a000000|  0%| F|  |TAMS 0x000002bc59000000| PB 0x000002bc59000000| Untracked |  0
| 272|0x000002bc5a000000, 0x000002bc5a000000, 0x000002bc5b000000|  0%| F|  |TAMS 0x000002bc5a000000| PB 0x000002bc5a000000| Untracked |  0
| 273|0x000002bc5b000000, 0x000002bc5b000000, 0x000002bc5c000000|  0%| F|  |TAMS 0x000002bc5b000000| PB 0x000002bc5b000000| Untracked |  0
| 274|0x000002bc5c000000, 0x000002bc5c000000, 0x000002bc5d000000|  0%| F|  |TAMS 0x000002bc5c000000| PB 0x000002bc5c000000| Untracked |  0
| 275|0x000002bc5d000000, 0x000002bc5d000000, 0x000002bc5e000000|  0%| F|  |TAMS 0x000002bc5d000000| PB 0x000002bc5d000000| Untracked |  0
| 276|0x000002bc5e000000, 0x000002bc5e000000, 0x000002bc5f000000|  0%| F|  |TAMS 0x000002bc5e000000| PB 0x000002bc5e000000| Untracked |  0
| 277|0x000002bc5f000000, 0x000002bc5f000000, 0x000002bc60000000|  0%| F|  |TAMS 0x000002bc5f000000| PB 0x000002bc5f000000| Untracked |  0
| 278|0x000002bc60000000, 0x000002bc60000000, 0x000002bc61000000|  0%| F|  |TAMS 0x000002bc60000000| PB 0x000002bc60000000| Untracked |  0
| 279|0x000002bc61000000, 0x000002bc61000000, 0x000002bc62000000|  0%| F|  |TAMS 0x000002bc61000000| PB 0x000002bc61000000| Untracked |  0
| 280|0x000002bc62000000, 0x000002bc62000000, 0x000002bc63000000|  0%| F|  |TAMS 0x000002bc62000000| PB 0x000002bc62000000| Untracked |  0
| 281|0x000002bc63000000, 0x000002bc63000000, 0x000002bc64000000|  0%| F|  |TAMS 0x000002bc63000000| PB 0x000002bc63000000| Untracked |  0
| 282|0x000002bc64000000, 0x000002bc64000000, 0x000002bc65000000|  0%| F|  |TAMS 0x000002bc64000000| PB 0x000002bc64000000| Untracked |  0
| 283|0x000002bc65000000, 0x000002bc65000000, 0x000002bc66000000|  0%| F|  |TAMS 0x000002bc65000000| PB 0x000002bc65000000| Untracked |  0
| 284|0x000002bc66000000, 0x000002bc66000000, 0x000002bc67000000|  0%| F|  |TAMS 0x000002bc66000000| PB 0x000002bc66000000| Untracked |  0
| 285|0x000002bc67000000, 0x000002bc67000000, 0x000002bc68000000|  0%| F|  |TAMS 0x000002bc67000000| PB 0x000002bc67000000| Untracked |  0
| 286|0x000002bc68000000, 0x000002bc68000000, 0x000002bc69000000|  0%| F|  |TAMS 0x000002bc68000000| PB 0x000002bc68000000| Untracked |  0
| 287|0x000002bc69000000, 0x000002bc69000000, 0x000002bc6a000000|  0%| F|  |TAMS 0x000002bc69000000| PB 0x000002bc69000000| Untracked |  0
| 288|0x000002bc6a000000, 0x000002bc6a000000, 0x000002bc6b000000|  0%| F|  |TAMS 0x000002bc6a000000| PB 0x000002bc6a000000| Untracked |  0
| 289|0x000002bc6b000000, 0x000002bc6b000000, 0x000002bc6c000000|  0%| F|  |TAMS 0x000002bc6b000000| PB 0x000002bc6b000000| Untracked |  0
| 290|0x000002bc6c000000, 0x000002bc6c000000, 0x000002bc6d000000|  0%| F|  |TAMS 0x000002bc6c000000| PB 0x000002bc6c000000| Untracked |  0
| 291|0x000002bc6d000000, 0x000002bc6d000000, 0x000002bc6e000000|  0%| F|  |TAMS 0x000002bc6d000000| PB 0x000002bc6d000000| Untracked |  0
| 292|0x000002bc6e000000, 0x000002bc6e000000, 0x000002bc6f000000|  0%| F|  |TAMS 0x000002bc6e000000| PB 0x000002bc6e000000| Untracked |  0
| 293|0x000002bc6f000000, 0x000002bc6f000000, 0x000002bc70000000|  0%| F|  |TAMS 0x000002bc6f000000| PB 0x000002bc6f000000| Untracked |  0
| 294|0x000002bc70000000, 0x000002bc70000000, 0x000002bc71000000|  0%| F|  |TAMS 0x000002bc70000000| PB 0x000002bc70000000| Untracked |  0
| 295|0x000002bc71000000, 0x000002bc71000000, 0x000002bc72000000|  0%| F|  |TAMS 0x000002bc71000000| PB 0x000002bc71000000| Untracked |  0
| 296|0x000002bc72000000, 0x000002bc72000000, 0x000002bc73000000|  0%| F|  |TAMS 0x000002bc72000000| PB 0x000002bc72000000| Untracked |  0
| 297|0x000002bc73000000, 0x000002bc73000000, 0x000002bc74000000|  0%| F|  |TAMS 0x000002bc73000000| PB 0x000002bc73000000| Untracked |  0
| 298|0x000002bc74000000, 0x000002bc74000000, 0x000002bc75000000|  0%| F|  |TAMS 0x000002bc74000000| PB 0x000002bc74000000| Untracked |  0
| 299|0x000002bc75000000, 0x000002bc75000000, 0x000002bc76000000|  0%| F|  |TAMS 0x000002bc75000000| PB 0x000002bc75000000| Untracked |  0
| 300|0x000002bc76000000, 0x000002bc76000000, 0x000002bc77000000|  0%| F|  |TAMS 0x000002bc76000000| PB 0x000002bc76000000| Untracked |  0
| 301|0x000002bc77000000, 0x000002bc77000000, 0x000002bc78000000|  0%| F|  |TAMS 0x000002bc77000000| PB 0x000002bc77000000| Untracked |  0
| 302|0x000002bc78000000, 0x000002bc78000000, 0x000002bc79000000|  0%| F|  |TAMS 0x000002bc78000000| PB 0x000002bc78000000| Untracked |  0
| 303|0x000002bc79000000, 0x000002bc79000000, 0x000002bc7a000000|  0%| F|  |TAMS 0x000002bc79000000| PB 0x000002bc79000000| Untracked |  0
| 304|0x000002bc7a000000, 0x000002bc7a000000, 0x000002bc7b000000|  0%| F|  |TAMS 0x000002bc7a000000| PB 0x000002bc7a000000| Untracked |  0
| 305|0x000002bc7b000000, 0x000002bc7b000000, 0x000002bc7c000000|  0%| F|  |TAMS 0x000002bc7b000000| PB 0x000002bc7b000000| Untracked |  0
| 306|0x000002bc7c000000, 0x000002bc7c000000, 0x000002bc7d000000|  0%| F|  |TAMS 0x000002bc7c000000| PB 0x000002bc7c000000| Untracked |  0
| 307|0x000002bc7d000000, 0x000002bc7d000000, 0x000002bc7e000000|  0%| F|  |TAMS 0x000002bc7d000000| PB 0x000002bc7d000000| Untracked |  0
| 308|0x000002bc7e000000, 0x000002bc7e000000, 0x000002bc7f000000|  0%| F|  |TAMS 0x000002bc7e000000| PB 0x000002bc7e000000| Untracked |  0
| 309|0x000002bc7f000000, 0x000002bc7f000000, 0x000002bc80000000|  0%| F|  |TAMS 0x000002bc7f000000| PB 0x000002bc7f000000| Untracked |  0
| 310|0x000002bc80000000, 0x000002bc80000000, 0x000002bc81000000|  0%| F|  |TAMS 0x000002bc80000000| PB 0x000002bc80000000| Untracked |  0
| 311|0x000002bc81000000, 0x000002bc81000000, 0x000002bc82000000|  0%| F|  |TAMS 0x000002bc81000000| PB 0x000002bc81000000| Untracked |  0
| 312|0x000002bc82000000, 0x000002bc82000000, 0x000002bc83000000|  0%| F|  |TAMS 0x000002bc82000000| PB 0x000002bc82000000| Untracked |  0
| 313|0x000002bc83000000, 0x000002bc83000000, 0x000002bc84000000|  0%| F|  |TAMS 0x000002bc83000000| PB 0x000002bc83000000| Untracked |  0
| 314|0x000002bc84000000, 0x000002bc84000000, 0x000002bc85000000|  0%| F|  |TAMS 0x000002bc84000000| PB 0x000002bc84000000| Untracked |  0
| 315|0x000002bc85000000, 0x000002bc85000000, 0x000002bc86000000|  0%| F|  |TAMS 0x000002bc85000000| PB 0x000002bc85000000| Untracked |  0
| 316|0x000002bc86000000, 0x000002bc86000000, 0x000002bc87000000|  0%| F|  |TAMS 0x000002bc86000000| PB 0x000002bc86000000| Untracked |  0
| 317|0x000002bc87000000, 0x000002bc87000000, 0x000002bc88000000|  0%| F|  |TAMS 0x000002bc87000000| PB 0x000002bc87000000| Untracked |  0
| 318|0x000002bc88000000, 0x000002bc88000000, 0x000002bc89000000|  0%| F|  |TAMS 0x000002bc88000000| PB 0x000002bc88000000| Untracked |  0
| 319|0x000002bc89000000, 0x000002bc89000000, 0x000002bc8a000000|  0%| F|  |TAMS 0x000002bc89000000| PB 0x000002bc89000000| Untracked |  0
| 320|0x000002bc8a000000, 0x000002bc8a000000, 0x000002bc8b000000|  0%| F|  |TAMS 0x000002bc8a000000| PB 0x000002bc8a000000| Untracked |  0
| 321|0x000002bc8b000000, 0x000002bc8b000000, 0x000002bc8c000000|  0%| F|  |TAMS 0x000002bc8b000000| PB 0x000002bc8b000000| Untracked |  0
| 322|0x000002bc8c000000, 0x000002bc8c000000, 0x000002bc8d000000|  0%| F|  |TAMS 0x000002bc8c000000| PB 0x000002bc8c000000| Untracked |  0
| 323|0x000002bc8d000000, 0x000002bc8d000000, 0x000002bc8e000000|  0%| F|  |TAMS 0x000002bc8d000000| PB 0x000002bc8d000000| Untracked |  0
| 324|0x000002bc8e000000, 0x000002bc8e000000, 0x000002bc8f000000|  0%| F|  |TAMS 0x000002bc8e000000| PB 0x000002bc8e000000| Untracked |  0
| 325|0x000002bc8f000000, 0x000002bc8f000000, 0x000002bc90000000|  0%| F|  |TAMS 0x000002bc8f000000| PB 0x000002bc8f000000| Untracked |  0
| 326|0x000002bc90000000, 0x000002bc90000000, 0x000002bc91000000|  0%| F|  |TAMS 0x000002bc90000000| PB 0x000002bc90000000| Untracked |  0
| 327|0x000002bc91000000, 0x000002bc91000000, 0x000002bc92000000|  0%| F|  |TAMS 0x000002bc91000000| PB 0x000002bc91000000| Untracked |  0
| 328|0x000002bc92000000, 0x000002bc92000000, 0x000002bc93000000|  0%| F|  |TAMS 0x000002bc92000000| PB 0x000002bc92000000| Untracked |  0
| 329|0x000002bc93000000, 0x000002bc93000000, 0x000002bc94000000|  0%| F|  |TAMS 0x000002bc93000000| PB 0x000002bc93000000| Untracked |  0
| 330|0x000002bc94000000, 0x000002bc94000000, 0x000002bc95000000|  0%| F|  |TAMS 0x000002bc94000000| PB 0x000002bc94000000| Untracked |  0
| 331|0x000002bc95000000, 0x000002bc95000000, 0x000002bc96000000|  0%| F|  |TAMS 0x000002bc95000000| PB 0x000002bc95000000| Untracked |  0
| 332|0x000002bc96000000, 0x000002bc96000000, 0x000002bc97000000|  0%| F|  |TAMS 0x000002bc96000000| PB 0x000002bc96000000| Untracked |  0
| 333|0x000002bc97000000, 0x000002bc97000000, 0x000002bc98000000|  0%| F|  |TAMS 0x000002bc97000000| PB 0x000002bc97000000| Untracked |  0
| 334|0x000002bc98000000, 0x000002bc98000000, 0x000002bc99000000|  0%| F|  |TAMS 0x000002bc98000000| PB 0x000002bc98000000| Untracked |  0
| 335|0x000002bc99000000, 0x000002bc99000000, 0x000002bc9a000000|  0%| F|  |TAMS 0x000002bc99000000| PB 0x000002bc99000000| Untracked |  0
| 336|0x000002bc9a000000, 0x000002bc9a000000, 0x000002bc9b000000|  0%| F|  |TAMS 0x000002bc9a000000| PB 0x000002bc9a000000| Untracked |  0
| 337|0x000002bc9b000000, 0x000002bc9b000000, 0x000002bc9c000000|  0%| F|  |TAMS 0x000002bc9b000000| PB 0x000002bc9b000000| Untracked |  0
| 338|0x000002bc9c000000, 0x000002bc9c000000, 0x000002bc9d000000|  0%| F|  |TAMS 0x000002bc9c000000| PB 0x000002bc9c000000| Untracked |  0
| 339|0x000002bc9d000000, 0x000002bc9d000000, 0x000002bc9e000000|  0%| F|  |TAMS 0x000002bc9d000000| PB 0x000002bc9d000000| Untracked |  0
| 340|0x000002bc9e000000, 0x000002bc9e000000, 0x000002bc9f000000|  0%| F|  |TAMS 0x000002bc9e000000| PB 0x000002bc9e000000| Untracked |  0
| 341|0x000002bc9f000000, 0x000002bc9f000000, 0x000002bca0000000|  0%| F|  |TAMS 0x000002bc9f000000| PB 0x000002bc9f000000| Untracked |  0
| 342|0x000002bca0000000, 0x000002bca0000000, 0x000002bca1000000|  0%| F|  |TAMS 0x000002bca0000000| PB 0x000002bca0000000| Untracked |  0
| 343|0x000002bca1000000, 0x000002bca1000000, 0x000002bca2000000|  0%| F|  |TAMS 0x000002bca1000000| PB 0x000002bca1000000| Untracked |  0
| 344|0x000002bca2000000, 0x000002bca2000000, 0x000002bca3000000|  0%| F|  |TAMS 0x000002bca2000000| PB 0x000002bca2000000| Untracked |  0
| 345|0x000002bca3000000, 0x000002bca3000000, 0x000002bca4000000|  0%| F|  |TAMS 0x000002bca3000000| PB 0x000002bca3000000| Untracked |  0
| 346|0x000002bca4000000, 0x000002bca4000000, 0x000002bca5000000|  0%| F|  |TAMS 0x000002bca4000000| PB 0x000002bca4000000| Untracked |  0
| 347|0x000002bca5000000, 0x000002bca5000000, 0x000002bca6000000|  0%| F|  |TAMS 0x000002bca5000000| PB 0x000002bca5000000| Untracked |  0
| 348|0x000002bca6000000, 0x000002bca6000000, 0x000002bca7000000|  0%| F|  |TAMS 0x000002bca6000000| PB 0x000002bca6000000| Untracked |  0
| 349|0x000002bca7000000, 0x000002bca7000000, 0x000002bca8000000|  0%| F|  |TAMS 0x000002bca7000000| PB 0x000002bca7000000| Untracked |  0
| 350|0x000002bca8000000, 0x000002bca8000000, 0x000002bca9000000|  0%| F|  |TAMS 0x000002bca8000000| PB 0x000002bca8000000| Untracked |  0
| 351|0x000002bca9000000, 0x000002bca9000000, 0x000002bcaa000000|  0%| F|  |TAMS 0x000002bca9000000| PB 0x000002bca9000000| Untracked |  0
| 352|0x000002bcaa000000, 0x000002bcaa000000, 0x000002bcab000000|  0%| F|  |TAMS 0x000002bcaa000000| PB 0x000002bcaa000000| Untracked |  0
| 353|0x000002bcab000000, 0x000002bcab000000, 0x000002bcac000000|  0%| F|  |TAMS 0x000002bcab000000| PB 0x000002bcab000000| Untracked |  0
| 354|0x000002bcac000000, 0x000002bcac000000, 0x000002bcad000000|  0%| F|  |TAMS 0x000002bcac000000| PB 0x000002bcac000000| Untracked |  0
| 355|0x000002bcad000000, 0x000002bcad000000, 0x000002bcae000000|  0%| F|  |TAMS 0x000002bcad000000| PB 0x000002bcad000000| Untracked |  0
| 356|0x000002bcae000000, 0x000002bcae000000, 0x000002bcaf000000|  0%| F|  |TAMS 0x000002bcae000000| PB 0x000002bcae000000| Untracked |  0
| 357|0x000002bcaf000000, 0x000002bcaf000000, 0x000002bcb0000000|  0%| F|  |TAMS 0x000002bcaf000000| PB 0x000002bcaf000000| Untracked |  0
| 358|0x000002bcb0000000, 0x000002bcb0000000, 0x000002bcb1000000|  0%| F|  |TAMS 0x000002bcb0000000| PB 0x000002bcb0000000| Untracked |  0
| 359|0x000002bcb1000000, 0x000002bcb1000000, 0x000002bcb2000000|  0%| F|  |TAMS 0x000002bcb1000000| PB 0x000002bcb1000000| Untracked |  0
| 360|0x000002bcb2000000, 0x000002bcb2000000, 0x000002bcb3000000|  0%| F|  |TAMS 0x000002bcb2000000| PB 0x000002bcb2000000| Untracked |  0
| 361|0x000002bcb3000000, 0x000002bcb3000000, 0x000002bcb4000000|  0%| F|  |TAMS 0x000002bcb3000000| PB 0x000002bcb3000000| Untracked |  0
| 362|0x000002bcb4000000, 0x000002bcb4000000, 0x000002bcb5000000|  0%| F|  |TAMS 0x000002bcb4000000| PB 0x000002bcb4000000| Untracked |  0
| 363|0x000002bcb5000000, 0x000002bcb5000000, 0x000002bcb6000000|  0%| F|  |TAMS 0x000002bcb5000000| PB 0x000002bcb5000000| Untracked |  0
| 364|0x000002bcb6000000, 0x000002bcb6000000, 0x000002bcb7000000|  0%| F|  |TAMS 0x000002bcb6000000| PB 0x000002bcb6000000| Untracked |  0
| 365|0x000002bcb7000000, 0x000002bcb7000000, 0x000002bcb8000000|  0%| F|  |TAMS 0x000002bcb7000000| PB 0x000002bcb7000000| Untracked |  0
| 366|0x000002bcb8000000, 0x000002bcb8000000, 0x000002bcb9000000|  0%| F|  |TAMS 0x000002bcb8000000| PB 0x000002bcb8000000| Untracked |  0
| 367|0x000002bcb9000000, 0x000002bcb9000000, 0x000002bcba000000|  0%| F|  |TAMS 0x000002bcb9000000| PB 0x000002bcb9000000| Untracked |  0
| 368|0x000002bcba000000, 0x000002bcba000000, 0x000002bcbb000000|  0%| F|  |TAMS 0x000002bcba000000| PB 0x000002bcba000000| Untracked |  0
| 369|0x000002bcbb000000, 0x000002bcbb000000, 0x000002bcbc000000|  0%| F|  |TAMS 0x000002bcbb000000| PB 0x000002bcbb000000| Untracked |  0
| 370|0x000002bcbc000000, 0x000002bcbc000000, 0x000002bcbd000000|  0%| F|  |TAMS 0x000002bcbc000000| PB 0x000002bcbc000000| Untracked |  0
| 371|0x000002bcbd000000, 0x000002bcbd000000, 0x000002bcbe000000|  0%| F|  |TAMS 0x000002bcbd000000| PB 0x000002bcbd000000| Untracked |  0
| 372|0x000002bcbe000000, 0x000002bcbe000000, 0x000002bcbf000000|  0%| F|  |TAMS 0x000002bcbe000000| PB 0x000002bcbe000000| Untracked |  0
| 373|0x000002bcbf000000, 0x000002bcbf000000, 0x000002bcc0000000|  0%| F|  |TAMS 0x000002bcbf000000| PB 0x000002bcbf000000| Untracked |  0
| 374|0x000002bcc0000000, 0x000002bcc0000000, 0x000002bcc1000000|  0%| F|  |TAMS 0x000002bcc0000000| PB 0x000002bcc0000000| Untracked |  0
| 375|0x000002bcc1000000, 0x000002bcc1000000, 0x000002bcc2000000|  0%| F|  |TAMS 0x000002bcc1000000| PB 0x000002bcc1000000| Untracked |  0
| 376|0x000002bcc2000000, 0x000002bcc2000000, 0x000002bcc3000000|  0%| F|  |TAMS 0x000002bcc2000000| PB 0x000002bcc2000000| Untracked |  0
| 377|0x000002bcc3000000, 0x000002bcc3000000, 0x000002bcc4000000|  0%| F|  |TAMS 0x000002bcc3000000| PB 0x000002bcc3000000| Untracked |  0
| 378|0x000002bcc4000000, 0x000002bcc4000000, 0x000002bcc5000000|  0%| F|  |TAMS 0x000002bcc4000000| PB 0x000002bcc4000000| Untracked |  0
| 379|0x000002bcc5000000, 0x000002bcc5000000, 0x000002bcc6000000|  0%| F|  |TAMS 0x000002bcc5000000| PB 0x000002bcc5000000| Untracked |  0
| 380|0x000002bcc6000000, 0x000002bcc6000000, 0x000002bcc7000000|  0%| F|  |TAMS 0x000002bcc6000000| PB 0x000002bcc6000000| Untracked |  0
| 381|0x000002bcc7000000, 0x000002bcc7000000, 0x000002bcc8000000|  0%| F|  |TAMS 0x000002bcc7000000| PB 0x000002bcc7000000| Untracked |  0
| 382|0x000002bcc8000000, 0x000002bcc8000000, 0x000002bcc9000000|  0%| F|  |TAMS 0x000002bcc8000000| PB 0x000002bcc8000000| Untracked |  0
| 383|0x000002bcc9000000, 0x000002bcc9000000, 0x000002bcca000000|  0%| F|  |TAMS 0x000002bcc9000000| PB 0x000002bcc9000000| Untracked |  0
| 384|0x000002bcca000000, 0x000002bcca000000, 0x000002bccb000000|  0%| F|  |TAMS 0x000002bcca000000| PB 0x000002bcca000000| Untracked |  0
| 385|0x000002bccb000000, 0x000002bccb000000, 0x000002bccc000000|  0%| F|  |TAMS 0x000002bccb000000| PB 0x000002bccb000000| Untracked |  0
| 386|0x000002bccc000000, 0x000002bccc000000, 0x000002bccd000000|  0%| F|  |TAMS 0x000002bccc000000| PB 0x000002bccc000000| Untracked |  0
| 387|0x000002bccd000000, 0x000002bccd000000, 0x000002bcce000000|  0%| F|  |TAMS 0x000002bccd000000| PB 0x000002bccd000000| Untracked |  0
| 388|0x000002bcce000000, 0x000002bcce000000, 0x000002bccf000000|  0%| F|  |TAMS 0x000002bcce000000| PB 0x000002bcce000000| Untracked |  0
| 389|0x000002bccf000000, 0x000002bccf000000, 0x000002bcd0000000|  0%| F|  |TAMS 0x000002bccf000000| PB 0x000002bccf000000| Untracked |  0
| 390|0x000002bcd0000000, 0x000002bcd0000000, 0x000002bcd1000000|  0%| F|  |TAMS 0x000002bcd0000000| PB 0x000002bcd0000000| Untracked |  0
| 391|0x000002bcd1000000, 0x000002bcd1000000, 0x000002bcd2000000|  0%| F|  |TAMS 0x000002bcd1000000| PB 0x000002bcd1000000| Untracked |  0
| 392|0x000002bcd2000000, 0x000002bcd2000000, 0x000002bcd3000000|  0%| F|  |TAMS 0x000002bcd2000000| PB 0x000002bcd2000000| Untracked |  0
| 393|0x000002bcd3000000, 0x000002bcd3000000, 0x000002bcd4000000|  0%| F|  |TAMS 0x000002bcd3000000| PB 0x000002bcd3000000| Untracked |  0
| 394|0x000002bcd4000000, 0x000002bcd4000000, 0x000002bcd5000000|  0%| F|  |TAMS 0x000002bcd4000000| PB 0x000002bcd4000000| Untracked |  0
| 395|0x000002bcd5000000, 0x000002bcd5000000, 0x000002bcd6000000|  0%| F|  |TAMS 0x000002bcd5000000| PB 0x000002bcd5000000| Untracked |  0
| 396|0x000002bcd6000000, 0x000002bcd6000000, 0x000002bcd7000000|  0%| F|  |TAMS 0x000002bcd6000000| PB 0x000002bcd6000000| Untracked |  0
| 397|0x000002bcd7000000, 0x000002bcd7000000, 0x000002bcd8000000|  0%| F|  |TAMS 0x000002bcd7000000| PB 0x000002bcd7000000| Untracked |  0
| 398|0x000002bcd8000000, 0x000002bcd8000000, 0x000002bcd9000000|  0%| F|  |TAMS 0x000002bcd8000000| PB 0x000002bcd8000000| Untracked |  0
| 399|0x000002bcd9000000, 0x000002bcd9000000, 0x000002bcda000000|  0%| F|  |TAMS 0x000002bcd9000000| PB 0x000002bcd9000000| Untracked |  0
| 400|0x000002bcda000000, 0x000002bcda000000, 0x000002bcdb000000|  0%| F|  |TAMS 0x000002bcda000000| PB 0x000002bcda000000| Untracked |  0
| 401|0x000002bcdb000000, 0x000002bcdb000000, 0x000002bcdc000000|  0%| F|  |TAMS 0x000002bcdb000000| PB 0x000002bcdb000000| Untracked |  0
| 402|0x000002bcdc000000, 0x000002bcdc000000, 0x000002bcdd000000|  0%| F|  |TAMS 0x000002bcdc000000| PB 0x000002bcdc000000| Untracked |  0
| 403|0x000002bcdd000000, 0x000002bcdd000000, 0x000002bcde000000|  0%| F|  |TAMS 0x000002bcdd000000| PB 0x000002bcdd000000| Untracked |  0
| 404|0x000002bcde000000, 0x000002bcde000000, 0x000002bcdf000000|  0%| F|  |TAMS 0x000002bcde000000| PB 0x000002bcde000000| Untracked |  0
| 405|0x000002bcdf000000, 0x000002bcdf000000, 0x000002bce0000000|  0%| F|  |TAMS 0x000002bcdf000000| PB 0x000002bcdf000000| Untracked |  0
| 406|0x000002bce0000000, 0x000002bce0000000, 0x000002bce1000000|  0%| F|  |TAMS 0x000002bce0000000| PB 0x000002bce0000000| Untracked |  0
| 407|0x000002bce1000000, 0x000002bce1000000, 0x000002bce2000000|  0%| F|  |TAMS 0x000002bce1000000| PB 0x000002bce1000000| Untracked |  0
| 408|0x000002bce2000000, 0x000002bce3000000, 0x000002bce3000000|100%| S|CS|TAMS 0x000002bce2000000| PB 0x000002bce2000000| Complete |  0
| 409|0x000002bce3000000, 0x000002bce4000000, 0x000002bce4000000|100%| S|CS|TAMS 0x000002bce3000000| PB 0x000002bce3000000| Complete |  0
| 410|0x000002bce4000000, 0x000002bce5000000, 0x000002bce5000000|100%| S|CS|TAMS 0x000002bce4000000| PB 0x000002bce4000000| Complete |  0
| 411|0x000002bce5000000, 0x000002bce6000000, 0x000002bce6000000|100%| S|CS|TAMS 0x000002bce5000000| PB 0x000002bce5000000| Complete |  0
| 412|0x000002bce6000000, 0x000002bce7000000, 0x000002bce7000000|100%| S|CS|TAMS 0x000002bce6000000| PB 0x000002bce6000000| Complete |  0
| 413|0x000002bce7000000, 0x000002bce8000000, 0x000002bce8000000|100%| S|CS|TAMS 0x000002bce7000000| PB 0x000002bce7000000| Complete |  0
| 414|0x000002bce8000000, 0x000002bce9000000, 0x000002bce9000000|100%| S|CS|TAMS 0x000002bce8000000| PB 0x000002bce8000000| Complete |  0
| 415|0x000002bce9000000, 0x000002bcea000000, 0x000002bcea000000|100%| S|CS|TAMS 0x000002bce9000000| PB 0x000002bce9000000| Complete |  0
| 416|0x000002bcea000000, 0x000002bceb000000, 0x000002bceb000000|100%| S|CS|TAMS 0x000002bcea000000| PB 0x000002bcea000000| Complete |  0
| 417|0x000002bceb000000, 0x000002bcec000000, 0x000002bcec000000|100%| S|CS|TAMS 0x000002bceb000000| PB 0x000002bceb000000| Complete |  0
| 418|0x000002bcec000000, 0x000002bced000000, 0x000002bced000000|100%| S|CS|TAMS 0x000002bcec000000| PB 0x000002bcec000000| Complete |  0
| 419|0x000002bced000000, 0x000002bcee000000, 0x000002bcee000000|100%| S|CS|TAMS 0x000002bced000000| PB 0x000002bced000000| Complete |  0
| 420|0x000002bcee000000, 0x000002bcef000000, 0x000002bcef000000|100%| S|CS|TAMS 0x000002bcee000000| PB 0x000002bcee000000| Complete |  0
| 421|0x000002bcef000000, 0x000002bcf0000000, 0x000002bcf0000000|100%| S|CS|TAMS 0x000002bcef000000| PB 0x000002bcef000000| Complete |  0
| 422|0x000002bcf0000000, 0x000002bcf1000000, 0x000002bcf1000000|100%| S|CS|TAMS 0x000002bcf0000000| PB 0x000002bcf0000000| Complete |  0
| 423|0x000002bcf1000000, 0x000002bcf2000000, 0x000002bcf2000000|100%| S|CS|TAMS 0x000002bcf1000000| PB 0x000002bcf1000000| Complete |  0
| 424|0x000002bcf2000000, 0x000002bcf3000000, 0x000002bcf3000000|100%| S|CS|TAMS 0x000002bcf2000000| PB 0x000002bcf2000000| Complete |  0
| 425|0x000002bcf3000000, 0x000002bcf4000000, 0x000002bcf4000000|100%| S|CS|TAMS 0x000002bcf3000000| PB 0x000002bcf3000000| Complete |  0
| 426|0x000002bcf4000000, 0x000002bcf5000000, 0x000002bcf5000000|100%| S|CS|TAMS 0x000002bcf4000000| PB 0x000002bcf4000000| Complete |  0
| 427|0x000002bcf5000000, 0x000002bcf6000000, 0x000002bcf6000000|100%| S|CS|TAMS 0x000002bcf5000000| PB 0x000002bcf5000000| Complete |  0
| 428|0x000002bcf6000000, 0x000002bcf7000000, 0x000002bcf7000000|100%| S|CS|TAMS 0x000002bcf6000000| PB 0x000002bcf6000000| Complete |  0
| 429|0x000002bcf7000000, 0x000002bcf8000000, 0x000002bcf8000000|100%| S|CS|TAMS 0x000002bcf7000000| PB 0x000002bcf7000000| Complete |  0
| 430|0x000002bcf8000000, 0x000002bcf9000000, 0x000002bcf9000000|100%| S|CS|TAMS 0x000002bcf8000000| PB 0x000002bcf8000000| Complete |  0
| 431|0x000002bcf9000000, 0x000002bcfa000000, 0x000002bcfa000000|100%| S|CS|TAMS 0x000002bcf9000000| PB 0x000002bcf9000000| Complete |  0
| 432|0x000002bcfa000000, 0x000002bcfa000000, 0x000002bcfb000000|  0%| F|  |TAMS 0x000002bcfa000000| PB 0x000002bcfa000000| Untracked |  0
| 433|0x000002bcfb000000, 0x000002bcfb000000, 0x000002bcfc000000|  0%| F|  |TAMS 0x000002bcfb000000| PB 0x000002bcfb000000| Untracked |  0
| 434|0x000002bcfc000000, 0x000002bcfc000000, 0x000002bcfd000000|  0%| F|  |TAMS 0x000002bcfc000000| PB 0x000002bcfc000000| Untracked |  0
| 435|0x000002bcfd000000, 0x000002bcfd000000, 0x000002bcfe000000|  0%| F|  |TAMS 0x000002bcfd000000| PB 0x000002bcfd000000| Untracked |  0
| 436|0x000002bcfe000000, 0x000002bcfe000000, 0x000002bcff000000|  0%| F|  |TAMS 0x000002bcfe000000| PB 0x000002bcfe000000| Untracked |  0
| 437|0x000002bcff000000, 0x000002bcff000000, 0x000002bd00000000|  0%| F|  |TAMS 0x000002bcff000000| PB 0x000002bcff000000| Untracked |  0
| 438|0x000002bd00000000, 0x000002bd00000000, 0x000002bd01000000|  0%| F|  |TAMS 0x000002bd00000000| PB 0x000002bd00000000| Untracked |  0
| 439|0x000002bd01000000, 0x000002bd01000000, 0x000002bd02000000|  0%| F|  |TAMS 0x000002bd01000000| PB 0x000002bd01000000| Untracked |  0
| 440|0x000002bd02000000, 0x000002bd02000000, 0x000002bd03000000|  0%| F|  |TAMS 0x000002bd02000000| PB 0x000002bd02000000| Untracked |  0
| 441|0x000002bd03000000, 0x000002bd03000000, 0x000002bd04000000|  0%| F|  |TAMS 0x000002bd03000000| PB 0x000002bd03000000| Untracked |  0
| 442|0x000002bd04000000, 0x000002bd04000000, 0x000002bd05000000|  0%| F|  |TAMS 0x000002bd04000000| PB 0x000002bd04000000| Untracked |  0
| 443|0x000002bd05000000, 0x000002bd05000000, 0x000002bd06000000|  0%| F|  |TAMS 0x000002bd05000000| PB 0x000002bd05000000| Untracked |  0
| 444|0x000002bd06000000, 0x000002bd06000000, 0x000002bd07000000|  0%| F|  |TAMS 0x000002bd06000000| PB 0x000002bd06000000| Untracked |  0
| 445|0x000002bd07000000, 0x000002bd07000000, 0x000002bd08000000|  0%| F|  |TAMS 0x000002bd07000000| PB 0x000002bd07000000| Untracked |  0
| 446|0x000002bd08000000, 0x000002bd08000000, 0x000002bd09000000|  0%| F|  |TAMS 0x000002bd08000000| PB 0x000002bd08000000| Untracked |  0
| 447|0x000002bd09000000, 0x000002bd09000000, 0x000002bd0a000000|  0%| F|  |TAMS 0x000002bd09000000| PB 0x000002bd09000000| Untracked |  0
| 448|0x000002bd0a000000, 0x000002bd0a000000, 0x000002bd0b000000|  0%| F|  |TAMS 0x000002bd0a000000| PB 0x000002bd0a000000| Untracked |  0
| 449|0x000002bd0b000000, 0x000002bd0b000000, 0x000002bd0c000000|  0%| F|  |TAMS 0x000002bd0b000000| PB 0x000002bd0b000000| Untracked |  0
| 450|0x000002bd0c000000, 0x000002bd0c000000, 0x000002bd0d000000|  0%| F|  |TAMS 0x000002bd0c000000| PB 0x000002bd0c000000| Untracked |  0
| 451|0x000002bd0d000000, 0x000002bd0d000000, 0x000002bd0e000000|  0%| F|  |TAMS 0x000002bd0d000000| PB 0x000002bd0d000000| Untracked |  0
| 452|0x000002bd0e000000, 0x000002bd0e000000, 0x000002bd0f000000|  0%| F|  |TAMS 0x000002bd0e000000| PB 0x000002bd0e000000| Untracked |  0
| 453|0x000002bd0f000000, 0x000002bd0f000000, 0x000002bd10000000|  0%| F|  |TAMS 0x000002bd0f000000| PB 0x000002bd0f000000| Untracked |  0
| 454|0x000002bd10000000, 0x000002bd10000000, 0x000002bd11000000|  0%| F|  |TAMS 0x000002bd10000000| PB 0x000002bd10000000| Untracked |  0
| 455|0x000002bd11000000, 0x000002bd11000000, 0x000002bd12000000|  0%| F|  |TAMS 0x000002bd11000000| PB 0x000002bd11000000| Untracked |  0
| 456|0x000002bd12000000, 0x000002bd12000000, 0x000002bd13000000|  0%| F|  |TAMS 0x000002bd12000000| PB 0x000002bd12000000| Untracked |  0
| 457|0x000002bd13000000, 0x000002bd13000000, 0x000002bd14000000|  0%| F|  |TAMS 0x000002bd13000000| PB 0x000002bd13000000| Untracked |  0
| 458|0x000002bd14000000, 0x000002bd14000000, 0x000002bd15000000|  0%| F|  |TAMS 0x000002bd14000000| PB 0x000002bd14000000| Untracked |  0
| 459|0x000002bd15000000, 0x000002bd15000000, 0x000002bd16000000|  0%| F|  |TAMS 0x000002bd15000000| PB 0x000002bd15000000| Untracked |  0
| 460|0x000002bd16000000, 0x000002bd16000000, 0x000002bd17000000|  0%| F|  |TAMS 0x000002bd16000000| PB 0x000002bd16000000| Untracked |  0
| 461|0x000002bd17000000, 0x000002bd17000000, 0x000002bd18000000|  0%| F|  |TAMS 0x000002bd17000000| PB 0x000002bd17000000| Untracked |  0
| 462|0x000002bd18000000, 0x000002bd18000000, 0x000002bd19000000|  0%| F|  |TAMS 0x000002bd18000000| PB 0x000002bd18000000| Untracked |  0
| 463|0x000002bd19000000, 0x000002bd19000000, 0x000002bd1a000000|  0%| F|  |TAMS 0x000002bd19000000| PB 0x000002bd19000000| Untracked |  0
| 464|0x000002bd1a000000, 0x000002bd1a000000, 0x000002bd1b000000|  0%| F|  |TAMS 0x000002bd1a000000| PB 0x000002bd1a000000| Untracked |  0
| 465|0x000002bd1b000000, 0x000002bd1b000000, 0x000002bd1c000000|  0%| F|  |TAMS 0x000002bd1b000000| PB 0x000002bd1b000000| Untracked |  0
| 466|0x000002bd1c000000, 0x000002bd1c000000, 0x000002bd1d000000|  0%| F|  |TAMS 0x000002bd1c000000| PB 0x000002bd1c000000| Untracked |  0
| 467|0x000002bd1d000000, 0x000002bd1d000000, 0x000002bd1e000000|  0%| F|  |TAMS 0x000002bd1d000000| PB 0x000002bd1d000000| Untracked |  0
| 468|0x000002bd1e000000, 0x000002bd1e000000, 0x000002bd1f000000|  0%| F|  |TAMS 0x000002bd1e000000| PB 0x000002bd1e000000| Untracked |  0
| 469|0x000002bd1f000000, 0x000002bd1f000000, 0x000002bd20000000|  0%| F|  |TAMS 0x000002bd1f000000| PB 0x000002bd1f000000| Untracked |  0
| 470|0x000002bd20000000, 0x000002bd20000000, 0x000002bd21000000|  0%| F|  |TAMS 0x000002bd20000000| PB 0x000002bd20000000| Untracked |  0
| 471|0x000002bd21000000, 0x000002bd21000000, 0x000002bd22000000|  0%| F|  |TAMS 0x000002bd21000000| PB 0x000002bd21000000| Untracked |  0
| 472|0x000002bd22000000, 0x000002bd22000000, 0x000002bd23000000|  0%| F|  |TAMS 0x000002bd22000000| PB 0x000002bd22000000| Untracked |  0
| 473|0x000002bd23000000, 0x000002bd23000000, 0x000002bd24000000|  0%| F|  |TAMS 0x000002bd23000000| PB 0x000002bd23000000| Untracked |  0
| 474|0x000002bd24000000, 0x000002bd24000000, 0x000002bd25000000|  0%| F|  |TAMS 0x000002bd24000000| PB 0x000002bd24000000| Untracked |  0
| 475|0x000002bd25000000, 0x000002bd25000000, 0x000002bd26000000|  0%| F|  |TAMS 0x000002bd25000000| PB 0x000002bd25000000| Untracked |  0
| 476|0x000002bd26000000, 0x000002bd26000000, 0x000002bd27000000|  0%| F|  |TAMS 0x000002bd26000000| PB 0x000002bd26000000| Untracked |  0
| 477|0x000002bd27000000, 0x000002bd27000000, 0x000002bd28000000|  0%| F|  |TAMS 0x000002bd27000000| PB 0x000002bd27000000| Untracked |  0
| 478|0x000002bd28000000, 0x000002bd28000000, 0x000002bd29000000|  0%| F|  |TAMS 0x000002bd28000000| PB 0x000002bd28000000| Untracked |  0
| 479|0x000002bd29000000, 0x000002bd29000000, 0x000002bd2a000000|  0%| F|  |TAMS 0x000002bd29000000| PB 0x000002bd29000000| Untracked |  0
| 480|0x000002bd2a000000, 0x000002bd2a000000, 0x000002bd2b000000|  0%| F|  |TAMS 0x000002bd2a000000| PB 0x000002bd2a000000| Untracked |  0
| 481|0x000002bd2b000000, 0x000002bd2b000000, 0x000002bd2c000000|  0%| F|  |TAMS 0x000002bd2b000000| PB 0x000002bd2b000000| Untracked |  0
| 482|0x000002bd2c000000, 0x000002bd2c000000, 0x000002bd2d000000|  0%| F|  |TAMS 0x000002bd2c000000| PB 0x000002bd2c000000| Untracked |  0
| 483|0x000002bd2d000000, 0x000002bd2d000000, 0x000002bd2e000000|  0%| F|  |TAMS 0x000002bd2d000000| PB 0x000002bd2d000000| Untracked |  0
| 484|0x000002bd2e000000, 0x000002bd2e000000, 0x000002bd2f000000|  0%| F|  |TAMS 0x000002bd2e000000| PB 0x000002bd2e000000| Untracked |  0
| 485|0x000002bd2f000000, 0x000002bd2f000000, 0x000002bd30000000|  0%| F|  |TAMS 0x000002bd2f000000| PB 0x000002bd2f000000| Untracked |  0
| 486|0x000002bd30000000, 0x000002bd30000000, 0x000002bd31000000|  0%| F|  |TAMS 0x000002bd30000000| PB 0x000002bd30000000| Untracked |  0
| 487|0x000002bd31000000, 0x000002bd31000000, 0x000002bd32000000|  0%| F|  |TAMS 0x000002bd31000000| PB 0x000002bd31000000| Untracked |  0
| 488|0x000002bd32000000, 0x000002bd32000000, 0x000002bd33000000|  0%| F|  |TAMS 0x000002bd32000000| PB 0x000002bd32000000| Untracked |  0
| 489|0x000002bd33000000, 0x000002bd33000000, 0x000002bd34000000|  0%| F|  |TAMS 0x000002bd33000000| PB 0x000002bd33000000| Untracked |  0
| 490|0x000002bd34000000, 0x000002bd34000000, 0x000002bd35000000|  0%| F|  |TAMS 0x000002bd34000000| PB 0x000002bd34000000| Untracked |  0
| 491|0x000002bd35000000, 0x000002bd35000000, 0x000002bd36000000|  0%| F|  |TAMS 0x000002bd35000000| PB 0x000002bd35000000| Untracked |  0
| 492|0x000002bd36000000, 0x000002bd36000000, 0x000002bd37000000|  0%| F|  |TAMS 0x000002bd36000000| PB 0x000002bd36000000| Untracked |  0
| 493|0x000002bd37000000, 0x000002bd37000000, 0x000002bd38000000|  0%| F|  |TAMS 0x000002bd37000000| PB 0x000002bd37000000| Untracked |  0
| 494|0x000002bd38000000, 0x000002bd38000000, 0x000002bd39000000|  0%| F|  |TAMS 0x000002bd38000000| PB 0x000002bd38000000| Untracked |  0
| 495|0x000002bd39000000, 0x000002bd39000000, 0x000002bd3a000000|  0%| F|  |TAMS 0x000002bd39000000| PB 0x000002bd39000000| Untracked |  0
| 496|0x000002bd3a000000, 0x000002bd3a000000, 0x000002bd3b000000|  0%| F|  |TAMS 0x000002bd3a000000| PB 0x000002bd3a000000| Untracked |  0
| 497|0x000002bd3b000000, 0x000002bd3b000000, 0x000002bd3c000000|  0%| F|  |TAMS 0x000002bd3b000000| PB 0x000002bd3b000000| Untracked |  0
| 498|0x000002bd3c000000, 0x000002bd3c000000, 0x000002bd3d000000|  0%| F|  |TAMS 0x000002bd3c000000| PB 0x000002bd3c000000| Untracked |  0
| 499|0x000002bd3d000000, 0x000002bd3d000000, 0x000002bd3e000000|  0%| F|  |TAMS 0x000002bd3d000000| PB 0x000002bd3d000000| Untracked |  0
| 500|0x000002bd3e000000, 0x000002bd3e000000, 0x000002bd3f000000|  0%| F|  |TAMS 0x000002bd3e000000| PB 0x000002bd3e000000| Untracked |  0
| 501|0x000002bd3f000000, 0x000002bd3f000000, 0x000002bd40000000|  0%| F|  |TAMS 0x000002bd3f000000| PB 0x000002bd3f000000| Untracked |  0
| 502|0x000002bd40000000, 0x000002bd40000000, 0x000002bd41000000|  0%| F|  |TAMS 0x000002bd40000000| PB 0x000002bd40000000| Untracked |  0
| 503|0x000002bd41000000, 0x000002bd41000000, 0x000002bd42000000|  0%| F|  |TAMS 0x000002bd41000000| PB 0x000002bd41000000| Untracked |  0
| 504|0x000002bd42000000, 0x000002bd42000000, 0x000002bd43000000|  0%| F|  |TAMS 0x000002bd42000000| PB 0x000002bd42000000| Untracked |  0
| 505|0x000002bd43000000, 0x000002bd43000000, 0x000002bd44000000|  0%| F|  |TAMS 0x000002bd43000000| PB 0x000002bd43000000| Untracked |  0
| 506|0x000002bd44000000, 0x000002bd44000000, 0x000002bd45000000|  0%| F|  |TAMS 0x000002bd44000000| PB 0x000002bd44000000| Untracked |  0
| 507|0x000002bd45000000, 0x000002bd45000000, 0x000002bd46000000|  0%| F|  |TAMS 0x000002bd45000000| PB 0x000002bd45000000| Untracked |  0
| 508|0x000002bd46000000, 0x000002bd46000000, 0x000002bd47000000|  0%| F|  |TAMS 0x000002bd46000000| PB 0x000002bd46000000| Untracked |  0
| 509|0x000002bd47000000, 0x000002bd47000000, 0x000002bd48000000|  0%| F|  |TAMS 0x000002bd47000000| PB 0x000002bd47000000| Untracked |  0
| 510|0x000002bd48000000, 0x000002bd48000000, 0x000002bd49000000|  0%| F|  |TAMS 0x000002bd48000000| PB 0x000002bd48000000| Untracked |  0
| 511|0x000002bd49000000, 0x000002bd49000000, 0x000002bd4a000000|  0%| F|  |TAMS 0x000002bd49000000| PB 0x000002bd49000000| Untracked |  0
| 512|0x000002bd4a000000, 0x000002bd4a000000, 0x000002bd4b000000|  0%| F|  |TAMS 0x000002bd4a000000| PB 0x000002bd4a000000| Untracked |  0
| 513|0x000002bd4b000000, 0x000002bd4b000000, 0x000002bd4c000000|  0%| F|  |TAMS 0x000002bd4b000000| PB 0x000002bd4b000000| Untracked |  0
| 514|0x000002bd4c000000, 0x000002bd4c000000, 0x000002bd4d000000|  0%| F|  |TAMS 0x000002bd4c000000| PB 0x000002bd4c000000| Untracked |  0
| 515|0x000002bd4d000000, 0x000002bd4d000000, 0x000002bd4e000000|  0%| F|  |TAMS 0x000002bd4d000000| PB 0x000002bd4d000000| Untracked |  0
| 516|0x000002bd4e000000, 0x000002bd4e000000, 0x000002bd4f000000|  0%| F|  |TAMS 0x000002bd4e000000| PB 0x000002bd4e000000| Untracked |  0
| 517|0x000002bd4f000000, 0x000002bd4f000000, 0x000002bd50000000|  0%| F|  |TAMS 0x000002bd4f000000| PB 0x000002bd4f000000| Untracked |  0
| 518|0x000002bd50000000, 0x000002bd50000000, 0x000002bd51000000|  0%| F|  |TAMS 0x000002bd50000000| PB 0x000002bd50000000| Untracked |  0
| 519|0x000002bd51000000, 0x000002bd51000000, 0x000002bd52000000|  0%| F|  |TAMS 0x000002bd51000000| PB 0x000002bd51000000| Untracked |  0
| 520|0x000002bd52000000, 0x000002bd52000000, 0x000002bd53000000|  0%| F|  |TAMS 0x000002bd52000000| PB 0x000002bd52000000| Untracked |  0
| 521|0x000002bd53000000, 0x000002bd53000000, 0x000002bd54000000|  0%| F|  |TAMS 0x000002bd53000000| PB 0x000002bd53000000| Untracked |  0
| 522|0x000002bd54000000, 0x000002bd54000000, 0x000002bd55000000|  0%| F|  |TAMS 0x000002bd54000000| PB 0x000002bd54000000| Untracked |  0
| 523|0x000002bd55000000, 0x000002bd55000000, 0x000002bd56000000|  0%| F|  |TAMS 0x000002bd55000000| PB 0x000002bd55000000| Untracked |  0
| 524|0x000002bd56000000, 0x000002bd56000000, 0x000002bd57000000|  0%| F|  |TAMS 0x000002bd56000000| PB 0x000002bd56000000| Untracked |  0
| 525|0x000002bd57000000, 0x000002bd57000000, 0x000002bd58000000|  0%| F|  |TAMS 0x000002bd57000000| PB 0x000002bd57000000| Untracked |  0
| 526|0x000002bd58000000, 0x000002bd58000000, 0x000002bd59000000|  0%| F|  |TAMS 0x000002bd58000000| PB 0x000002bd58000000| Untracked |  0
| 527|0x000002bd59000000, 0x000002bd59000000, 0x000002bd5a000000|  0%| F|  |TAMS 0x000002bd59000000| PB 0x000002bd59000000| Untracked |  0
| 528|0x000002bd5a000000, 0x000002bd5a000000, 0x000002bd5b000000|  0%| F|  |TAMS 0x000002bd5a000000| PB 0x000002bd5a000000| Untracked |  0
| 529|0x000002bd5b000000, 0x000002bd5b000000, 0x000002bd5c000000|  0%| F|  |TAMS 0x000002bd5b000000| PB 0x000002bd5b000000| Untracked |  0
| 530|0x000002bd5c000000, 0x000002bd5c000000, 0x000002bd5d000000|  0%| F|  |TAMS 0x000002bd5c000000| PB 0x000002bd5c000000| Untracked |  0
| 531|0x000002bd5d000000, 0x000002bd5d000000, 0x000002bd5e000000|  0%| F|  |TAMS 0x000002bd5d000000| PB 0x000002bd5d000000| Untracked |  0
| 532|0x000002bd5e000000, 0x000002bd5e000000, 0x000002bd5f000000|  0%| F|  |TAMS 0x000002bd5e000000| PB 0x000002bd5e000000| Untracked |  0
| 533|0x000002bd5f000000, 0x000002bd5f000000, 0x000002bd60000000|  0%| F|  |TAMS 0x000002bd5f000000| PB 0x000002bd5f000000| Untracked |  0
| 534|0x000002bd60000000, 0x000002bd60000000, 0x000002bd61000000|  0%| F|  |TAMS 0x000002bd60000000| PB 0x000002bd60000000| Untracked |  0
| 535|0x000002bd61000000, 0x000002bd61000000, 0x000002bd62000000|  0%| F|  |TAMS 0x000002bd61000000| PB 0x000002bd61000000| Untracked |  0
| 536|0x000002bd62000000, 0x000002bd62000000, 0x000002bd63000000|  0%| F|  |TAMS 0x000002bd62000000| PB 0x000002bd62000000| Untracked |  0
| 537|0x000002bd63000000, 0x000002bd63000000, 0x000002bd64000000|  0%| F|  |TAMS 0x000002bd63000000| PB 0x000002bd63000000| Untracked |  0
| 538|0x000002bd64000000, 0x000002bd64000000, 0x000002bd65000000|  0%| F|  |TAMS 0x000002bd64000000| PB 0x000002bd64000000| Untracked |  0
| 539|0x000002bd65000000, 0x000002bd65000000, 0x000002bd66000000|  0%| F|  |TAMS 0x000002bd65000000| PB 0x000002bd65000000| Untracked |  0
| 540|0x000002bd66000000, 0x000002bd66000000, 0x000002bd67000000|  0%| F|  |TAMS 0x000002bd66000000| PB 0x000002bd66000000| Untracked |  0
| 541|0x000002bd67000000, 0x000002bd67000000, 0x000002bd68000000|  0%| F|  |TAMS 0x000002bd67000000| PB 0x000002bd67000000| Untracked |  0
| 542|0x000002bd68000000, 0x000002bd68000000, 0x000002bd69000000|  0%| F|  |TAMS 0x000002bd68000000| PB 0x000002bd68000000| Untracked |  0
| 543|0x000002bd69000000, 0x000002bd69000000, 0x000002bd6a000000|  0%| F|  |TAMS 0x000002bd69000000| PB 0x000002bd69000000| Untracked |  0
| 544|0x000002bd6a000000, 0x000002bd6a000000, 0x000002bd6b000000|  0%| F|  |TAMS 0x000002bd6a000000| PB 0x000002bd6a000000| Untracked |  0
| 545|0x000002bd6b000000, 0x000002bd6b000000, 0x000002bd6c000000|  0%| F|  |TAMS 0x000002bd6b000000| PB 0x000002bd6b000000| Untracked |  0
| 546|0x000002bd6c000000, 0x000002bd6c000000, 0x000002bd6d000000|  0%| F|  |TAMS 0x000002bd6c000000| PB 0x000002bd6c000000| Untracked |  0
| 547|0x000002bd6d000000, 0x000002bd6d000000, 0x000002bd6e000000|  0%| F|  |TAMS 0x000002bd6d000000| PB 0x000002bd6d000000| Untracked |  0
| 548|0x000002bd6e000000, 0x000002bd6e000000, 0x000002bd6f000000|  0%| F|  |TAMS 0x000002bd6e000000| PB 0x000002bd6e000000| Untracked |  0
| 549|0x000002bd6f000000, 0x000002bd6f000000, 0x000002bd70000000|  0%| F|  |TAMS 0x000002bd6f000000| PB 0x000002bd6f000000| Untracked |  0
| 550|0x000002bd70000000, 0x000002bd70000000, 0x000002bd71000000|  0%| F|  |TAMS 0x000002bd70000000| PB 0x000002bd70000000| Untracked |  0
| 551|0x000002bd71000000, 0x000002bd71000000, 0x000002bd72000000|  0%| F|  |TAMS 0x000002bd71000000| PB 0x000002bd71000000| Untracked |  0
| 552|0x000002bd72000000, 0x000002bd72000000, 0x000002bd73000000|  0%| F|  |TAMS 0x000002bd72000000| PB 0x000002bd72000000| Untracked |  0
| 553|0x000002bd73000000, 0x000002bd73000000, 0x000002bd74000000|  0%| F|  |TAMS 0x000002bd73000000| PB 0x000002bd73000000| Untracked |  0
| 554|0x000002bd74000000, 0x000002bd74000000, 0x000002bd75000000|  0%| F|  |TAMS 0x000002bd74000000| PB 0x000002bd74000000| Untracked |  0
| 555|0x000002bd75000000, 0x000002bd75000000, 0x000002bd76000000|  0%| F|  |TAMS 0x000002bd75000000| PB 0x000002bd75000000| Untracked |  0
| 556|0x000002bd76000000, 0x000002bd76000000, 0x000002bd77000000|  0%| F|  |TAMS 0x000002bd76000000| PB 0x000002bd76000000| Untracked |  0
| 557|0x000002bd77000000, 0x000002bd77000000, 0x000002bd78000000|  0%| F|  |TAMS 0x000002bd77000000| PB 0x000002bd77000000| Untracked |  0
| 558|0x000002bd78000000, 0x000002bd78000000, 0x000002bd79000000|  0%| F|  |TAMS 0x000002bd78000000| PB 0x000002bd78000000| Untracked |  0
| 559|0x000002bd79000000, 0x000002bd79000000, 0x000002bd7a000000|  0%| F|  |TAMS 0x000002bd79000000| PB 0x000002bd79000000| Untracked |  0
| 560|0x000002bd7a000000, 0x000002bd7a000000, 0x000002bd7b000000|  0%| F|  |TAMS 0x000002bd7a000000| PB 0x000002bd7a000000| Untracked |  0
| 561|0x000002bd7b000000, 0x000002bd7b000000, 0x000002bd7c000000|  0%| F|  |TAMS 0x000002bd7b000000| PB 0x000002bd7b000000| Untracked |  0
| 562|0x000002bd7c000000, 0x000002bd7c000000, 0x000002bd7d000000|  0%| F|  |TAMS 0x000002bd7c000000| PB 0x000002bd7c000000| Untracked |  0
| 563|0x000002bd7d000000, 0x000002bd7d000000, 0x000002bd7e000000|  0%| F|  |TAMS 0x000002bd7d000000| PB 0x000002bd7d000000| Untracked |  0
| 564|0x000002bd7e000000, 0x000002bd7e000000, 0x000002bd7f000000|  0%| F|  |TAMS 0x000002bd7e000000| PB 0x000002bd7e000000| Untracked |  0
| 565|0x000002bd7f000000, 0x000002bd7f000000, 0x000002bd80000000|  0%| F|  |TAMS 0x000002bd7f000000| PB 0x000002bd7f000000| Untracked |  0
| 566|0x000002bd80000000, 0x000002bd80000000, 0x000002bd81000000|  0%| F|  |TAMS 0x000002bd80000000| PB 0x000002bd80000000| Untracked |  0
| 567|0x000002bd81000000, 0x000002bd81000000, 0x000002bd82000000|  0%| F|  |TAMS 0x000002bd81000000| PB 0x000002bd81000000| Untracked |  0
| 568|0x000002bd82000000, 0x000002bd82000000, 0x000002bd83000000|  0%| F|  |TAMS 0x000002bd82000000| PB 0x000002bd82000000| Untracked |  0
| 569|0x000002bd83000000, 0x000002bd83000000, 0x000002bd84000000|  0%| F|  |TAMS 0x000002bd83000000| PB 0x000002bd83000000| Untracked |  0
| 570|0x000002bd84000000, 0x000002bd84000000, 0x000002bd85000000|  0%| F|  |TAMS 0x000002bd84000000| PB 0x000002bd84000000| Untracked |  0
| 571|0x000002bd85000000, 0x000002bd85000000, 0x000002bd86000000|  0%| F|  |TAMS 0x000002bd85000000| PB 0x000002bd85000000| Untracked |  0
| 572|0x000002bd86000000, 0x000002bd86000000, 0x000002bd87000000|  0%| F|  |TAMS 0x000002bd86000000| PB 0x000002bd86000000| Untracked |  0
| 573|0x000002bd87000000, 0x000002bd87000000, 0x000002bd88000000|  0%| F|  |TAMS 0x000002bd87000000| PB 0x000002bd87000000| Untracked |  0
| 574|0x000002bd88000000, 0x000002bd88000000, 0x000002bd89000000|  0%| F|  |TAMS 0x000002bd88000000| PB 0x000002bd88000000| Untracked |  0
| 575|0x000002bd89000000, 0x000002bd89000000, 0x000002bd8a000000|  0%| F|  |TAMS 0x000002bd89000000| PB 0x000002bd89000000| Untracked |  0
| 576|0x000002bd8a000000, 0x000002bd8a000000, 0x000002bd8b000000|  0%| F|  |TAMS 0x000002bd8a000000| PB 0x000002bd8a000000| Untracked |  0
| 577|0x000002bd8b000000, 0x000002bd8b000000, 0x000002bd8c000000|  0%| F|  |TAMS 0x000002bd8b000000| PB 0x000002bd8b000000| Untracked |  0
| 578|0x000002bd8c000000, 0x000002bd8c000000, 0x000002bd8d000000|  0%| F|  |TAMS 0x000002bd8c000000| PB 0x000002bd8c000000| Untracked |  0
| 579|0x000002bd8d000000, 0x000002bd8d000000, 0x000002bd8e000000|  0%| F|  |TAMS 0x000002bd8d000000| PB 0x000002bd8d000000| Untracked |  0
| 580|0x000002bd8e000000, 0x000002bd8e000000, 0x000002bd8f000000|  0%| F|  |TAMS 0x000002bd8e000000| PB 0x000002bd8e000000| Untracked |  0
| 581|0x000002bd8f000000, 0x000002bd8f000000, 0x000002bd90000000|  0%| F|  |TAMS 0x000002bd8f000000| PB 0x000002bd8f000000| Untracked |  0
| 582|0x000002bd90000000, 0x000002bd90000000, 0x000002bd91000000|  0%| F|  |TAMS 0x000002bd90000000| PB 0x000002bd90000000| Untracked |  0
| 583|0x000002bd91000000, 0x000002bd91000000, 0x000002bd92000000|  0%| F|  |TAMS 0x000002bd91000000| PB 0x000002bd91000000| Untracked |  0
| 584|0x000002bd92000000, 0x000002bd92000000, 0x000002bd93000000|  0%| F|  |TAMS 0x000002bd92000000| PB 0x000002bd92000000| Untracked |  0
| 585|0x000002bd93000000, 0x000002bd93000000, 0x000002bd94000000|  0%| F|  |TAMS 0x000002bd93000000| PB 0x000002bd93000000| Untracked |  0
| 586|0x000002bd94000000, 0x000002bd94000000, 0x000002bd95000000|  0%| F|  |TAMS 0x000002bd94000000| PB 0x000002bd94000000| Untracked |  0
| 587|0x000002bd95000000, 0x000002bd95000000, 0x000002bd96000000|  0%| F|  |TAMS 0x000002bd95000000| PB 0x000002bd95000000| Untracked |  0
| 588|0x000002bd96000000, 0x000002bd96000000, 0x000002bd97000000|  0%| F|  |TAMS 0x000002bd96000000| PB 0x000002bd96000000| Untracked |  0
| 589|0x000002bd97000000, 0x000002bd97000000, 0x000002bd98000000|  0%| F|  |TAMS 0x000002bd97000000| PB 0x000002bd97000000| Untracked |  0
| 590|0x000002bd98000000, 0x000002bd98000000, 0x000002bd99000000|  0%| F|  |TAMS 0x000002bd98000000| PB 0x000002bd98000000| Untracked |  0
| 591|0x000002bd99000000, 0x000002bd99000000, 0x000002bd9a000000|  0%| F|  |TAMS 0x000002bd99000000| PB 0x000002bd99000000| Untracked |  0
| 592|0x000002bd9a000000, 0x000002bd9a000000, 0x000002bd9b000000|  0%| F|  |TAMS 0x000002bd9a000000| PB 0x000002bd9a000000| Untracked |  0
| 593|0x000002bd9b000000, 0x000002bd9b000000, 0x000002bd9c000000|  0%| F|  |TAMS 0x000002bd9b000000| PB 0x000002bd9b000000| Untracked |  0
| 594|0x000002bd9c000000, 0x000002bd9c000000, 0x000002bd9d000000|  0%| F|  |TAMS 0x000002bd9c000000| PB 0x000002bd9c000000| Untracked |  0
| 595|0x000002bd9d000000, 0x000002bd9d000000, 0x000002bd9e000000|  0%| F|  |TAMS 0x000002bd9d000000| PB 0x000002bd9d000000| Untracked |  0
| 596|0x000002bd9e000000, 0x000002bd9e000000, 0x000002bd9f000000|  0%| F|  |TAMS 0x000002bd9e000000| PB 0x000002bd9e000000| Untracked |  0
| 597|0x000002bd9f000000, 0x000002bd9f000000, 0x000002bda0000000|  0%| F|  |TAMS 0x000002bd9f000000| PB 0x000002bd9f000000| Untracked |  0
| 598|0x000002bda0000000, 0x000002bda0000000, 0x000002bda1000000|  0%| F|  |TAMS 0x000002bda0000000| PB 0x000002bda0000000| Untracked |  0
| 599|0x000002bda1000000, 0x000002bda1000000, 0x000002bda2000000|  0%| F|  |TAMS 0x000002bda1000000| PB 0x000002bda1000000| Untracked |  0
| 600|0x000002bda2000000, 0x000002bda2000000, 0x000002bda3000000|  0%| F|  |TAMS 0x000002bda2000000| PB 0x000002bda2000000| Untracked |  0
| 601|0x000002bda3000000, 0x000002bda3000000, 0x000002bda4000000|  0%| F|  |TAMS 0x000002bda3000000| PB 0x000002bda3000000| Untracked |  0
| 602|0x000002bda4000000, 0x000002bda4000000, 0x000002bda5000000|  0%| F|  |TAMS 0x000002bda4000000| PB 0x000002bda4000000| Untracked |  0
| 603|0x000002bda5000000, 0x000002bda5000000, 0x000002bda6000000|  0%| F|  |TAMS 0x000002bda5000000| PB 0x000002bda5000000| Untracked |  0
| 604|0x000002bda6000000, 0x000002bda6000000, 0x000002bda7000000|  0%| F|  |TAMS 0x000002bda6000000| PB 0x000002bda6000000| Untracked |  0
| 605|0x000002bda7000000, 0x000002bda7000000, 0x000002bda8000000|  0%| F|  |TAMS 0x000002bda7000000| PB 0x000002bda7000000| Untracked |  0
| 606|0x000002bda8000000, 0x000002bda8000000, 0x000002bda9000000|  0%| F|  |TAMS 0x000002bda8000000| PB 0x000002bda8000000| Untracked |  0
| 607|0x000002bda9000000, 0x000002bda9000000, 0x000002bdaa000000|  0%| F|  |TAMS 0x000002bda9000000| PB 0x000002bda9000000| Untracked |  0
| 608|0x000002bdaa000000, 0x000002bdaa000000, 0x000002bdab000000|  0%| F|  |TAMS 0x000002bdaa000000| PB 0x000002bdaa000000| Untracked |  0
| 609|0x000002bdab000000, 0x000002bdab000000, 0x000002bdac000000|  0%| F|  |TAMS 0x000002bdab000000| PB 0x000002bdab000000| Untracked |  0
| 610|0x000002bdac000000, 0x000002bdac000000, 0x000002bdad000000|  0%| F|  |TAMS 0x000002bdac000000| PB 0x000002bdac000000| Untracked |  0
| 611|0x000002bdad000000, 0x000002bdad000000, 0x000002bdae000000|  0%| F|  |TAMS 0x000002bdad000000| PB 0x000002bdad000000| Untracked |  0
| 612|0x000002bdae000000, 0x000002bdae000000, 0x000002bdaf000000|  0%| F|  |TAMS 0x000002bdae000000| PB 0x000002bdae000000| Untracked |  0
| 613|0x000002bdaf000000, 0x000002bdaf000000, 0x000002bdb0000000|  0%| F|  |TAMS 0x000002bdaf000000| PB 0x000002bdaf000000| Untracked |  0
| 614|0x000002bdb0000000, 0x000002bdb0000000, 0x000002bdb1000000|  0%| F|  |TAMS 0x000002bdb0000000| PB 0x000002bdb0000000| Untracked |  0
| 615|0x000002bdb1000000, 0x000002bdb1000000, 0x000002bdb2000000|  0%| F|  |TAMS 0x000002bdb1000000| PB 0x000002bdb1000000| Untracked |  0
| 616|0x000002bdb2000000, 0x000002bdb2000000, 0x000002bdb3000000|  0%| F|  |TAMS 0x000002bdb2000000| PB 0x000002bdb2000000| Untracked |  0
|2040|0x000002c342000000, 0x000002c342000000, 0x000002c343000000|  0%| F|  |TAMS 0x000002c342000000| PB 0x000002c342000000| Untracked |  0
|2041|0x000002c343000000, 0x000002c343000000, 0x000002c344000000|  0%| F|  |TAMS 0x000002c343000000| PB 0x000002c343000000| Untracked |  0
|2042|0x000002c344000000, 0x000002c344000000, 0x000002c345000000|  0%| F|  |TAMS 0x000002c344000000| PB 0x000002c344000000| Untracked |  0
|2043|0x000002c345000000, 0x000002c345000000, 0x000002c346000000|  0%| F|  |TAMS 0x000002c345000000| PB 0x000002c345000000| Untracked |  0

Card table byte_map: [0x000002bb03fe0000,0x000002bb07fc0000] _byte_map_base: 0x000002b9a6590000

Marking Bits: (CMBitMap*) 0x000002bb317e9fd0
 Bits: [0x000002bb07fc0000, 0x000002bb27ec0000)

Polling page: 0x000002bb2f180000

Metaspace:

Usage:
  Non-class:     12.72 MB used.
      Class:      1.21 MB used.
       Both:     13.93 MB used.

Virtual space:
  Non-class space:       64.00 MB reserved,      12.75 MB ( 20%) committed,  1 nodes.
      Class space:        1.00 GB reserved,       1.25 MB ( <1%) committed,  1 nodes.
             Both:        1.06 GB reserved,      14.00 MB (  1%) committed. 

Chunk freelists:
   Non-Class:  3.00 MB
       Class:  14.56 MB
        Both:  17.56 MB

MaxMetaspaceSize: unlimited
CompressedClassSpaceSize: 1.00 GB
Initial GC threshold: 21.00 MB
Current GC threshold: 23.25 MB
CDS: on
 - commit_granule_bytes: 65536.
 - commit_granule_words: 8192.
 - virtual_space_node_default_size: 8388608.
 - enlarge_chunks_in_place: 1.
UseCompressedClassPointers 1, UseCompactObjectHeaders 0
Narrow klass pointer bits 32, Max shift 3
Narrow klass base: 0x000002c346000000, Narrow klass shift: 0
Encoding Range: [0x000002c346000000 - 0x000002c446000000), (4294967296 bytes)
Klass Range:    [0x000002c346000000 - 0x000002c387000000), (1090519040 bytes)
Klass ID Range:  [8 - 1090519033) (1090519025)


Internal statistics:

num_allocs_failed_limit: 0.
num_arena_births: 74.
num_arena_deaths: 0.
num_vsnodes_births: 2.
num_vsnodes_deaths: 0.
num_space_committed: 224.
num_space_uncommitted: 0.
num_chunks_returned_to_freelist: 0.
num_chunks_taken_from_freelist: 352.
num_chunk_merges: 0.
num_chunk_splits: 284.
num_chunks_enlarged: 245.
num_inconsistent_stats: 0.

CodeHeap 'non-profiled nmethods': size=119232Kb used=4142Kb max_used=4142Kb free=115089Kb
 bounds [0x000002bb41b60000, 0x000002bb41f70000, 0x000002bb48fd0000]
CodeHeap 'profiled nmethods': size=119104Kb used=10402Kb max_used=10402Kb free=108702Kb
 bounds [0x000002bb39fd0000, 0x000002bb3aa20000, 0x000002bb41420000]
CodeHeap 'non-nmethods': size=7424Kb used=3134Kb max_used=3379Kb free=4289Kb
 bounds [0x000002bb41420000, 0x000002bb41780000, 0x000002bb41b60000]
CodeCache: size=245760Kb, used=17678Kb, max_used=17923Kb, free=228080Kb
 total_blobs=5078, nmethods=4470, adapters=510, full_count=0
Compilation: enabled, stopped_count=0, restarted_count=0

Compilation events (20 events):
Event: 9.841 Thread 0x000002c38c039d70 nmethod 5145% 0x000002bb41f66c08 code [0x000002bb41f66f20, 0x000002bb41f691e0]
Event: 9.843 Thread 0x000002bb2808e5b0 nmethod 5215 0x000002bb41f69388 code [0x000002bb41f69580, 0x000002bb41f6a570]
Event: 9.845 Thread 0x000002c38c039d70 5183       4       java.lang.ThreadLocal$ThreadLocalMap::<init> (158 bytes)
Event: 9.846 Thread 0x000002bb2808e5b0 5118       4       com.jpexs.decompiler.flash.abc.avm2.instructions.construction.NewArrayIns::translate (95 bytes)
Event: 9.848 Thread 0x000002c38d761f60 nmethod 5221 0x000002bb41f6a688 code [0x000002bb41f6a7c0, 0x000002bb41f6aba0]
Event: 9.849 Thread 0x000002c38d761f60 5196       4       com.jpexs.decompiler.graph.Graph::checkGetLoopsPart (1 bytes)
Event: 9.851 Thread 0x000002c38d761f60 nmethod 5196 0x000002bb41f6ac88 code [0x000002bb41f6ad80, 0x000002bb41f6adf8]
Event: 9.851 Thread 0x000002c38d761f60 5229       4       com.jpexs.decompiler.flash.abc.avm2.instructions.other.SetPropertyIns::handleCompound (507 bytes)
Event: 9.852 Thread 0x000002c38711e300 5230       3       com.jpexs.decompiler.flash.abc.avm2.instructions.types.ConvertSIns::translate (31 bytes)
Event: 9.852 Thread 0x000002bb2807ab40 5231       3       com.jpexs.decompiler.flash.abc.avm2.instructions.types.ConvertSIns::getTargetType (11 bytes)
Event: 9.853 Thread 0x000002bb2807ab40 nmethod 5231 0x000002bb3a537a88 code [0x000002bb3a537be0, 0x000002bb3a5380c8]
Event: 9.853 Thread 0x000002c38711e300 nmethod 5230 0x000002bb3a536988 code [0x000002bb3a536b80, 0x000002bb3a537980]
Event: 9.853 Thread 0x000002c38711e300 5232       3       com.jpexs.decompiler.flash.abc.avm2.model.CoerceAVM2Item::getResult (130 bytes)
Event: 9.854 Thread 0x000002c38711e300 nmethod 5232 0x000002bb3a1f8388 code [0x000002bb3a1f8540, 0x000002bb3a1f8d50]
Event: 9.855 Thread 0x000002c38c039d70 nmethod 5183 0x000002bb41f6af88 code [0x000002bb41f6b0e0, 0x000002bb41f6bad0]
Event: 9.855 Thread 0x000002c38c039d70 5161       4       com.jpexs.decompiler.flash.abc.avm2.instructions.stack.PushDoubleIns::translate (34 bytes)
Event: 9.856 Thread 0x000002c38d77fa40 5233       3       com.jpexs.decompiler.flash.abc.avm2.model.clauses.ForEachInAVM2Item::appendTo (151 bytes)
Event: 9.857 Thread 0x000002c38d77fa40 nmethod 5233 0x000002bb3a1f6988 code [0x000002bb3a1f6c00, 0x000002bb3a1f82e8]
Event: 9.862 Thread 0x000002c387139d40 5234       3       com.jpexs.decompiler.flash.abc.avm2.instructions.jumps.IfGtIns::translate (34 bytes)
Event: 9.863 Thread 0x000002c387139d40 nmethod 5234 0x000002bb3a1f5b08 code [0x000002bb3a1f5ca0, 0x000002bb3a1f6688]

GC Heap History (20 events):
Event: 3.448 GC heap after
{Heap after GC invocations=14 (full 0):
 garbage-first heap   total reserved 33488896K, committed 6782976K, used 1599147K [0x000002bb4a000000, 0x000002c346000000)
  region size 16384K, 4 young (65536K), 4 survivors (65536K)
 Metaspace       used 13938K, committed 14080K, reserved 1114112K
  class space    used 1236K, committed 1280K, reserved 1048576K
}
Event: 4.373 GC heap before
{Heap before GC invocations=15 (full 0):
 garbage-first heap   total reserved 33488896K, committed 5193728K, used 3483307K [0x000002bb4a000000, 0x000002c346000000)
  region size 16384K, 124 young (2031616K), 4 survivors (65536K)
 Metaspace       used 14059K, committed 14208K, reserved 1114112K
  class space    used 1236K, committed 1280K, reserved 1048576K
}
Event: 4.449 GC heap after
{Heap after GC invocations=16 (full 0):
 garbage-first heap   total reserved 33488896K, committed 5193728K, used 1834865K [0x000002bb4a000000, 0x000002c346000000)
  region size 16384K, 16 young (262144K), 16 survivors (262144K)
 Metaspace       used 14059K, committed 14208K, reserved 1114112K
  class space    used 1236K, committed 1280K, reserved 1048576K
}
Event: 4.706 GC heap before
{Heap before GC invocations=16 (full 0):
 garbage-first heap   total reserved 33488896K, committed 5193728K, used 3161969K [0x000002bb4a000000, 0x000002c346000000)
  region size 16384K, 98 young (1605632K), 16 survivors (262144K)
 Metaspace       used 14090K, committed 14272K, reserved 1114112K
  class space    used 1237K, committed 1280K, reserved 1048576K
}
Event: 4.833 GC heap after
{Heap after GC invocations=17 (full 0):
 garbage-first heap   total reserved 33488896K, committed 5193728K, used 2046574K [0x000002bb4a000000, 0x000002c346000000)
  region size 16384K, 13 young (212992K), 13 survivors (212992K)
 Metaspace       used 14090K, committed 14272K, reserved 1114112K
  class space    used 1237K, committed 1280K, reserved 1048576K
}
Event: 5.471 GC heap before
{Heap before GC invocations=17 (full 0):
 garbage-first heap   total reserved 33488896K, committed 5193728K, used 3603054K [0x000002bb4a000000, 0x000002c346000000)
  region size 16384K, 109 young (1785856K), 13 survivors (212992K)
 Metaspace       used 14145K, committed 14272K, reserved 1114112K
  class space    used 1237K, committed 1280K, reserved 1048576K
}
Event: 5.556 GC heap after
{Heap after GC invocations=18 (full 0):
 garbage-first heap   total reserved 33488896K, committed 5193728K, used 2183547K [0x000002bb4a000000, 0x000002c346000000)
  region size 16384K, 14 young (229376K), 14 survivors (229376K)
 Metaspace       used 14145K, committed 14272K, reserved 1114112K
  class space    used 1237K, committed 1280K, reserved 1048576K
}
Event: 5.659 GC heap before
{Heap before GC invocations=18 (full 0):
 garbage-first heap   total reserved 33488896K, committed 5193728K, used 2822523K [0x000002bb4a000000, 0x000002c346000000)
  region size 16384K, 54 young (884736K), 14 survivors (229376K)
 Metaspace       used 14158K, committed 14272K, reserved 1114112K
  class space    used 1237K, committed 1280K, reserved 1048576K
}
Event: 6.116 GC heap after
{Heap after GC invocations=19 (full 1):
 garbage-first heap   total reserved 33488896K, committed 3391488K, used 833201K [0x000002bb4a000000, 0x000002c346000000)
  region size 16384K, 0 young (0K), 0 survivors (0K)
 Metaspace       used 14158K, committed 14272K, reserved 1114112K
  class space    used 1237K, committed 1280K, reserved 1048576K
}
Event: 6.394 GC heap before
{Heap before GC invocations=19 (full 1):
 garbage-first heap   total reserved 33488896K, committed 3391488K, used 2193073K [0x000002bb4a000000, 0x000002c346000000)
  region size 16384K, 83 young (1359872K), 0 survivors (0K)
 Metaspace       used 14186K, committed 14336K, reserved 1114112K
  class space    used 1237K, committed 1280K, reserved 1048576K
}
Event: 6.464 GC heap after
{Heap after GC invocations=20 (full 1):
 garbage-first heap   total reserved 33488896K, committed 3391488K, used 1162741K [0x000002bb4a000000, 0x000002c346000000)
  region size 16384K, 11 young (180224K), 11 survivors (180224K)
 Metaspace       used 14186K, committed 14336K, reserved 1114112K
  class space    used 1237K, committed 1280K, reserved 1048576K
}
Event: 6.808 GC heap before
{Heap before GC invocations=20 (full 1):
 garbage-first heap   total reserved 33488896K, committed 3391488K, used 2309621K [0x000002bb4a000000, 0x000002c346000000)
  region size 16384K, 82 young (1343488K), 11 survivors (180224K)
 Metaspace       used 14198K, committed 14336K, reserved 1114112K
  class space    used 1237K, committed 1280K, reserved 1048576K
}
Event: 6.887 GC heap after
{Heap after GC invocations=21 (full 1):
 garbage-first heap   total reserved 33488896K, committed 10174464K, used 1310034K [0x000002bb4a000000, 0x000002c346000000)
  region size 16384K, 9 young (147456K), 9 survivors (147456K)
 Metaspace       used 14198K, committed 14336K, reserved 1114112K
  class space    used 1237K, committed 1280K, reserved 1048576K
}
Event: 7.609 GC heap before
{Heap before GC invocations=21 (full 1):
 garbage-first heap   total reserved 33488896K, committed 10174464K, used 3767634K [0x000002bb4a000000, 0x000002c346000000)
  region size 16384K, 159 young (2605056K), 9 survivors (147456K)
 Metaspace       used 14231K, committed 14336K, reserved 1114112K
  class space    used 1238K, committed 1280K, reserved 1048576K
}
Event: 7.697 GC heap after
{Heap after GC invocations=22 (full 1):
 garbage-first heap   total reserved 33488896K, committed 10174464K, used 1594102K [0x000002bb4a000000, 0x000002c346000000)
  region size 16384K, 20 young (327680K), 20 survivors (327680K)
 Metaspace       used 14231K, committed 14336K, reserved 1114112K
  class space    used 1238K, committed 1280K, reserved 1048576K
}
Event: 8.354 GC heap before
{Heap before GC invocations=22 (full 1):
 garbage-first heap   total reserved 33488896K, committed 10174464K, used 3740406K [0x000002bb4a000000, 0x000002c346000000)
  region size 16384K, 152 young (2490368K), 20 survivors (327680K)
 Metaspace       used 14241K, committed 14336K, reserved 1114112K
  class space    used 1238K, committed 1280K, reserved 1048576K
}
Event: 8.475 GC heap after
{Heap after GC invocations=23 (full 1):
 garbage-first heap   total reserved 33488896K, committed 10174464K, used 1902737K [0x000002bb4a000000, 0x000002c346000000)
  region size 16384K, 19 young (311296K), 19 survivors (311296K)
 Metaspace       used 14241K, committed 14336K, reserved 1114112K
  class space    used 1238K, committed 1280K, reserved 1048576K
}
Event: 9.331 GC heap before
{Heap before GC invocations=23 (full 1):
 garbage-first heap   total reserved 33488896K, committed 10174464K, used 4311185K [0x000002bb4a000000, 0x000002c346000000)
  region size 16384K, 167 young (2736128K), 19 survivors (311296K)
 Metaspace       used 14255K, committed 14336K, reserved 1114112K
  class space    used 1238K, committed 1280K, reserved 1048576K
}
Event: 9.444 GC heap after
{Heap after GC invocations=24 (full 1):
 garbage-first heap   total reserved 33488896K, committed 10174464K, used 2176689K [0x000002bb4a000000, 0x000002c346000000)
  region size 16384K, 21 young (344064K), 21 survivors (344064K)
 Metaspace       used 14255K, committed 14336K, reserved 1114112K
  class space    used 1238K, committed 1280K, reserved 1048576K
}
Event: 9.874 GC heap before
{Heap before GC invocations=24 (full 1):
 garbage-first heap   total reserved 33488896K, committed 10174464K, used 4912817K [0x000002bb4a000000, 0x000002c346000000)
  region size 16384K, 189 young (3096576K), 21 survivors (344064K)
 Metaspace       used 14265K, committed 14336K, reserved 1114112K
  class space    used 1238K, committed 1280K, reserved 1048576K
}

Dll operation events (10 events):
Event: 0.006 Loaded shared library C:\Program Files\Java\jdk-24\bin\java.dll
Event: 0.024 Loaded shared library C:\Program Files\Java\jdk-24\bin\jsvml.dll
Event: 0.028 Loaded shared library C:\Program Files\Java\jdk-24\bin\net.dll
Event: 0.029 Loaded shared library C:\Program Files\Java\jdk-24\bin\nio.dll
Event: 0.031 Loaded shared library C:\Program Files\Java\jdk-24\bin\zip.dll
Event: 0.076 Loaded shared library C:\Program Files\Java\jdk-24\bin\jimage.dll
Event: 0.246 Loaded shared library C:\Program Files\Java\jdk-24\bin\awt.dll
Event: 0.263 Loaded shared library C:\Program Files\Java\jdk-24\bin\verify.dll
Event: 0.308 Loaded shared library C:\Users\Snipz\AppData\Local\Temp\jna-Snipz\jna2723719588621202385.dll
Event: 0.346 Loaded shared library C:\Users\Snipz\AppData\Local\Temp\jansi-2.4.0-b9016c212d1889ba-jansi.dll

Deoptimization events (20 events):
Event: 9.784 Thread 0x000002c38ef6bbf0 DEOPT PACKING pc=0x000002bb3a5b42f9 sp=0x000000fd804fa220
Event: 9.784 Thread 0x000002c38ef6bbf0 DEOPT UNPACKING pc=0x000002bb41475722 sp=0x000000fd804f97a0 mode 0
Event: 9.791 Thread 0x000002c38ef6bbf0 DEOPT PACKING pc=0x000002bb3a5b42f9 sp=0x000000fd804f76d0
Event: 9.791 Thread 0x000002c38ef6bbf0 DEOPT UNPACKING pc=0x000002bb41475722 sp=0x000000fd804f6c50 mode 0
Event: 9.801 Thread 0x000002c38db07050 Uncommon trap: trap_request=0xffffff6e fr.pc=0x000002bb41f5df80 relative=0x00000000000010e0
Event: 9.801 Thread 0x000002c38db07050 Uncommon trap: reason=loop_limit_check action=maybe_recompile pc=0x000002bb41f5df80 method=com.jpexs.decompiler.graph.precontinues.Node.removeFromGraph()V @ 42 c2
Event: 9.801 Thread 0x000002c38db07050 DEOPT PACKING pc=0x000002bb41f5df80 sp=0x000000fdf23fe710
Event: 9.801 Thread 0x000002c38db07050 DEOPT UNPACKING pc=0x000002bb41535c82 sp=0x000000fdf23fe700 mode 2
Event: 9.815 Thread 0x000002c38ef6bbf0 DEOPT PACKING pc=0x000002bb3a5b42f9 sp=0x000000fd804f7250
Event: 9.815 Thread 0x000002c38ef6bbf0 DEOPT UNPACKING pc=0x000002bb41475722 sp=0x000000fd804f67d0 mode 0
Event: 9.815 Thread 0x000002c3902f3660 DEOPT PACKING pc=0x000002bb3a86a36c sp=0x000000fd831fed10
Event: 9.815 Thread 0x000002c3902f3660 DEOPT UNPACKING pc=0x000002bb41475722 sp=0x000000fd831fe1e8 mode 0
Event: 9.819 Thread 0x000002c38ef6b4a0 DEOPT PACKING pc=0x000002bb3a83125d sp=0x000000fd800fe980
Event: 9.819 Thread 0x000002c38ef6b4a0 DEOPT UNPACKING pc=0x000002bb41475722 sp=0x000000fd800fde10 mode 0
Event: 9.850 Thread 0x000002c38f460630 DEOPT PACKING pc=0x000002bb3a86a36c sp=0x000000fdf2bfec20
Event: 9.850 Thread 0x000002c38f460630 DEOPT UNPACKING pc=0x000002bb41475722 sp=0x000000fdf2bfe0f8 mode 0
Event: 9.858 Thread 0x000002c38f460630 DEOPT PACKING pc=0x000002bb3a5b42f9 sp=0x000000fdf2bf9920
Event: 9.859 Thread 0x000002c38f460630 DEOPT UNPACKING pc=0x000002bb41475722 sp=0x000000fdf2bf8ea0 mode 0
Event: 9.861 Thread 0x000002c38c147240 DEOPT PACKING pc=0x000002bb3a8cfb59 sp=0x000000fdefcfe920
Event: 9.861 Thread 0x000002c38c147240 DEOPT UNPACKING pc=0x000002bb41475722 sp=0x000000fdefcfdf88 mode 0

Classes loaded (20 events):
Event: 1.411 Loading class javax/xml/catalog/PublicEntry
Event: 1.411 Loading class javax/xml/catalog/PublicEntry done
Event: 1.414 Loading class com/sun/org/apache/xerces/internal/impl/io/MalformedByteSequenceException
Event: 1.414 Loading class java/io/CharConversionException
Event: 1.414 Loading class java/io/CharConversionException done
Event: 1.414 Loading class com/sun/org/apache/xerces/internal/impl/io/MalformedByteSequenceException done
Event: 1.434 Loading class java/util/WeakHashMap$KeyIterator
Event: 1.434 Loading class java/util/WeakHashMap$HashIterator
Event: 1.434 Loading class java/util/WeakHashMap$HashIterator done
Event: 1.434 Loading class java/util/WeakHashMap$KeyIterator done
Event: 1.791 Loading class java/util/LinkedList$Node
Event: 1.791 Loading class java/util/LinkedList$Node done
Event: 2.459 Loading class java/util/LinkedList$ListItr
Event: 2.460 Loading class java/util/LinkedList$ListItr done
Event: 3.009 Loading class java/math/MutableBigInteger
Event: 3.017 Loading class java/math/MutableBigInteger done
Event: 3.079 Loading class java/lang/foreign/MemorySegment
Event: 3.079 Loading class java/lang/foreign/MemorySegment done
Event: 3.182 Loading class java/util/Vector$Itr
Event: 3.183 Loading class java/util/Vector$Itr done

Classes unloaded (0 events):
No events

Classes redefined (0 events):
No events

Internal exceptions (20 events):
Event: 1.555 Thread 0x000002bb2f1eaaf0 Implicit null exception at 0x000002bb41bb130a to 0x000002bb41bb1558
Event: 1.771 Thread 0x000002c38c1463a0 Exception <a 'java/io/IOException'{0x000002bb795950f8}> (0x000002bb795950f8) 
thrown [s\open\src\hotspot\share\prims\jni.cpp, line 518]
Event: 1.772 Thread 0x000002c38c148f80 Exception <a 'java/io/IOException'{0x000002bb7996c218}> (0x000002bb7996c218) 
thrown [s\open\src\hotspot\share\prims\jni.cpp, line 518]
Event: 1.775 Thread 0x000002c38c417500 Exception <a 'java/io/IOException'{0x000002bb785c2c48}> (0x000002bb785c2c48) 
thrown [s\open\src\hotspot\share\prims\jni.cpp, line 518]
Event: 1.775 Thread 0x000002c38c41a830 Exception <a 'java/io/IOException'{0x000002bb784cd000}> (0x000002bb784cd000) 
thrown [s\open\src\hotspot\share\prims\jni.cpp, line 518]
Event: 1.775 Thread 0x000002c38c4183a0 Exception <a 'java/io/IOException'{0x000002bb786b8890}> (0x000002bb786b8890) 
thrown [s\open\src\hotspot\share\prims\jni.cpp, line 518]
Event: 1.777 Thread 0x000002c38c1463a0 Exception <a 'java/io/IOException'{0x000002bb795956b8}> (0x000002bb795956b8) 
thrown [s\open\src\hotspot\share\prims\jni.cpp, line 518]
Event: 1.777 Thread 0x000002c38c148f80 Exception <a 'java/io/IOException'{0x000002bb7996c7d8}> (0x000002bb7996c7d8) 
thrown [s\open\src\hotspot\share\prims\jni.cpp, line 518]
Event: 1.779 Thread 0x000002c38c4183a0 Exception <a 'java/io/IOException'{0x000002bb786b8e50}> (0x000002bb786b8e50) 
thrown [s\open\src\hotspot\share\prims\jni.cpp, line 518]
Event: 1.779 Thread 0x000002c38c417500 Exception <a 'java/io/IOException'{0x000002bb785c3208}> (0x000002bb785c3208) 
thrown [s\open\src\hotspot\share\prims\jni.cpp, line 518]
Event: 1.779 Thread 0x000002c38c41a830 Exception <a 'java/io/IOException'{0x000002bb784cd5c0}> (0x000002bb784cd5c0) 
thrown [s\open\src\hotspot\share\prims\jni.cpp, line 518]
Event: 2.277 Thread 0x000002c38cf12850 Implicit null exception at 0x000002bb41c8191c to 0x000002bb41c81ad4
Event: 4.924 Thread 0x000002c38c417500 Exception <a 'java/io/IOException'{0x000002bc721376d0}> (0x000002bc721376d0) 
thrown [s\open\src\hotspot\share\prims\jni.cpp, line 518]
Event: 6.200 Thread 0x000002c38c14acc0 Exception <a 'java/io/IOException'{0x000002bbfd73dbe0}> (0x000002bbfd73dbe0) 
thrown [s\open\src\hotspot\share\prims\jni.cpp, line 518]
Event: 7.148 Thread 0x000002c38db02730 Implicit null exception at 0x000002bb41cc7603 to 0x000002bb41cc77af
Event: 9.490 Thread 0x000002c38c149e20 Exception <a 'java/io/IOException'{0x000002bd9b2730f0}> (0x000002bd9b2730f0) 
thrown [s\open\src\hotspot\share\prims\jni.cpp, line 518]
Event: 9.491 Thread 0x000002c38c149e20 Exception <a 'java/io/IOException'{0x000002bd9b2736d0}> (0x000002bd9b2736d0) 
thrown [s\open\src\hotspot\share\prims\jni.cpp, line 518]
Event: 9.498 Thread 0x000002c38c14c2b0 Exception <a 'java/io/IOException'{0x000002bd9802d5b8}> (0x000002bd9802d5b8) 
thrown [s\open\src\hotspot\share\prims\jni.cpp, line 518]
Event: 9.500 Thread 0x000002c38c14c2b0 Exception <a 'java/io/IOException'{0x000002bd9802dba8}> (0x000002bd9802dba8) 
thrown [s\open\src\hotspot\share\prims\jni.cpp, line 518]
Event: 9.501 Thread 0x000002c38c14c2b0 Exception <a 'java/io/IOException'{0x000002bd9802e178}> (0x000002bd9802e178) 
thrown [s\open\src\hotspot\share\prims\jni.cpp, line 518]

VM Operations (20 events):
Event: 3.681 Executing VM operation: G1PauseCleanup done
Event: 4.187 Executing VM operation: G1CollectForAllocation (G1 Evacuation Pause)
Event: 4.449 Executing VM operation: G1CollectForAllocation (G1 Evacuation Pause) done
Event: 4.700 Executing VM operation: G1CollectForAllocation (G1 Evacuation Pause)
Event: 4.834 Executing VM operation: G1CollectForAllocation (G1 Evacuation Pause) done
Event: 5.355 Executing VM operation: G1CollectForAllocation (G1 Evacuation Pause)
Event: 5.556 Executing VM operation: G1CollectForAllocation (G1 Evacuation Pause) done
Event: 5.654 Executing VM operation: G1CollectFull (System.gc())
Event: 6.116 Executing VM operation: G1CollectFull (System.gc()) done
Event: 6.370 Executing VM operation: G1CollectForAllocation (G1 Evacuation Pause)
Event: 6.464 Executing VM operation: G1CollectForAllocation (G1 Evacuation Pause) done
Event: 6.728 Executing VM operation: G1CollectForAllocation (G1 Evacuation Pause)
Event: 6.888 Executing VM operation: G1CollectForAllocation (G1 Evacuation Pause) done
Event: 7.498 Executing VM operation: G1CollectForAllocation (G1 Evacuation Pause)
Event: 7.697 Executing VM operation: G1CollectForAllocation (G1 Evacuation Pause) done
Event: 8.267 Executing VM operation: G1CollectForAllocation (G1 Evacuation Pause)
Event: 8.475 Executing VM operation: G1CollectForAllocation (G1 Evacuation Pause) done
Event: 8.971 Executing VM operation: G1CollectForAllocation (G1 Evacuation Pause)
Event: 9.445 Executing VM operation: G1CollectForAllocation (G1 Evacuation Pause) done
Event: 9.863 Executing VM operation: G1CollectForAllocation (G1 Evacuation Pause)

Memory protections (0 events):
No events

Nmethod flushes (20 events):
Event: 5.736 Thread 0x000002bb28060210 flushing  nmethod 0x000002bb3a065288
Event: 5.736 Thread 0x000002bb28060210 flushing  nmethod 0x000002bb3a065788
Event: 5.736 Thread 0x000002bb28060210 flushing  nmethod 0x000002bb3a0f5808
Event: 5.736 Thread 0x000002bb28060210 flushing  nmethod 0x000002bb3a288808
Event: 5.736 Thread 0x000002bb28060210 flushing  nmethod 0x000002bb3a288f88
Event: 5.736 Thread 0x000002bb28060210 flushing  nmethod 0x000002bb3a289308
Event: 5.736 Thread 0x000002bb28060210 flushing  nmethod 0x000002bb3a28a088
Event: 5.736 Thread 0x000002bb28060210 flushing  nmethod 0x000002bb3a2a0988
Event: 5.736 Thread 0x000002bb28060210 flushing  nmethod 0x000002bb3a2a4a88
Event: 5.736 Thread 0x000002bb28060210 flushing  nmethod 0x000002bb3a2a7b08
Event: 5.736 Thread 0x000002bb28060210 flushing  nmethod 0x000002bb3a2a9008
Event: 5.736 Thread 0x000002bb28060210 flushing  nmethod 0x000002bb3a2a9488
Event: 5.736 Thread 0x000002bb28060210 flushing  nmethod 0x000002bb3a46c188
Event: 5.736 Thread 0x000002bb28060210 flushing  nmethod 0x000002bb3a46f208
Event: 5.736 Thread 0x000002bb28060210 flushing  nmethod 0x000002bb3a524908
Event: 5.736 Thread 0x000002bb28060210 flushing  nmethod 0x000002bb3a524c08
Event: 5.736 Thread 0x000002bb28060210 flushing  nmethod 0x000002bb3a525188
Event: 5.736 Thread 0x000002bb28060210 flushing  nmethod 0x000002bb3a52b108
Event: 5.736 Thread 0x000002bb28060210 flushing  nmethod 0x000002bb3a536208
Event: 5.736 Thread 0x000002bb28060210 flushing  nmethod 0x000002bb3a539988

Events (20 events):
Event: 9.860 Thread 0x000002c391097b60 Thread exited: 0x000002c391097b60
Event: 9.860 Thread 0x000002c391098a00 Thread exited: 0x000002c391098a00
Event: 9.860 Thread 0x000002c38f464f50 Thread added: 0x000002c3910a82a0
Event: 9.860 Thread 0x000002c391090660 Thread exited: 0x000002c391090660
Event: 9.860 Thread 0x000002c38f464f50 Thread added: 0x000002c391097b60
Event: 9.860 Thread 0x000002c38f464f50 Thread added: 0x000002c391098a00
Event: 9.860 Thread 0x000002c38fec51e0 Thread exited: 0x000002c38fec51e0
Event: 9.860 Thread 0x000002c39109ae90 Thread exited: 0x000002c39109ae90
Event: 9.860 Thread 0x000002c39109bd30 Thread exited: 0x000002c39109bd30
Event: 9.860 Thread 0x000002c38e8b45e0 Thread exited: 0x000002c38e8b45e0
Event: 9.860 Thread 0x000002c39109b5e0 Thread exited: 0x000002c39109b5e0
Event: 9.861 Thread 0x000002c38e8afcc0 Thread exited: 0x000002c38e8afcc0
Event: 9.861 Thread 0x000002c38e8b0b60 Thread exited: 0x000002c38e8b0b60
Event: 9.861 Thread 0x000002c3910ada60 Thread exited: 0x000002c3910ada60
Event: 9.861 Thread 0x000002c391097410 Thread exited: 0x000002c391097410
Event: 9.861 Thread 0x000002c38e8b0410 Thread exited: 0x000002c38e8b0410
Event: 9.862 Thread 0x000002c38db02e80 Thread added: 0x000002c391090660
Event: 9.862 Thread 0x000002c38db02e80 Thread added: 0x000002c391097410
Event: 9.863 Thread 0x000002c38db02e80 Thread added: 0x000002c39109b5e0
Event: 9.863 Thread 0x000002c38db02e80 Thread added: 0x000002c39109bd30


Dynamic libraries:
0x00007ff7298f0000 - 0x00007ff729900000 	C:\Program Files\Java\jdk-24\bin\java.exe
0x00007ffa33780000 - 0x00007ffa339e7000 	C:\WINDOWS\SYSTEM32\ntdll.dll
0x00007ffa31910000 - 0x00007ffa319db000 	C:\WINDOWS\System32\KERNEL32.DLL
0x00007ffa309b0000 - 0x00007ffa30db1000 	C:\WINDOWS\System32\KERNELBASE.dll
0x00007ffa2d650000 - 0x00007ffa2d6ef000 	C:\WINDOWS\SYSTEM32\apphelp.dll
0x00007ffa31140000 - 0x00007ffa3128c000 	C:\WINDOWS\System32\ucrtbase.dll
0x00007ffa05fd0000 - 0x00007ffa05fe6000 	C:\Program Files\Java\jdk-24\bin\jli.dll
0x00007ff9fd300000 - 0x00007ff9fd31b000 	C:\Program Files\Java\jdk-24\bin\VCRUNTIME140.dll
0x00007ffa31b40000 - 0x00007ffa31d17000 	C:\WINDOWS\System32\USER32.dll
0x00007ffa30980000 - 0x00007ffa309a7000 	C:\WINDOWS\System32\win32u.dll
0x00007ffa133c0000 - 0x00007ffa13650000 	C:\WINDOWS\WinSxS\amd64_microsoft.windows.common-controls_6595b64144ccf1df_6.0.26100.9549_none_3e0a0396e3330090\COMCTL32.dll
0x00007ffa31b10000 - 0x00007ffa31b3b000 	C:\WINDOWS\System32\GDI32.dll
0x00007ffa31860000 - 0x00007ffa31909000 	C:\WINDOWS\System32\msvcrt.dll
0x00007ffa30f50000 - 0x00007ffa31078000 	C:\WINDOWS\System32\gdi32full.dll
0x00007ffa312a0000 - 0x00007ffa31343000 	C:\WINDOWS\System32\msvcp_win.dll
0x00007ffa33560000 - 0x00007ffa33591000 	C:\WINDOWS\System32\IMM32.DLL
0x00007ffa05fc0000 - 0x00007ffa05fcc000 	C:\Program Files\Java\jdk-24\bin\vcruntime140_1.dll
0x00007ff9a3780000 - 0x00007ff9a380e000 	C:\Program Files\Java\jdk-24\bin\msvcp140.dll
0x00007ff917ef0000 - 0x00007ff918c92000 	C:\Program Files\Java\jdk-24\bin\server\jvm.dll
0x00007ffa316e0000 - 0x00007ffa3179b000 	C:\WINDOWS\System32\ADVAPI32.dll
0x00007ffa32570000 - 0x00007ffa32618000 	C:\WINDOWS\System32\sechost.dll
0x00007ffa319f0000 - 0x00007ffa31b08000 	C:\WINDOWS\System32\RPCRT4.dll
0x00007ffa328d0000 - 0x00007ffa32951000 	C:\WINDOWS\System32\WS2_32.dll
0x00007ffa30610000 - 0x00007ffa3066e000 	C:\WINDOWS\SYSTEM32\POWRPROF.dll
0x00007ffa2a210000 - 0x00007ffa2a21b000 	C:\WINDOWS\SYSTEM32\VERSION.dll
0x00007ffa23f40000 - 0x00007ffa23f77000 	C:\WINDOWS\SYSTEM32\WINMM.dll
0x00007ffa305f0000 - 0x00007ffa30605000 	C:\WINDOWS\SYSTEM32\UMPDC.dll
0x00007ffa2f620000 - 0x00007ffa2f63b000 	C:\WINDOWS\SYSTEM32\kernel.appcore.dll
0x00007ffa05e90000 - 0x00007ffa05e9a000 	C:\Program Files\Java\jdk-24\bin\jimage.dll
0x00007ffa2dfa0000 - 0x00007ffa2e1ec000 	C:\WINDOWS\SYSTEM32\DBGHELP.DLL
0x00007ffa331b0000 - 0x00007ffa3353a000 	C:\WINDOWS\System32\combase.dll
0x00007ffa32490000 - 0x00007ffa32569000 	C:\WINDOWS\System32\OLEAUT32.dll
0x00007ffa23b40000 - 0x00007ffa23b7b000 	C:\WINDOWS\SYSTEM32\dbgcore.DLL
0x00007ffa31350000 - 0x00007ffa313fc000 	C:\WINDOWS\System32\bcryptPrimitives.dll
0x00007ff9fb5e0000 - 0x00007ff9fb5fe000 	C:\Program Files\Java\jdk-24\bin\java.dll
0x00007ffa335a0000 - 0x00007ffa3373a000 	C:\WINDOWS\System32\ole32.dll
0x00007ffa32980000 - 0x00007ffa3311c000 	C:\WINDOWS\System32\SHELL32.dll
0x00007ffa2e400000 - 0x00007ffa2ecad000 	C:\WINDOWS\SYSTEM32\windows.storage.dll
0x00007ffa31f00000 - 0x00007ffa31ff9000 	C:\WINDOWS\System32\SHCORE.dll
0x00007ffa31670000 - 0x00007ffa316d6000 	C:\WINDOWS\System32\shlwapi.dll
0x00007ffa30890000 - 0x00007ffa308b9000 	C:\WINDOWS\SYSTEM32\profapi.dll
0x00007ff997430000 - 0x00007ff997507000 	C:\Program Files\Java\jdk-24\bin\jsvml.dll
0x00007ff9fdb80000 - 0x00007ff9fdb90000 	C:\Program Files\Java\jdk-24\bin\net.dll
0x00007ffa2fbe0000 - 0x00007ffa2fc4c000 	C:\WINDOWS\system32\mswsock.dll
0x00007ff9fb5c0000 - 0x00007ff9fb5d6000 	C:\Program Files\Java\jdk-24\bin\nio.dll
0x00007ff9f55d0000 - 0x00007ff9f55e7000 	C:\Program Files\Java\jdk-24\bin\zip.dll
0x00007ff93b730000 - 0x00007ff93b8af000 	C:\Program Files\Java\jdk-24\bin\awt.dll
0x00007ff9fd840000 - 0x00007ff9fd850000 	C:\Program Files\Java\jdk-24\bin\verify.dll
0x00007ffa2fed0000 - 0x00007ffa2feeb000 	C:\WINDOWS\SYSTEM32\CRYPTSP.dll
0x00007ffa2f580000 - 0x00007ffa2f5b9000 	C:\WINDOWS\system32\rsaenh.dll
0x00007ffa2fc90000 - 0x00007ffa2fcc4000 	C:\WINDOWS\SYSTEM32\USERENV.dll
0x00007ffa30860000 - 0x00007ffa3088a000 	C:\WINDOWS\SYSTEM32\bcrypt.dll
0x00007ffa2fef0000 - 0x00007ffa2fefc000 	C:\WINDOWS\SYSTEM32\CRYPTBASE.dll
0x00007ffa2eff0000 - 0x00007ffa2f023000 	C:\WINDOWS\SYSTEM32\IPHLPAPI.DLL
0x00007ffa32960000 - 0x00007ffa3296a000 	C:\WINDOWS\System32\NSI.dll
0x00007ff99a400000 - 0x00007ff99a437000 	C:\Users\Snipz\AppData\Local\Temp\jna-Snipz\jna2723719588621202385.dll
0x00007ffa32970000 - 0x00007ffa32978000 	C:\WINDOWS\System32\PSAPI.DLL
0x0000000069ac0000 - 0x0000000069ae4000 	C:\Users\Snipz\AppData\Local\Temp\jansi-2.4.0-b9016c212d1889ba-jansi.dll

JVMTI agents: none

dbghelp: loaded successfully - version: 4.0.5 - missing functions: none
symbol engine: initialized successfully - sym options: 0x614 - pdb path: .;C:\Program Files\Java\jdk-24\bin;C:\WINDOWS\SYSTEM32;C:\WINDOWS\WinSxS\amd64_microsoft.windows.common-controls_6595b64144ccf1df_6.0.26100.9549_none_3e0a0396e3330090;C:\Program Files\Java\jdk-24\bin\server;C:\Users\Snipz\AppData\Local\Temp\jna-Snipz;C:\Users\Snipz\AppData\Local\Temp

VM Arguments:
jvm_args: -Xmx32694m -Djava.net.preferIPv4Stack=true -Djna.nosys=true -Dl5j.pid=36072 -Dl5j.encargs=1 
java_command: C:\PROGRA~2\FFDec\FFDEC-~1.JAR -export script C%3A%5CUsers%5CSnipz%5CAppData%5CLocal%5CTemp%5Cclaude%5Cc--Users-Snipz-Projects-strawberryjam%5C96ced3f0-5670-4ec9-ab6e-bc39098177e6%5Cscratchpad%5Coff1830 C%3A%5CUsers%5CSnipz%5CAppData%5CLocal%5CTemp%5Cclaude%5Cc--Users-Snipz-Projects-strawberryjam%5C96ced3f0-5670-4ec9-ab6e-bc39098177e6%5Cscratchpad%5Cofficial-1830.swf
java_class_path (initial): C:\PROGRA~2\FFDec\FFDEC-~1.JAR
Launcher Type: SUN_STANDARD

[Global flags]
     intx CICompilerCount                          = 12                                        {product} {ergonomic}
     uint ConcGCThreads                            = 5                                         {product} {ergonomic}
     uint G1ConcRefinementThreads                  = 18                                        {product} {ergonomic}
   size_t G1HeapRegionSize                         = 16777216                                  {product} {ergonomic}
   size_t InitialHeapSize                          = 536870912                                 {product} {ergonomic}
   size_t MarkStackSize                            = 4194304                                   {product} {ergonomic}
   size_t MarkStackSizeMax                         = 536870912                                 {product} {ergonomic}
   size_t MaxHeapSize                              = 34292629504                               {product} {command line, ergonomic}
   size_t MaxNewSize                               = 20568866816                               {product} {ergonomic}
   size_t MinHeapDeltaBytes                        = 16777216                                  {product} {ergonomic}
   size_t MinHeapSize                              = 16777216                                  {product} {ergonomic}
    uintx NonNMethodCodeHeapSize                   = 7602176                                {pd product} {ergonomic}
    uintx NonProfiledCodeHeapSize                  = 122093568                              {pd product} {ergonomic}
    uintx ProfiledCodeHeapSize                     = 121962496                              {pd product} {ergonomic}
    uintx ReservedCodeCacheSize                    = 251658240                              {pd product} {ergonomic}
     bool SegmentedCodeCache                       = true                                      {product} {ergonomic}
   size_t SoftMaxHeapSize                          = 34292629504                            {manageable} {ergonomic}
     bool UseG1GC                                  = true                                      {product} {ergonomic}
     bool UseLargePagesIndividualAllocation        = false                                  {pd product} {ergonomic}

Logging:
Log output configuration:
 #0: stdout all=warning uptime,level,tags foldmultilines=false
 #1: stderr all=off uptime,level,tags foldmultilines=false

Environment Variables:
PATH=C:\Users\Snipz\bin;C:\Program Files\Git\mingw64\bin;C:\Program Files\Git\usr\local\bin;C:\Program Files\Git\usr\bin;C:\Program Files\Git\usr\bin;C:\Program Files\Git\mingw64\bin;C:\Program Files\Git\usr\bin;C:\Users\Snipz\bin;C:\Program Files\Common Files\Oracle\Java\javapath;C:\WINDOWS\system32;C:\WINDOWS;C:\WINDOWS\System32\Wbem;C:\WINDOWS\System32\WindowsPowerShell\v1.0;C:\WINDOWS\System32\OpenSSH;C:\Program Files\NVIDIA Corporation\NVIDIA app\NvDLISR;C:\Program Files (x86)\NVIDIA Corporation\PhysX\Common;C:\Program Files\nodejs;C:\Program Files\Git\cmd;C:\Program Files\dotnet;C:\Program Files\Microsoft SQL Server\170\Tools\Binn;C:\Program Files\Microsoft SQL Server\Client SDK\ODBC\170\Tools\Binn;C:\Program Files (x86)\Windows Kits\10\Windows Performance Toolkit;C:\Program Files\Lumia Stream\commands;C:\Program Files\Tailscale;C:\Program Files\GitHub CLI;C:\Users\Snipz\.local\bin;C:\Users\Snipz\AppData\Local\Microsoft\WindowsApps;C:\Users\Snipz\AppData\Local\Programs\Microsoft VS Code\bin;C:\Users\Snipz\AppData\Roaming\npm;C:\Users\Snipz\.fly\bin;C:\Users\Snipz\.dotnet\tools;C:\Users\Snipz\AppData\Local\Python\bin;C:\Users\Snipz\AppData\Local\Programs\Ollama;C:\Program Files\Git\usr\bin\vendor_perl;C:\Program Files\Git\usr\bin\core_perl
USERNAME=Snipz
SHELL=C:\Program Files\Git\bin\bash.exe
TERM=xterm-256color
OS=Windows_NT
PROCESSOR_IDENTIFIER=AMD64 Family 25 Model 33 Stepping 2, AuthenticAMD
TMP=C:\Users\Snipz\AppData\Local\Temp
TEMP=C:\Users\Snipz\AppData\Local\Temp




Periodic native trim disabled

---------------  S Y S T E M  ---------------

OS:
 Windows 11 , 64 bit Build 26100 (10.0.26100.9549)
OS uptime: 7 days 14:21 hours

CPU: total 24 (initial active 24) (24 cores per cpu, 2 threads per core) family 25 model 33 stepping 2 microcode 0xa20120e, cx8, cmov, fxsr, ht, mmx, 3dnowpref, sse, sse2, sse3, ssse3, sse4a, sse4.1, sse4.2, popcnt, lzcnt, tsc, tscinvbit, avx, avx2, aes, erms, clmul, bmi1, bmi2, adx, sha, fma, vzeroupper, clflush, clflushopt, rdtscp, rdpid, fsrm, f16c, pku, cet_ss
Processor Information for the first 24 processors :
  Max Mhz: 3701, Current Mhz: 3701, Mhz Limit: 3701

Memory: 4k page, system-wide physical 32693M (8939M free)
TotalPageFile size 49093M (AvailPageFile size 1980M)
current process WorkingSet (physical memory assigned to process): 7115M, peak: 7169M
current process commit charge ("private bytes"): 10419M, peak: 15025M

vm_info: Java HotSpot(TM) 64-Bit Server VM (24.0.1+9-30) for windows-amd64 JRE (24.0.1+9-30), built on 2025-03-05T07:23:45Z with MS VC++ 17.6 (VS2022)

END.
