#
# There is insufficient memory for the Java Runtime Environment to continue.
# Native memory allocation (mmap) failed to map 8740929536 bytes. Error detail: G1 virtual space
# Possible reasons:
#   The system is out of physical RAM or swap space
# Possible solutions:
#   Reduce memory load on the system
#   Increase physical memory or swap space
#   Check if swap backing store is full
#   Decrease Java heap size (-Xmx/-Xms)
#   Decrease number of Java threads
#   Decrease Java thread stack sizes (-Xss)
#   Set larger code cache with -XX:ReservedCodeCacheSize=
# This output file may be truncated or incomplete.
#
#  Out of Memory Error (os_windows.cpp:3564), pid=42636, tid=31348
#
# JRE version: Java(TM) SE Runtime Environment (24.0.1+9) (build 24.0.1+9-30)
# Java VM: Java HotSpot(TM) 64-Bit Server VM (24.0.1+9-30, mixed mode, sharing, tiered, compressed class ptrs, g1 gc, windows-amd64)
# No core dump will be written. Minidumps are not enabled by default on client versions of Windows
#

---------------  S U M M A R Y ------------

Command Line: -Xmx32694m -Djava.net.preferIPv4Stack=true -Djna.nosys=true -Dl5j.pid=29084 -Dl5j.encargs=1 C:\PROGRA~2\FFDec\FFDEC-~1.JAR -export script C%3A%5CUsers%5CSnipz%5CAppData%5CLocal%5CTemp%5Cclaude%5Cc--Users-Snipz-Projects-strawberryjam%5C96ced3f0-5670-4ec9-ab6e-bc39098177e6%5Cscratchpad%5Cunmod C%3A%5CUsers%5CSnipz%5CProjects%5Cstrawberryjam%5CStrawberry-Jam%5Cassets%5Cflash%5Coptions%5Cunmodded-ajclient.swf

Host: AMD Ryzen 9 5900X 12-Core Processor            , 24 cores, 31G,  Windows 11 , 64 bit Build 26100 (10.0.26100.9549)
Time: Fri Oct  2 22:46:00 2026 Eastern Daylight Time elapsed time: 11.728619 seconds (0d 0h 0m 11s)

---------------  T H R E A D  ---------------

Current thread (0x000001cab79333d0):  VMThread "VM Thread"          [id=31348, stack(0x000000045ab00000,0x000000045ac00000) (1024K)]

Stack: [0x000000045ab00000,0x000000045ac00000]
Native frames: (J=compiled Java code, j=interpreted, Vv=VM code, C=native code)
V  [jvm.dll+0x730739]  (no source info available)
V  [jvm.dll+0x8d9b23]  (no source info available)
V  [jvm.dll+0x8dc00d]  (no source info available)
V  [jvm.dll+0x8dc683]  (no source info available)
V  [jvm.dll+0x2aa086]  (no source info available)
V  [jvm.dll+0x72cc65]  (no source info available)
V  [jvm.dll+0x72059a]  (no source info available)
V  [jvm.dll+0x390cea]  (no source info available)
V  [jvm.dll+0x3989f6]  (no source info available)
V  [jvm.dll+0x38523e]  (no source info available)
V  [jvm.dll+0x3854f8]  (no source info available)
V  [jvm.dll+0x35d0cc]  (no source info available)
V  [jvm.dll+0x35d15a]  (no source info available)
V  [jvm.dll+0x3aa702]  (no source info available)
V  [jvm.dll+0x3a8d82]  (no source info available)
V  [jvm.dll+0x35c897]  (no source info available)
V  [jvm.dll+0x3a8534]  (no source info available)
V  [jvm.dll+0x8e2742]  (no source info available)
V  [jvm.dll+0x8e3a8c]  (no source info available)
V  [jvm.dll+0x8e3ff8]  (no source info available)
V  [jvm.dll+0x8e4293]  (no source info available)
V  [jvm.dll+0x87d76b]  (no source info available)
V  [jvm.dll+0x72ee55]  (no source info available)
C  [ucrtbase.dll+0x2cd30]  (no source info available)
C  [KERNEL32.DLL+0x2cdf7]  (no source info available)
C  [ntdll.dll+0x7ee4c]  (no source info available)

VM_Operation (0x0000000475cfe7e0): G1CollectForAllocation, mode: safepoint, requested by thread 0x000001d321f8c3a0


---------------  P R O C E S S  ---------------

Threads class SMR info:
_java_thread_list=0x000001d3231d9fc0, length=508, elements={
0x000001ca9c9b7450, 0x000001cab79433d0, 0x000001cab7945d20, 0x000001cab794adf0,
0x000001cab794b920, 0x000001cab794c450, 0x000001cab794d0b0, 0x000001cab795ada0,
0x000001cab795d980, 0x000001d2d6ce1d40, 0x000001d2d6ce8cb0, 0x000001cab795e110,
0x000001cab795f030, 0x000001cab795e8a0, 0x000001d2d6f68490, 0x000001cab795d1f0,
0x000001d31c8cdc70, 0x000001cab795f7c0, 0x000001cab795ff50, 0x000001d31ed14520,
0x000001d31ed16360, 0x000001d31ed13d90, 0x000001d31ed14cb0, 0x000001d31ed0f0a0,
0x000001d31ed0f7f0, 0x000001d31ed0e200, 0x000001d31ed0c4c0, 0x000001d31ed0e950,
0x000001d31ed0ff40, 0x000001d31ed0cc10, 0x000001d31ed0d360, 0x000001d31ed10690,
0x000001d31ed12b20, 0x000001d31ed11c80, 0x000001d31ed13270, 0x000001d31ed10de0,
0x000001d31ed11530, 0x000001d31ed123d0, 0x000001d31ca29b20, 0x000001d31ca28c80,
0x000001d31ca2a270, 0x000001d31ca28530, 0x000001d31ca27690, 0x000001d31ca293d0,
0x000001d31ca26f40, 0x000001d31ca2bfb0, 0x000001d31ca2e440, 0x000001d31ca2d5a0,
0x000001d31ca2dcf0, 0x000001d31ca2c700, 0x000001d31ca2ce50, 0x000001d31ca2b110,
0x000001d31ca2b860, 0x000001d31fa4f4f0, 0x000001d31fa4e650, 0x000001d31fa4fc40,
0x000001d31fa50ae0, 0x000001d31fa51230, 0x000001d31fa50390, 0x000001d31fa4eda0,
0x000001d31fa536c0, 0x000001d31fa52820, 0x000001d31fa53e10, 0x000001d31fa54560,
0x000001d31fa54cb0, 0x000001d31fa51980, 0x000001d31fa55400, 0x000001d31fa520d0,
0x000001d31fa52f70, 0x000001d31fa55b50, 0x000001d31f7019c0, 0x000001d31f703700,
0x000001d31f702fb0, 0x000001d31f703e50, 0x000001d31f7045a0, 0x000001d31f704cf0,
0x000001d31f705440, 0x000001d31f702110, 0x000001d31f705b90, 0x000001d31f702860,
0x000001d31f706a30, 0x000001d31f7062e0, 0x000001d31f708020, 0x000001d31f707180,
0x000001d31f7078d0, 0x000001d31f708770, 0x000001d31f708ec0, 0x000001d31fcc04e0,
0x000001d31fcc0c30, 0x000001d31fcbf640, 0x000001d31fcbeef0, 0x000001d31fcc1380,
0x000001d31e28c190, 0x000001d31e28ded0, 0x000001d31e28e620, 0x000001d31e28ed70,
0x000001d31e28f4c0, 0x000001d31e291200, 0x000001d31e2b9220, 0x000001d31e28d780,
0x000001d31e44b500, 0x000001d31e44caf0, 0x000001d31e450570, 0x000001d3207d5b20,
0x000001d3207d69c0, 0x000001d3207d8e50, 0x000001d3207d95a0, 0x000001d3207d7110,
0x000001d3207d9cf0, 0x000001d3207dc8d0, 0x000001d3207ddec0, 0x000001d3207dba30,
0x000001d3207dd020, 0x000001d3207dab90, 0x000001d3207dd770, 0x000001d3207de610,
0x000001d3207e2f30, 0x000001d3207e0350, 0x000001d3207e11f0, 0x000001d3207e27e0,
0x000001d3207e1940, 0x000001d3207e0aa0, 0x000001d3207e4520, 0x000001d31e4497c0,
0x000001d31e44e830, 0x000001d31e44d240, 0x000001d320c3e6d0, 0x000001d320c3f570,
0x000001d320c3df80, 0x000001d31e28fc10, 0x000001d31e28c8e0, 0x000001d31e291950,
0x000001d31e2920a0, 0x000001d31e2927f0, 0x000001d31e292f40, 0x000001d31e290360,
0x000001d31e290ab0, 0x000001d3207caba0, 0x000001d3207cb2f0, 0x000001d3207cba40,
0x000001d3207d20a0, 0x000001d3207cf4c0, 0x000001d3204c4040, 0x000001d3204c4790,
0x000001d3204c5630, 0x000001d3204c90b0, 0x000001d3204ca6a0, 0x000001d31fbe8080,
0x000001d31fbe54a0, 0x000001d321f764a0, 0x000001d320c212d0, 0x000001d320c23760,
0x000001d31fe48870, 0x000001d31fe4eed0, 0x000001d31fe52950, 0x000001d320c23010,
0x000001d320c23eb0, 0x000001d320c2e6e0, 0x000001d320c21a20, 0x000001d321f8bc50,
0x000001d321f8c3a0, 0x000001d31fa89040, 0x000001d31fa89790, 0x000001d31fa86460,
0x000001d31fa8a630, 0x000001d31fa89ee0, 0x000001d31e4538a0, 0x000001d31fbc4b90,
0x000001d31fbc94b0, 0x000001d31fbcb1f0, 0x000001d31fbccf30, 0x000001d31fbd1100,
0x000001d31fbcddd0, 0x000001d3207cc190, 0x000001d3207cc8e0, 0x000001d3207d0360,
0x000001d3207d0ab0, 0x000001d3207d1200, 0x000001d3207d1950, 0x000001d3207d7fb0,
0x000001d3207d8700, 0x000001d3207d53d0, 0x000001d3207da440, 0x000001d3207df4b0,
0x000001d3207dfc00, 0x000001d3207e3dd0, 0x000001d320c20430, 0x000001d320c27930,
0x000001d320c28080, 0x000001d320c254a0, 0x000001d320c2b3b0, 0x000001d320c28f20,
0x000001d320c2a510, 0x000001d320c29670, 0x000001d320c30420, 0x000001d320c2d0f0,
0x000001d320c3a500, 0x000001d320c3c240, 0x000001d321f76bf0, 0x000001d321f7c3b0,
0x000001d321f7bc60, 0x000001d321f7d250, 0x000001d321f87a80, 0x000001d321f8d990,
0x000001d321f7e0f0, 0x000001d321f8b500, 0x000001d31e2b5050, 0x000001d31e2b57a0,
0x000001d31e2b6640, 0x000001d31e2b6d90, 0x000001d3204c8210, 0x000001d3204c4ee0,
0x000001d3204c8960, 0x000001d31e453ff0, 0x000001d31e451410, 0x000001d31e456bd0,
0x000001d320c287d0, 0x000001d320c3baf0, 0x000001d321f7adc0, 0x000001d321f79f20,
0x000001d31fbe6340, 0x000001d31fbe9dc0, 0x000001d31fe537f0, 0x000001d3204d88a0,
0x000001d3204d8ff0, 0x000001d3204dca70, 0x000001d3204dad30, 0x000001d3204dd1c0,
0x000001d3204dbbd0, 0x000001d3204da5e0, 0x000001d3204e2230, 0x000001d3204e30d0,
0x000001d3204e6400, 0x000001d3204e5cb0, 0x000001d3204e3820, 0x000001d3204e72a0,
0x000001d3204e6b50, 0x000001d3204e3f70, 0x000001d3204e79f0, 0x000001d322344f00,
0x000001d3223464f0, 0x000001d322345650, 0x000001d322345da0, 0x000001d322337af0,
0x000001d322335db0, 0x000001d322336500, 0x000001d322338240, 0x000001d322334f10,
0x000001d322338990, 0x000001d322335660, 0x000001d32233ae20, 0x000001d32233bcc0,
0x000001d32233b570, 0x000001d3223390e0, 0x000001d32233a6d0, 0x000001d322339f80,
0x000001d32233c410, 0x000001d32233cb60, 0x000001d322339830, 0x000001d32233fe90,
0x000001d32233d2b0, 0x000001d32233f740, 0x000001d32233da00, 0x000001d3223405e0,
0x000001d322340d30, 0x000001d322341480, 0x000001d32233e150, 0x000001d322341bd0,
0x000001d32233e8a0, 0x000001d322342320, 0x000001d32233eff0, 0x000001d322342a70,
0x000001d3223447b0, 0x000001d3223431c0, 0x000001d322343910, 0x000001d322344060,
0x000001d31ca27de0, 0x000001d32339fa70, 0x000001d3233a5980, 0x000001d3233a6820,
0x000001d3233a4ae0, 0x000001d321f781e0, 0x000001d321f78930, 0x000001d321f881d0,
0x000001d321f71430, 0x000001d321f897c0, 0x000001d321f89f10, 0x000001d321f87330,
0x000001d321f8caf0, 0x000001d321f8d240, 0x000001d321f8e0e0, 0x000001d321f8adb0,
0x000001d321f8fe20, 0x000001d321f90570, 0x000001d321f8e830, 0x000001d321f8f6d0,
0x000001d321f8ef80, 0x000001d320c20b80, 0x000001d320c24600, 0x000001d320c24d50,
0x000001d320c22170, 0x000001d320c25bf0, 0x000001d320c228c0, 0x000001d320c26340,
0x000001d320c271e0, 0x000001d320c2ac60, 0x000001d320c2c250, 0x000001d3233c34d0,
0x000001d3233c01a0, 0x000001d3233c2d80, 0x000001d3233c76a0, 0x000001d3233c4370,
0x000001d3233a9400, 0x000001d3233aa2a0, 0x000001d3233a76c0, 0x000001d3233ab140,
0x000001d3233b0900, 0x000001d3233c08f0, 0x000001d3233be460, 0x000001d3233a01c0,
0x000001d3233ace80, 0x000001d32339f320, 0x000001d3233dc700, 0x000001d3233a2da0,
0x000001d3233a6f70, 0x000001d3233bce70, 0x000001d3233a1060, 0x000001d3233a17b0,
0x000001d3233a60d0, 0x000001d3233a3c40, 0x000001d3233a34f0, 0x000001d3233a8cb0,
0x000001d3233afa60, 0x000001d3233ac730, 0x000001d3233ae470, 0x000001d3233ad5d0,
0x000001d3233add20, 0x000001d3233b17a0, 0x000001d3233b9b40, 0x000001d3233c1040,
0x000001d3233c5960, 0x000001d3233c2630, 0x000001d3233c7df0, 0x000001d3233c60b0,
0x000001d3233d34c0, 0x000001d3233d08e0, 0x000001d3233d4360, 0x000001d3233d1030,
0x000001d3233d4ab0, 0x000001d3233d5200, 0x000001d3233d1ed0, 0x000001d3233d7de0,
0x000001d3233d8530, 0x000001d3233d8c80, 0x000001d3233d6f40, 0x000001d3233bbfd0,
0x000001d3233d5950, 0x000001d3233d60a0, 0x000001d3233d67f0, 0x000001d3233d7690,
0x000001d3233da9c0, 0x000001d3233d93d0, 0x000001d3233da270, 0x000001d3233c1790,
0x000001d3233c1ee0, 0x000001d3233bebb0, 0x000001d3233bd5c0, 0x000001d3233c5210,
0x000001d3233d2620, 0x000001d3233dce50, 0x000001d3233d9b20, 0x000001d3233dd5a0,
0x000001d3233db110, 0x000001d321f71b80, 0x000001d321f74010, 0x000001d321f722d0,
0x000001d321f74760, 0x000001d321f74eb0, 0x000001d321f73170, 0x000001d321f75600,
0x000001d321f72a20, 0x000001d321f75d50, 0x000001d321f738c0, 0x000001d321f7a670,
0x000001d321f79080, 0x000001d321f77a90, 0x000001d321f797d0, 0x000001d321f77340,
0x000001d321f7d9a0, 0x000001d321f7b510, 0x000001d321f7f6e0, 0x000001d321f7e840,
0x000001d321f7ef90, 0x000001d321f7fe30, 0x000001d321f7cb00, 0x000001d321f83160,
0x000001d321f838b0, 0x000001d321f80580, 0x000001d321f81420, 0x000001d321f81b70,
0x000001d321f822c0, 0x000001d321f82a10, 0x000001d321f84000, 0x000001d321f80cd0,
0x000001d321f855f0, 0x000001d321f86490, 0x000001d321f86be0, 0x000001d321f84750,
0x000001d321f84ea0, 0x000001d321f88920, 0x000001d321f89070, 0x000001d321f85d40,
0x000001d321f8a660, 0x000001d32232ae30, 0x000001d3223289a0, 0x000001d322328250,
0x000001d3223290f0, 0x000001d322329f90, 0x000001d32232a6e0, 0x000001d322327b00,
0x000001d32232b580, 0x000001d32232c420, 0x000001d32232cb70, 0x000001d32232bcd0,
0x000001d322329840, 0x000001d32232e8b0, 0x000001d32232da10, 0x000001d32232e160,
0x000001d32232f000, 0x000001d32232f750, 0x000001d32232fea0, 0x000001d3223305f0,
0x000001d32232d2c0, 0x000001d322331be0, 0x000001d3223331d0, 0x000001d322330d40,
0x000001d3223347c0, 0x000001d322334070, 0x000001d322333920, 0x000001d322332330,
0x000001d322331490, 0x000001d322332a80, 0x000001d322336c50, 0x000001d3223373a0,
0x000001d322346c40, 0x000001d3207e7fa0, 0x000001d3207e9590, 0x000001d3207e9ce0,
0x000001d3207e8e40, 0x000001d3207e86f0, 0x000001d3207cfc10, 0x000001d3207cd780,
0x000001d3207cd030, 0x000001d3207cded0, 0x000001d3207ce620, 0x000001d3207ced70,
0x000001d3207d2f40, 0x000001d3207d3690, 0x000001d3207d3de0, 0x000001d3207d27f0,
0x000001d3207d6270, 0x000001d3207d7860, 0x000001d3207d4530, 0x000001d3207d4c80,
0x000001d3207db2e0, 0x000001d3207ded60, 0x000001d3207dc180, 0x000001d3207e53c0,
0x000001d3207e4c70, 0x000001d3207e3680, 0x000001d3207e2090, 0x000001d3207e5b10,
0x000001d3207e7850, 0x000001d3207e6260, 0x000001d3207e69b0, 0x000001d3207e7100,
0x000001d320c29dc0, 0x000001d320c26a90, 0x000001d320c2d840, 0x000001d320c2bb00,
0x000001d320c2ee30, 0x000001d320c2fcd0, 0x000001d320c2df90, 0x000001d320c2c9a0,
0x000001d320c30b70, 0x000001d320c31a10, 0x000001d320c312c0, 0x000001d320c32160,
0x000001d320c328b0, 0x000001d320c2f580, 0x000001d320c36330, 0x000001d320c33000,
0x000001d320c36a80, 0x000001d320c345f0, 0x000001d320c33750, 0x000001d320c371d0,
0x000001d320c33ea0, 0x000001d320c37920, 0x000001d320c38070, 0x000001d320c34d40,
0x000001d320c387c0, 0x000001d320c35490, 0x000001d320c35be0, 0x000001d320c38f10,
0x000001d320c3c990, 0x000001d320c3ac50, 0x000001d320c3b3a0, 0x000001d320c39660
}

Java Threads: ( => current thread )
  0x000001ca9c9b7450 JavaThread "main"                              [_thread_blocked, id=51404, stack(0x000000045a400000,0x000000045a500000) (1024K)]
  0x000001cab79433d0 JavaThread "Reference Handler"          daemon [_thread_blocked, id=48908, stack(0x000000045ac00000,0x000000045ad00000) (1024K)]
  0x000001cab7945d20 JavaThread "Finalizer"                  daemon [_thread_blocked, id=9892, stack(0x000000045ad00000,0x000000045ae00000) (1024K)]
  0x000001cab794adf0 JavaThread "Signal Dispatcher"          daemon [_thread_blocked, id=42308, stack(0x000000045ae00000,0x000000045af00000) (1024K)]
  0x000001cab794b920 JavaThread "Attach Listener"            daemon [_thread_blocked, id=29208, stack(0x000000045af00000,0x000000045b000000) (1024K)]
  0x000001cab794c450 JavaThread "Service Thread"             daemon [_thread_blocked, id=37092, stack(0x000000045b000000,0x000000045b100000) (1024K)]
  0x000001cab794d0b0 JavaThread "Monitor Deflation Thread"   daemon [_thread_blocked, id=52460, stack(0x000000045b100000,0x000000045b200000) (1024K)]
  0x000001cab795ada0 JavaThread "C2 CompilerThread0"         daemon [_thread_blocked, id=47732, stack(0x000000045b200000,0x000000045b300000) (1024K)]
  0x000001cab795d980 JavaThread "C1 CompilerThread0"         daemon [_thread_blocked, id=30264, stack(0x000000045b300000,0x000000045b400000) (1024K)]
  0x000001d2d6ce1d40 JavaThread "Notification Thread"        daemon [_thread_blocked, id=47056, stack(0x000000045b400000,0x000000045b500000) (1024K)]
  0x000001d2d6ce8cb0 JavaThread "Common-Cleaner"             daemon [_thread_blocked, id=9468, stack(0x000000045b500000,0x000000045b600000) (1024K)]
  0x000001cab795e110 JavaThread "C1 CompilerThread1"         daemon [_thread_blocked, id=21088, stack(0x000000045b600000,0x000000045b700000) (1024K)]
  0x000001cab795f030 JavaThread "C1 CompilerThread2"         daemon [_thread_blocked, id=31788, stack(0x000000045b700000,0x000000045b800000) (1024K)]
  0x000001cab795e8a0 JavaThread "C2 CompilerThread1"         daemon [_thread_blocked, id=43456, stack(0x000000045b800000,0x000000045b900000) (1024K)]
  0x000001d2d6f68490 JavaThread "status"                     daemon [_thread_blocked, id=34968, stack(0x000000045b900000,0x000000045ba00000) (1024K)]
  0x000001cab795d1f0 JavaThread "C1 CompilerThread3"         daemon [_thread_blocked, id=37812, stack(0x000000045ba00000,0x000000045bb00000) (1024K)]
  0x000001d31c8cdc70 JavaThread "Cache cleaner"              daemon [_thread_blocked, id=8448, stack(0x000000045bb00000,0x000000045bc00000) (1024K)]
  0x000001cab795f7c0 JavaThread "C2 CompilerThread2"         daemon [_thread_blocked, id=23060, stack(0x000000045bc00000,0x000000045bd00000) (1024K)]
  0x000001cab795ff50 JavaThread "C2 CompilerThread3"         daemon [_thread_blocked, id=44180, stack(0x000000045bd00000,0x000000045be00000) (1024K)]
  0x000001d31ed14520 JavaThread "C2 CompilerThread4"         daemon [_thread_blocked, id=41040, stack(0x000000045be00000,0x000000045bf00000) (1024K)]
  0x000001d31ed16360 JavaThread "C2 CompilerThread5"         daemon [_thread_blocked, id=53224, stack(0x000000045bf00000,0x000000045c000000) (1024K)]
  0x000001d31ed13d90 JavaThread "C2 CompilerThread6"         daemon [_thread_blocked, id=29460, stack(0x000000045e800000,0x000000045e900000) (1024K)]
  0x000001d31ed14cb0 JavaThread "C2 CompilerThread7"         daemon [_thread_blocked, id=15980, stack(0x000000045e900000,0x000000045ea00000) (1024K)]
  0x000001d31ed0f0a0 JavaThread "pool-6-thread-1"                   [_thread_blocked, id=31400, stack(0x000000045c000000,0x000000045c100000) (1024K)]
  0x000001d31ed0f7f0 JavaThread "pool-6-thread-2"                   [_thread_blocked, id=2540, stack(0x000000045c100000,0x000000045c200000) (1024K)]
  0x000001d31ed0e200 JavaThread "pool-6-thread-3"                   [_thread_blocked, id=34416, stack(0x000000045c200000,0x000000045c300000) (1024K)]
  0x000001d31ed0c4c0 JavaThread "pool-6-thread-4"                   [_thread_blocked, id=52092, stack(0x000000045c300000,0x000000045c400000) (1024K)]
  0x000001d31ed0e950 JavaThread "pool-6-thread-5"                   [_thread_blocked, id=20912, stack(0x000000045c400000,0x000000045c500000) (1024K)]
  0x000001d31ed0ff40 JavaThread "pool-6-thread-6"                   [_thread_blocked, id=42508, stack(0x000000045c500000,0x000000045c600000) (1024K)]
  0x000001d31ed0cc10 JavaThread "pool-6-thread-7"                   [_thread_blocked, id=16636, stack(0x000000045d700000,0x000000045d800000) (1024K)]
  0x000001d31ed0d360 JavaThread "pool-6-thread-8"                   [_thread_blocked, id=14424, stack(0x000000045d800000,0x000000045d900000) (1024K)]
  0x000001d31ed10690 JavaThread "pool-6-thread-9"                   [_thread_blocked, id=50504, stack(0x000000045d900000,0x000000045da00000) (1024K)]
  0x000001d31ed12b20 JavaThread "pool-6-thread-10"                  [_thread_blocked, id=30608, stack(0x000000045da00000,0x000000045db00000) (1024K)]
  0x000001d31ed11c80 JavaThread "pool-6-thread-11"                  [_thread_blocked, id=44836, stack(0x000000045db00000,0x000000045dc00000) (1024K)]
  0x000001d31ed13270 JavaThread "pool-6-thread-12"                  [_thread_blocked, id=31032, stack(0x000000045dc00000,0x000000045dd00000) (1024K)]
  0x000001d31ed10de0 JavaThread "pool-6-thread-13"                  [_thread_blocked, id=49668, stack(0x000000045dd00000,0x000000045de00000) (1024K)]
  0x000001d31ed11530 JavaThread "pool-6-thread-14"                  [_thread_blocked, id=29116, stack(0x000000045de00000,0x000000045df00000) (1024K)]
  0x000001d31ed123d0 JavaThread "pool-6-thread-15"                  [_thread_blocked, id=12632, stack(0x000000045df00000,0x000000045e000000) (1024K)]
  0x000001d31ca29b20 JavaThread "pool-6-thread-16"                  [_thread_blocked, id=36120, stack(0x000000045e000000,0x000000045e100000) (1024K)]
  0x000001d31ca28c80 JavaThread "pool-6-thread-17"                  [_thread_blocked, id=17148, stack(0x000000045e100000,0x000000045e200000) (1024K)]
  0x000001d31ca2a270 JavaThread "pool-6-thread-18"                  [_thread_blocked, id=40348, stack(0x000000045e200000,0x000000045e300000) (1024K)]
  0x000001d31ca28530 JavaThread "pool-6-thread-19"                  [_thread_blocked, id=32432, stack(0x000000045e300000,0x000000045e400000) (1024K)]
  0x000001d31ca27690 JavaThread "pool-6-thread-20"                  [_thread_blocked, id=36692, stack(0x000000045e400000,0x000000045e500000) (1024K)]
  0x000001d31ca293d0 JavaThread "pool-6-thread-21"                  [_thread_blocked, id=50668, stack(0x000000045e500000,0x000000045e600000) (1024K)]
  0x000001d31ca26f40 JavaThread "pool-6-thread-22"                  [_thread_blocked, id=49884, stack(0x000000045e600000,0x000000045e700000) (1024K)]
  0x000001d31ca2bfb0 JavaThread "pool-6-thread-23"                  [_thread_blocked, id=27496, stack(0x000000045e700000,0x000000045e800000) (1024K)]
  0x000001d31ca2e440 JavaThread "pool-2-thread-2"                   [_thread_blocked, id=44924, stack(0x000000045ea00000,0x000000045eb00000) (1024K)]
  0x000001d31ca2d5a0 JavaThread "pool-2-thread-3"                   [_thread_blocked, id=49108, stack(0x000000045eb00000,0x000000045ec00000) (1024K)]
  0x000001d31ca2dcf0 JavaThread "pool-2-thread-4"                   [_thread_blocked, id=26896, stack(0x000000045ec00000,0x000000045ed00000) (1024K)]
  0x000001d31ca2c700 JavaThread "pool-2-thread-1"                   [_thread_blocked, id=41616, stack(0x000000045ed00000,0x000000045ee00000) (1024K)]
  0x000001d31ca2ce50 JavaThread "pool-2-thread-5"                   [_thread_blocked, id=34140, stack(0x000000045ee00000,0x000000045ef00000) (1024K)]
  0x000001d31ca2b110 JavaThread "pool-2-thread-6"                   [_thread_blocked, id=42952, stack(0x000000045ef00000,0x000000045f000000) (1024K)]
  0x000001d31ca2b860 JavaThread "pool-2-thread-7"                   [_thread_blocked, id=45892, stack(0x000000045f000000,0x000000045f100000) (1024K)]
  0x000001d31fa4f4f0 JavaThread "pool-2-thread-8"                   [_thread_blocked, id=18600, stack(0x000000045f100000,0x000000045f200000) (1024K)]
  0x000001d31fa4e650 JavaThread "pool-2-thread-9"                   [_thread_blocked, id=52456, stack(0x000000045f200000,0x000000045f300000) (1024K)]
  0x000001d31fa4fc40 JavaThread "pool-2-thread-10"                  [_thread_blocked, id=29960, stack(0x000000045f300000,0x000000045f400000) (1024K)]
  0x000001d31fa50ae0 JavaThread "pool-2-thread-11"                  [_thread_blocked, id=52376, stack(0x000000045f400000,0x000000045f500000) (1024K)]
  0x000001d31fa51230 JavaThread "pool-2-thread-12"                  [_thread_blocked, id=52620, stack(0x000000045f500000,0x000000045f600000) (1024K)]
  0x000001d31fa50390 JavaThread "pool-2-thread-13"                  [_thread_blocked, id=25356, stack(0x000000045f600000,0x000000045f700000) (1024K)]
  0x000001d31fa4eda0 JavaThread "pool-2-thread-14"                  [_thread_blocked, id=49652, stack(0x000000045f700000,0x000000045f800000) (1024K)]
  0x000001d31fa536c0 JavaThread "pool-2-thread-16"                  [_thread_blocked, id=2448, stack(0x000000045f800000,0x000000045f900000) (1024K)]
  0x000001d31fa52820 JavaThread "pool-2-thread-17"                  [_thread_blocked, id=23120, stack(0x000000045f900000,0x000000045fa00000) (1024K)]
  0x000001d31fa53e10 JavaThread "pool-2-thread-15"                  [_thread_blocked, id=13980, stack(0x000000045fa00000,0x000000045fb00000) (1024K)]
  0x000001d31fa54560 JavaThread "pool-2-thread-18"                  [_thread_blocked, id=46836, stack(0x000000045fb00000,0x000000045fc00000) (1024K)]
  0x000001d31fa54cb0 JavaThread "pool-2-thread-19"                  [_thread_blocked, id=47700, stack(0x000000045fc00000,0x000000045fd00000) (1024K)]
  0x000001d31fa51980 JavaThread "pool-2-thread-20"                  [_thread_blocked, id=2168, stack(0x000000045fd00000,0x000000045fe00000) (1024K)]
  0x000001d31fa55400 JavaThread "pool-2-thread-21"                  [_thread_blocked, id=51628, stack(0x000000045fe00000,0x000000045ff00000) (1024K)]
  0x000001d31fa520d0 JavaThread "pool-2-thread-22"                  [_thread_blocked, id=21488, stack(0x000000045ff00000,0x0000000460000000) (1024K)]
  0x000001d31fa52f70 JavaThread "pool-2-thread-23"                  [_thread_blocked, id=37948, stack(0x0000000460000000,0x0000000460100000) (1024K)]
  0x000001d31fa55b50 JavaThread "pool-2-thread-28"                  [_thread_blocked, id=12428, stack(0x0000000460100000,0x0000000460200000) (1024K)]
  0x000001d31f7019c0 JavaThread "pool-2-thread-27"                  [_thread_blocked, id=32240, stack(0x0000000460200000,0x0000000460300000) (1024K)]
  0x000001d31f703700 JavaThread "pool-2-thread-29"                  [_thread_blocked, id=40976, stack(0x0000000460300000,0x0000000460400000) (1024K)]
  0x000001d31f702fb0 JavaThread "pool-2-thread-24"                  [_thread_blocked, id=26184, stack(0x0000000460400000,0x0000000460500000) (1024K)]
  0x000001d31f703e50 JavaThread "pool-2-thread-26"                  [_thread_blocked, id=50880, stack(0x0000000460500000,0x0000000460600000) (1024K)]
  0x000001d31f7045a0 JavaThread "pool-2-thread-25"                  [_thread_blocked, id=32328, stack(0x0000000460600000,0x0000000460700000) (1024K)]
  0x000001d31f704cf0 JavaThread "pool-2-thread-30"                  [_thread_blocked, id=46568, stack(0x0000000460700000,0x0000000460800000) (1024K)]
  0x000001d31f705440 JavaThread "pool-2-thread-34"                  [_thread_blocked, id=43464, stack(0x0000000460800000,0x0000000460900000) (1024K)]
  0x000001d31f702110 JavaThread "pool-2-thread-32"                  [_thread_blocked, id=36308, stack(0x0000000460900000,0x0000000460a00000) (1024K)]
  0x000001d31f705b90 JavaThread "pool-2-thread-33"                  [_thread_blocked, id=29456, stack(0x0000000460a00000,0x0000000460b00000) (1024K)]
  0x000001d31f702860 JavaThread "pool-2-thread-35"                  [_thread_blocked, id=51848, stack(0x0000000460b00000,0x0000000460c00000) (1024K)]
  0x000001d31f706a30 JavaThread "pool-2-thread-31"                  [_thread_blocked, id=37256, stack(0x0000000460c00000,0x0000000460d00000) (1024K)]
  0x000001d31f7062e0 JavaThread "pool-2-thread-36"                  [_thread_blocked, id=33836, stack(0x0000000460d00000,0x0000000460e00000) (1024K)]
  0x000001d31f708020 JavaThread "pool-2-thread-37"                  [_thread_blocked, id=8300, stack(0x0000000460e00000,0x0000000460f00000) (1024K)]
  0x000001d31f707180 JavaThread "pool-2-thread-38"                  [_thread_blocked, id=9476, stack(0x0000000460f00000,0x0000000461000000) (1024K)]
  0x000001d31f7078d0 JavaThread "pool-2-thread-39"                  [_thread_blocked, id=31016, stack(0x0000000461000000,0x0000000461100000) (1024K)]
  0x000001d31f708770 JavaThread "pool-2-thread-42"                  [_thread_blocked, id=38440, stack(0x0000000461100000,0x0000000461200000) (1024K)]
  0x000001d31f708ec0 JavaThread "pool-2-thread-41"                  [_thread_blocked, id=35804, stack(0x0000000461200000,0x0000000461300000) (1024K)]
  0x000001d31fcc04e0 JavaThread "pool-2-thread-40"                  [_thread_blocked, id=49704, stack(0x0000000461300000,0x0000000461400000) (1024K)]
  0x000001d31fcc0c30 JavaThread "pool-2-thread-43"                  [_thread_blocked, id=33568, stack(0x0000000461400000,0x0000000461500000) (1024K)]
  0x000001d31fcbf640 JavaThread "pool-2-thread-44"                  [_thread_blocked, id=43508, stack(0x0000000461500000,0x0000000461600000) (1024K)]
  0x000001d31fcbeef0 JavaThread "pool-2-thread-45"                  [_thread_blocked, id=32728, stack(0x0000000461600000,0x0000000461700000) (1024K)]
  0x000001d31fcc1380 JavaThread "pool-2-thread-46"                  [_thread_blocked, id=13388, stack(0x0000000461700000,0x0000000461800000) (1024K)]
  0x000001d31e28c190 JavaThread "pool-2-thread-47"                  [_thread_blocked, id=29528, stack(0x0000000461900000,0x0000000461a00000) (1024K)]
  0x000001d31e28ded0 JavaThread "pool-2-thread-48"                  [_thread_blocked, id=12764, stack(0x0000000461e00000,0x0000000461f00000) (1024K)]
  0x000001d31e28e620 JavaThread "pool-2-thread-49"                  [_thread_blocked, id=28908, stack(0x0000000461f00000,0x0000000462000000) (1024K)]
  0x000001d31e28ed70 JavaThread "pool-2-thread-50"                  [_thread_blocked, id=52756, stack(0x0000000464800000,0x0000000464900000) (1024K)]
  0x000001d31e28f4c0 JavaThread "pool-2-thread-51"                  [_thread_blocked, id=43900, stack(0x0000000464900000,0x0000000464a00000) (1024K)]
  0x000001d31e291200 JavaThread "pool-2-thread-52"                  [_thread_blocked, id=42576, stack(0x0000000465100000,0x0000000465200000) (1024K)]
  0x000001d31e2b9220 JavaThread "pool-2-thread-54"                  [_thread_blocked, id=12968, stack(0x0000000464000000,0x0000000464100000) (1024K)]
  0x000001d31e28d780 JavaThread "pool-2-thread-53"                  [_thread_blocked, id=41252, stack(0x0000000466600000,0x0000000466700000) (1024K)]
  0x000001d31e44b500 JavaThread "pool-2-thread-56"                  [_thread_blocked, id=52784, stack(0x0000000466900000,0x0000000466a00000) (1024K)]
  0x000001d31e44caf0 JavaThread "pool-2-thread-57"                  [_thread_blocked, id=9704, stack(0x0000000466b00000,0x0000000466c00000) (1024K)]
  0x000001d31e450570 JavaThread "pool-2-thread-55"                  [_thread_blocked, id=52956, stack(0x0000000467500000,0x0000000467600000) (1024K)]
  0x000001d3207d5b20 JavaThread "pool-2-thread-58"                  [_thread_blocked, id=52928, stack(0x0000000461a00000,0x0000000461b00000) (1024K)]
  0x000001d3207d69c0 JavaThread "pool-2-thread-60"                  [_thread_blocked, id=49960, stack(0x0000000461c00000,0x0000000461d00000) (1024K)]
  0x000001d3207d8e50 JavaThread "pool-2-thread-62"                  [_thread_blocked, id=14228, stack(0x0000000462200000,0x0000000462300000) (1024K)]
  0x000001d3207d95a0 JavaThread "pool-2-thread-63"                  [_thread_blocked, id=53140, stack(0x0000000462300000,0x0000000462400000) (1024K)]
  0x000001d3207d7110 JavaThread "pool-2-thread-64"                  [_thread_blocked, id=12888, stack(0x0000000462400000,0x0000000462500000) (1024K)]
  0x000001d3207d9cf0 JavaThread "pool-2-thread-65"                  [_thread_blocked, id=15716, stack(0x0000000462500000,0x0000000462600000) (1024K)]
  0x000001d3207dc8d0 JavaThread "pool-2-thread-66"                  [_thread_blocked, id=52336, stack(0x0000000462600000,0x0000000462700000) (1024K)]
  0x000001d3207ddec0 JavaThread "pool-2-thread-67"                  [_thread_blocked, id=52944, stack(0x0000000462700000,0x0000000462800000) (1024K)]
  0x000001d3207dba30 JavaThread "pool-2-thread-68"                  [_thread_blocked, id=44872, stack(0x0000000462800000,0x0000000462900000) (1024K)]
  0x000001d3207dd020 JavaThread "pool-2-thread-69"                  [_thread_blocked, id=18020, stack(0x0000000462900000,0x0000000462a00000) (1024K)]
  0x000001d3207dab90 JavaThread "pool-2-thread-70"                  [_thread_blocked, id=52316, stack(0x0000000462b00000,0x0000000462c00000) (1024K)]
  0x000001d3207dd770 JavaThread "pool-2-thread-71"                  [_thread_blocked, id=20928, stack(0x0000000462c00000,0x0000000462d00000) (1024K)]
  0x000001d3207de610 JavaThread "pool-2-thread-72"                  [_thread_blocked, id=46920, stack(0x0000000462d00000,0x0000000462e00000) (1024K)]
  0x000001d3207e2f30 JavaThread "pool-2-thread-75"                  [_thread_blocked, id=52696, stack(0x0000000463200000,0x0000000463300000) (1024K)]
  0x000001d3207e0350 JavaThread "pool-2-thread-76"                  [_thread_blocked, id=51428, stack(0x0000000463400000,0x0000000463500000) (1024K)]
  0x000001d3207e11f0 JavaThread "pool-2-thread-77"                  [_thread_blocked, id=23704, stack(0x0000000463500000,0x0000000463600000) (1024K)]
  0x000001d3207e27e0 JavaThread "pool-2-thread-78"                  [_thread_blocked, id=9416, stack(0x0000000463700000,0x0000000463800000) (1024K)]
  0x000001d3207e1940 JavaThread "pool-2-thread-79"                  [_thread_blocked, id=52880, stack(0x0000000463800000,0x0000000463900000) (1024K)]
  0x000001d3207e0aa0 JavaThread "pool-2-thread-80"                  [_thread_blocked, id=27480, stack(0x0000000463d00000,0x0000000463e00000) (1024K)]
  0x000001d3207e4520 JavaThread "pool-2-thread-59"                  [_thread_blocked, id=41088, stack(0x0000000463e00000,0x0000000463f00000) (1024K)]
  0x000001d31e4497c0 JavaThread "pool-2-thread-74"                  [_thread_blocked, id=2840, stack(0x0000000468600000,0x0000000468700000) (1024K)]
  0x000001d31e44e830 JavaThread "pool-2-thread-61"                  [_thread_blocked, id=35084, stack(0x0000000473300000,0x0000000473400000) (1024K)]
  0x000001d31e44d240 JavaThread "pool-2-thread-73"                  [_thread_blocked, id=4364, stack(0x0000000473400000,0x0000000473500000) (1024K)]
  0x000001d320c3e6d0 JavaThread "pool-69-thread-1"                  [_thread_blocked, id=52244, stack(0x0000000467c00000,0x0000000467d00000) (1024K)]
  0x000001d320c3f570 JavaThread "pool-69-thread-2"                  [_thread_blocked, id=26648, stack(0x0000000472100000,0x0000000472200000) (1024K)]
  0x000001d320c3df80 JavaThread "pool-69-thread-3"                  [_thread_blocked, id=37344, stack(0x0000000472200000,0x0000000472300000) (1024K)]
  0x000001d31e28fc10 JavaThread "pool-69-thread-4"                  [_thread_blocked, id=52764, stack(0x0000000472400000,0x0000000472500000) (1024K)]
  0x000001d31e28c8e0 JavaThread "pool-69-thread-5"                  [_thread_blocked, id=15256, stack(0x0000000472500000,0x0000000472600000) (1024K)]
  0x000001d31e291950 JavaThread "pool-69-thread-6"                  [_thread_blocked, id=52228, stack(0x0000000472600000,0x0000000472700000) (1024K)]
  0x000001d31e2920a0 JavaThread "pool-69-thread-7"                  [_thread_blocked, id=53028, stack(0x0000000465f00000,0x0000000466000000) (1024K)]
  0x000001d31e2927f0 JavaThread "pool-69-thread-8"                  [_thread_blocked, id=30568, stack(0x0000000466700000,0x0000000466800000) (1024K)]
  0x000001d31e292f40 JavaThread "pool-69-thread-9"                  [_thread_blocked, id=3812, stack(0x0000000466c00000,0x0000000466d00000) (1024K)]
  0x000001d31e290360 JavaThread "pool-69-thread-10"                 [_thread_blocked, id=48444, stack(0x0000000472700000,0x0000000472800000) (1024K)]
  0x000001d31e290ab0 JavaThread "pool-69-thread-11"                 [_thread_blocked, id=37716, stack(0x0000000472800000,0x0000000472900000) (1024K)]
  0x000001d3207caba0 JavaThread "pool-69-thread-12"                 [_thread_blocked, id=47268, stack(0x0000000472900000,0x0000000472a00000) (1024K)]
  0x000001d3207cb2f0 JavaThread "pool-69-thread-13"                 [_thread_blocked, id=4744, stack(0x0000000472a00000,0x0000000472b00000) (1024K)]
  0x000001d3207cba40 JavaThread "pool-69-thread-14"                 [_thread_blocked, id=52872, stack(0x0000000475000000,0x0000000475100000) (1024K)]
  0x000001d3207d20a0 JavaThread "pool-69-thread-15"                 [_thread_blocked, id=35812, stack(0x000000047b800000,0x000000047b900000) (1024K)]
  0x000001d3207cf4c0 JavaThread "pool-69-thread-16"                 [_thread_blocked, id=52556, stack(0x000000047b900000,0x000000047ba00000) (1024K)]
  0x000001d3204c4040 JavaThread "pool-69-thread-17"                 [_thread_blocked, id=47964, stack(0x000000047ba00000,0x000000047bb00000) (1024K)]
  0x000001d3204c4790 JavaThread "pool-69-thread-18"                 [_thread_blocked, id=50028, stack(0x000000047bb00000,0x000000047bc00000) (1024K)]
  0x000001d3204c5630 JavaThread "pool-69-thread-19"                 [_thread_blocked, id=43868, stack(0x000000047bc00000,0x000000047bd00000) (1024K)]
  0x000001d3204c90b0 JavaThread "pool-69-thread-20"                 [_thread_blocked, id=30396, stack(0x000000047bd00000,0x000000047be00000) (1024K)]
  0x000001d3204ca6a0 JavaThread "pool-69-thread-21"                 [_thread_blocked, id=11584, stack(0x000000047be00000,0x000000047bf00000) (1024K)]
  0x000001d31fbe8080 JavaThread "pool-69-thread-22"                 [_thread_blocked, id=17484, stack(0x000000047bf00000,0x000000047c000000) (1024K)]
  0x000001d31fbe54a0 JavaThread "pool-69-thread-23"                 [_thread_blocked, id=49624, stack(0x000000047c000000,0x000000047c100000) (1024K)]
  0x000001d321f764a0 JavaThread "pool-2-thread-85"                  [_thread_blocked, id=53080, stack(0x0000000467400000,0x0000000467500000) (1024K)]
  0x000001d320c212d0 JavaThread "pool-2-thread-84"                  [_thread_blocked, id=7512, stack(0x0000000471f00000,0x0000000472000000) (1024K)]
  0x000001d320c23760 JavaThread "pool-2-thread-86"                  [_thread_blocked, id=35580, stack(0x0000000472e00000,0x0000000472f00000) (1024K)]
  0x000001d31fe48870 JavaThread "pool-2-thread-92"                  [_thread_blocked, id=40192, stack(0x0000000475600000,0x0000000475700000) (1024K)]
  0x000001d31fe4eed0 JavaThread "pool-2-thread-93"                  [_thread_blocked, id=51788, stack(0x0000000475700000,0x0000000475800000) (1024K)]
  0x000001d31fe52950 JavaThread "pool-2-thread-94"                  [_thread_blocked, id=45136, stack(0x0000000476500000,0x0000000476600000) (1024K)]
  0x000001d320c23010 JavaThread "pool-2-thread-81"                  [_thread_blocked, id=28140, stack(0x0000000476b00000,0x0000000476c00000) (1024K)]
  0x000001d320c23eb0 JavaThread "pool-2-thread-89"                  [_thread_blocked, id=31820, stack(0x000000046e000000,0x000000046e100000) (1024K)]
  0x000001d320c2e6e0 JavaThread "pool-2-thread-90"                  [_thread_blocked, id=47948, stack(0x0000000468100000,0x0000000468200000) (1024K)]
  0x000001d320c21a20 JavaThread "pool-2-thread-91"                  [_thread_blocked, id=38672, stack(0x0000000468000000,0x0000000468100000) (1024K)]
  0x000001d321f8bc50 JavaThread "pool-2-thread-97"                  [_thread_blocked, id=34404, stack(0x0000000475a00000,0x0000000475b00000) (1024K)]
  0x000001d321f8c3a0 JavaThread "pool-2-thread-98"                  [_thread_blocked, id=52984, stack(0x0000000475c00000,0x0000000475d00000) (1024K)]
  0x000001d31fa89040 JavaThread "pool-2-thread-88"                  [_thread_blocked, id=29352, stack(0x0000000475d00000,0x0000000475e00000) (1024K)]
  0x000001d31fa89790 JavaThread "pool-2-thread-87"                  [_thread_blocked, id=48224, stack(0x0000000476700000,0x0000000476800000) (1024K)]
  0x000001d31fa86460 JavaThread "pool-2-thread-83"                  [_thread_blocked, id=52260, stack(0x0000000476800000,0x0000000476900000) (1024K)]
  0x000001d31fa8a630 JavaThread "pool-2-thread-82"                  [_thread_blocked, id=3192, stack(0x0000000476c00000,0x0000000476d00000) (1024K)]
  0x000001d31fa89ee0 JavaThread "pool-83-thread-1"                  [_thread_blocked, id=52716, stack(0x0000000477000000,0x0000000477100000) (1024K)]
  0x000001d31e4538a0 JavaThread "pool-2-thread-103"                 [_thread_blocked, id=50472, stack(0x0000000477c00000,0x0000000477d00000) (1024K)]
  0x000001d31fbc4b90 JavaThread "pool-2-thread-95"                  [_thread_blocked, id=52388, stack(0x0000000477d00000,0x0000000477e00000) (1024K)]
  0x000001d31fbc94b0 JavaThread "pool-2-thread-104"                 [_thread_blocked, id=46856, stack(0x0000000477e00000,0x0000000477f00000) (1024K)]
  0x000001d31fbcb1f0 JavaThread "pool-2-thread-105"                 [_thread_blocked, id=9508, stack(0x0000000477f00000,0x0000000478000000) (1024K)]
  0x000001d31fbccf30 JavaThread "pool-2-thread-110"                 [_thread_blocked, id=41300, stack(0x0000000478000000,0x0000000478100000) (1024K)]
  0x000001d31fbd1100 JavaThread "pool-2-thread-118"                 [_thread_blocked, id=44940, stack(0x0000000478100000,0x0000000478200000) (1024K)]
  0x000001d31fbcddd0 JavaThread "pool-2-thread-122"                 [_thread_blocked, id=48800, stack(0x0000000478200000,0x0000000478300000) (1024K)]
  0x000001d3207cc190 JavaThread "pool-84-thread-1"                  [_thread_blocked, id=52772, stack(0x0000000478500000,0x0000000478600000) (1024K)]
  0x000001d3207cc8e0 JavaThread "pool-84-thread-2"                  [_thread_blocked, id=25656, stack(0x0000000478700000,0x0000000478800000) (1024K)]
  0x000001d3207d0360 JavaThread "pool-84-thread-3"                  [_thread_blocked, id=31012, stack(0x0000000478b00000,0x0000000478c00000) (1024K)]
  0x000001d3207d0ab0 JavaThread "pool-2-thread-99"                  [_thread_blocked, id=38644, stack(0x0000000479500000,0x0000000479600000) (1024K)]
  0x000001d3207d1200 JavaThread "pool-2-thread-101"                 [_thread_blocked, id=12340, stack(0x000000047af00000,0x000000047b000000) (1024K)]
  0x000001d3207d1950 JavaThread "pool-2-thread-100"                 [_thread_blocked, id=30472, stack(0x000000047b000000,0x000000047b100000) (1024K)]
  0x000001d3207d7fb0 JavaThread "pool-83-thread-2"                  [_thread_blocked, id=33072, stack(0x000000047b100000,0x000000047b200000) (1024K)]
  0x000001d3207d8700 JavaThread "pool-83-thread-3"                  [_thread_blocked, id=28676, stack(0x000000047b200000,0x000000047b300000) (1024K)]
  0x000001d3207d53d0 JavaThread "pool-83-thread-4"                  [_thread_blocked, id=33248, stack(0x000000047b300000,0x000000047b400000) (1024K)]
  0x000001d3207da440 JavaThread "pool-83-thread-5"                  [_thread_blocked, id=47644, stack(0x000000047b400000,0x000000047b500000) (1024K)]
  0x000001d3207df4b0 JavaThread "pool-83-thread-6"                  [_thread_blocked, id=47012, stack(0x000000047b500000,0x000000047b600000) (1024K)]
  0x000001d3207dfc00 JavaThread "pool-83-thread-7"                  [_thread_blocked, id=45576, stack(0x000000047b600000,0x000000047b700000) (1024K)]
  0x000001d3207e3dd0 JavaThread "pool-83-thread-8"                  [_thread_blocked, id=40740, stack(0x000000047b700000,0x000000047b800000) (1024K)]
  0x000001d320c20430 JavaThread "pool-83-thread-9"                  [_thread_blocked, id=52864, stack(0x000000047c700000,0x000000047c800000) (1024K)]
  0x000001d320c27930 JavaThread "pool-83-thread-10"                 [_thread_blocked, id=9096, stack(0x000000047c800000,0x000000047c900000) (1024K)]
  0x000001d320c28080 JavaThread "pool-83-thread-11"                 [_thread_blocked, id=19188, stack(0x000000047d000000,0x000000047d100000) (1024K)]
  0x000001d320c254a0 JavaThread "pool-83-thread-12"                 [_thread_blocked, id=43808, stack(0x000000047d100000,0x000000047d200000) (1024K)]
  0x000001d320c2b3b0 JavaThread "pool-2-thread-96"                  [_thread_blocked, id=24324, stack(0x000000047d200000,0x000000047d300000) (1024K)]
  0x000001d320c28f20 JavaThread "pool-2-thread-106"                 [_thread_blocked, id=5008, stack(0x000000047d300000,0x000000047d400000) (1024K)]
  0x000001d320c2a510 JavaThread "pool-2-thread-107"                 [_thread_blocked, id=2432, stack(0x000000047d400000,0x000000047d500000) (1024K)]
  0x000001d320c29670 JavaThread "pool-2-thread-109"                 [_thread_blocked, id=47296, stack(0x000000047d600000,0x000000047d700000) (1024K)]
  0x000001d320c30420 JavaThread "pool-2-thread-111"                 [_thread_blocked, id=40644, stack(0x000000047d700000,0x000000047d800000) (1024K)]
  0x000001d320c2d0f0 JavaThread "pool-2-thread-112"                 [_thread_blocked, id=15636, stack(0x000000047d800000,0x000000047d900000) (1024K)]
  0x000001d320c3a500 JavaThread "pool-2-thread-113"                 [_thread_blocked, id=20736, stack(0x000000047d900000,0x000000047da00000) (1024K)]
  0x000001d320c3c240 JavaThread "pool-2-thread-114"                 [_thread_blocked, id=46648, stack(0x000000047da00000,0x000000047db00000) (1024K)]
  0x000001d321f76bf0 JavaThread "pool-2-thread-115"                 [_thread_blocked, id=52552, stack(0x000000047db00000,0x000000047dc00000) (1024K)]
  0x000001d321f7c3b0 JavaThread "pool-2-thread-127"                 [_thread_blocked, id=19368, stack(0x000000047dc00000,0x000000047dd00000) (1024K)]
  0x000001d321f7bc60 JavaThread "pool-2-thread-117"                 [_thread_blocked, id=43924, stack(0x000000047dd00000,0x000000047de00000) (1024K)]
  0x000001d321f7d250 JavaThread "pool-2-thread-119"                 [_thread_blocked, id=32956, stack(0x000000047de00000,0x000000047df00000) (1024K)]
  0x000001d321f87a80 JavaThread "pool-2-thread-120"                 [_thread_blocked, id=53052, stack(0x000000047df00000,0x000000047e000000) (1024K)]
  0x000001d321f8d990 JavaThread "pool-2-thread-121"                 [_thread_blocked, id=46784, stack(0x000000047e000000,0x000000047e100000) (1024K)]
  0x000001d321f7e0f0 JavaThread "pool-2-thread-123"                 [_thread_blocked, id=51632, stack(0x000000047e100000,0x000000047e200000) (1024K)]
  0x000001d321f8b500 JavaThread "pool-2-thread-124"                 [_thread_blocked, id=44000, stack(0x000000047e200000,0x000000047e300000) (1024K)]
  0x000001d31e2b5050 JavaThread "pool-2-thread-125"                 [_thread_blocked, id=23192, stack(0x000000047e300000,0x000000047e400000) (1024K)]
  0x000001d31e2b57a0 JavaThread "pool-84-thread-4"                  [_thread_blocked, id=48136, stack(0x000000047e400000,0x000000047e500000) (1024K)]
  0x000001d31e2b6640 JavaThread "pool-84-thread-5"                  [_thread_blocked, id=21848, stack(0x000000047e500000,0x000000047e600000) (1024K)]
  0x000001d31e2b6d90 JavaThread "pool-2-thread-102"                 [_thread_blocked, id=43324, stack(0x000000047e600000,0x000000047e700000) (1024K)]
  0x000001d3204c8210 JavaThread "pool-2-thread-126"                 [_thread_blocked, id=18016, stack(0x0000000468c00000,0x0000000468d00000) (1024K)]
  0x000001d3204c4ee0 JavaThread "pool-83-thread-13"                 [_thread_blocked, id=46596, stack(0x0000000469600000,0x0000000469700000) (1024K)]
  0x000001d3204c8960 JavaThread "pool-83-thread-14"                 [_thread_blocked, id=25724, stack(0x0000000469e00000,0x0000000469f00000) (1024K)]
  0x000001d31e453ff0 JavaThread "pool-83-thread-15"                 [_thread_blocked, id=26060, stack(0x0000000469f00000,0x000000046a000000) (1024K)]
  0x000001d31e451410 JavaThread "pool-83-thread-16"                 [_thread_blocked, id=44208, stack(0x000000046c300000,0x000000046c400000) (1024K)]
  0x000001d31e456bd0 JavaThread "pool-83-thread-17"                 [_thread_blocked, id=8804, stack(0x000000046ce00000,0x000000046cf00000) (1024K)]
  0x000001d320c287d0 JavaThread "pool-83-thread-18"                 [_thread_blocked, id=50240, stack(0x000000046ec00000,0x000000046ed00000) (1024K)]
  0x000001d320c3baf0 JavaThread "pool-83-thread-19"                 [_thread_blocked, id=43196, stack(0x0000000475b00000,0x0000000475c00000) (1024K)]
  0x000001d321f7adc0 JavaThread "pool-83-thread-20"                 [_thread_blocked, id=34508, stack(0x0000000475e00000,0x0000000475f00000) (1024K)]
  0x000001d321f79f20 JavaThread "pool-83-thread-21"                 [_thread_blocked, id=40352, stack(0x0000000476100000,0x0000000476200000) (1024K)]
  0x000001d31fbe6340 JavaThread "pool-83-thread-22"                 [_thread_blocked, id=1668, stack(0x0000000476200000,0x0000000476300000) (1024K)]
  0x000001d31fbe9dc0 JavaThread "pool-83-thread-23"                 [_thread_blocked, id=31328, stack(0x000000046ee00000,0x000000046ef00000) (1024K)]
  0x000001d31fe537f0 JavaThread "pool-2-thread-108"                 [_thread_blocked, id=19808, stack(0x000000046a200000,0x000000046a300000) (1024K)]
  0x000001d3204d88a0 JavaThread "pool-2-thread-116"                 [_thread_blocked, id=20196, stack(0x0000000469300000,0x0000000469400000) (1024K)]
  0x000001d3204d8ff0 JavaThread "pool-84-thread-6"                  [_thread_blocked, id=45916, stack(0x000000047e900000,0x000000047ea00000) (1024K)]
  0x000001d3204dca70 JavaThread "pool-2-thread-128"                 [_thread_blocked, id=42832, stack(0x000000047ea00000,0x000000047eb00000) (1024K)]
  0x000001d3204dad30 JavaThread "pool-84-thread-7"                  [_thread_blocked, id=40520, stack(0x000000047eb00000,0x000000047ec00000) (1024K)]
  0x000001d3204dd1c0 JavaThread "pool-84-thread-8"                  [_thread_blocked, id=48108, stack(0x000000047ec00000,0x000000047ed00000) (1024K)]
  0x000001d3204dbbd0 JavaThread "pool-84-thread-9"                  [_thread_blocked, id=53096, stack(0x000000047ed00000,0x000000047ee00000) (1024K)]
  0x000001d3204da5e0 JavaThread "pool-84-thread-10"                 [_thread_blocked, id=31584, stack(0x000000047ee00000,0x000000047ef00000) (1024K)]
  0x000001d3204e2230 JavaThread "pool-84-thread-11"                 [_thread_blocked, id=44076, stack(0x000000047fd00000,0x000000047fe00000) (1024K)]
  0x000001d3204e30d0 JavaThread "pool-84-thread-12"                 [_thread_blocked, id=43692, stack(0x000000047fe00000,0x000000047ff00000) (1024K)]
  0x000001d3204e6400 JavaThread "pool-84-thread-13"                 [_thread_blocked, id=52752, stack(0x000000047ff00000,0x0000000480000000) (1024K)]
  0x000001d3204e5cb0 JavaThread "pool-84-thread-14"                 [_thread_blocked, id=35424, stack(0x0000000400000000,0x0000000400100000) (1024K)]
  0x000001d3204e3820 JavaThread "pool-84-thread-15"                 [_thread_blocked, id=22028, stack(0x0000000400100000,0x0000000400200000) (1024K)]
  0x000001d3204e72a0 JavaThread "pool-84-thread-16"                 [_thread_blocked, id=38228, stack(0x0000000400200000,0x0000000400300000) (1024K)]
  0x000001d3204e6b50 JavaThread "pool-84-thread-17"                 [_thread_blocked, id=53160, stack(0x0000000400300000,0x0000000400400000) (1024K)]
  0x000001d3204e3f70 JavaThread "pool-84-thread-18"                 [_thread_blocked, id=27524, stack(0x0000000400400000,0x0000000400500000) (1024K)]
  0x000001d3204e79f0 JavaThread "pool-84-thread-19"                 [_thread_blocked, id=15904, stack(0x0000000400500000,0x0000000400600000) (1024K)]
  0x000001d322344f00 JavaThread "pool-84-thread-20"                 [_thread_blocked, id=29112, stack(0x0000000400600000,0x0000000400700000) (1024K)]
  0x000001d3223464f0 JavaThread "pool-84-thread-21"                 [_thread_blocked, id=18568, stack(0x0000000400700000,0x0000000400800000) (1024K)]
  0x000001d322345650 JavaThread "pool-84-thread-22"                 [_thread_blocked, id=51388, stack(0x0000000400800000,0x0000000400900000) (1024K)]
  0x000001d322345da0 JavaThread "pool-84-thread-23"                 [_thread_blocked, id=38132, stack(0x0000000400900000,0x0000000400a00000) (1024K)]
  0x000001d322337af0 JavaThread "pool-2-thread-141"                 [_thread_blocked, id=35160, stack(0x0000000402a00000,0x0000000402b00000) (1024K)]
  0x000001d322335db0 JavaThread "pool-2-thread-143"                 [_thread_blocked, id=18100, stack(0x0000000402b00000,0x0000000402c00000) (1024K)]
  0x000001d322336500 JavaThread "pool-2-thread-132"                 [_thread_blocked, id=31848, stack(0x0000000402c00000,0x0000000402d00000) (1024K)]
  0x000001d322338240 JavaThread "pool-2-thread-144"                 [_thread_blocked, id=47716, stack(0x0000000402d00000,0x0000000402e00000) (1024K)]
  0x000001d322334f10 JavaThread "pool-2-thread-133"                 [_thread_blocked, id=52488, stack(0x0000000402e00000,0x0000000402f00000) (1024K)]
  0x000001d322338990 JavaThread "pool-2-thread-134"                 [_thread_blocked, id=46804, stack(0x0000000402f00000,0x0000000403000000) (1024K)]
  0x000001d322335660 JavaThread "pool-2-thread-135"                 [_thread_blocked, id=47868, stack(0x0000000403000000,0x0000000403100000) (1024K)]
  0x000001d32233ae20 JavaThread "pool-2-thread-136"                 [_thread_blocked, id=34628, stack(0x0000000403100000,0x0000000403200000) (1024K)]
  0x000001d32233bcc0 JavaThread "pool-2-thread-137"                 [_thread_blocked, id=50016, stack(0x0000000403200000,0x0000000403300000) (1024K)]
  0x000001d32233b570 JavaThread "pool-2-thread-138"                 [_thread_blocked, id=23080, stack(0x0000000403300000,0x0000000403400000) (1024K)]
  0x000001d3223390e0 JavaThread "pool-2-thread-139"                 [_thread_blocked, id=51792, stack(0x0000000403400000,0x0000000403500000) (1024K)]
  0x000001d32233a6d0 JavaThread "pool-2-thread-146"                 [_thread_blocked, id=44560, stack(0x0000000403500000,0x0000000403600000) (1024K)]
  0x000001d322339f80 JavaThread "pool-2-thread-145"                 [_thread_blocked, id=7912, stack(0x0000000403600000,0x0000000403700000) (1024K)]
  0x000001d32233c410 JavaThread "pool-2-thread-147"                 [_thread_blocked, id=50260, stack(0x0000000403700000,0x0000000403800000) (1024K)]
  0x000001d32233cb60 JavaThread "pool-2-thread-129"                 [_thread_blocked, id=2776, stack(0x0000000403800000,0x0000000403900000) (1024K)]
  0x000001d322339830 JavaThread "pool-2-thread-149"                 [_thread_blocked, id=4856, stack(0x0000000403900000,0x0000000403a00000) (1024K)]
  0x000001d32233fe90 JavaThread "pool-2-thread-162"                 [_thread_blocked, id=26336, stack(0x0000000403a00000,0x0000000403b00000) (1024K)]
  0x000001d32233d2b0 JavaThread "pool-2-thread-156"                 [_thread_blocked, id=40632, stack(0x0000000403b00000,0x0000000403c00000) (1024K)]
  0x000001d32233f740 JavaThread "pool-2-thread-160"                 [_thread_blocked, id=22568, stack(0x0000000403c00000,0x0000000403d00000) (1024K)]
  0x000001d32233da00 JavaThread "pool-2-thread-155"                 [_thread_blocked, id=25244, stack(0x0000000403d00000,0x0000000403e00000) (1024K)]
  0x000001d3223405e0 JavaThread "pool-2-thread-154"                 [_thread_blocked, id=46832, stack(0x0000000403e00000,0x0000000403f00000) (1024K)]
  0x000001d322340d30 JavaThread "pool-2-thread-153"                 [_thread_blocked, id=10740, stack(0x0000000403f00000,0x0000000404000000) (1024K)]
  0x000001d322341480 JavaThread "pool-2-thread-165"                 [_thread_blocked, id=52732, stack(0x0000000404000000,0x0000000404100000) (1024K)]
  0x000001d32233e150 JavaThread "pool-2-thread-150"                 [_thread_blocked, id=49956, stack(0x0000000404100000,0x0000000404200000) (1024K)]
  0x000001d322341bd0 JavaThread "pool-2-thread-163"                 [_thread_blocked, id=47624, stack(0x0000000404200000,0x0000000404300000) (1024K)]
  0x000001d32233e8a0 JavaThread "pool-2-thread-158"                 [_thread_blocked, id=2036, stack(0x0000000404300000,0x0000000404400000) (1024K)]
  0x000001d322342320 JavaThread "pool-2-thread-159"                 [_thread_blocked, id=41728, stack(0x0000000404400000,0x0000000404500000) (1024K)]
  0x000001d32233eff0 JavaThread "pool-2-thread-157"                 [_thread_blocked, id=34288, stack(0x0000000404500000,0x0000000404600000) (1024K)]
  0x000001d322342a70 JavaThread "pool-2-thread-130"                 [_thread_blocked, id=49780, stack(0x0000000404600000,0x0000000404700000) (1024K)]
  0x000001d3223447b0 JavaThread "pool-2-thread-151"                 [_thread_blocked, id=40220, stack(0x0000000404700000,0x0000000404800000) (1024K)]
  0x000001d3223431c0 JavaThread "pool-2-thread-140"                 [_thread_blocked, id=48364, stack(0x0000000404800000,0x0000000404900000) (1024K)]
  0x000001d322343910 JavaThread "pool-2-thread-164"                 [_thread_blocked, id=12776, stack(0x0000000404900000,0x0000000404a00000) (1024K)]
  0x000001d322344060 JavaThread "pool-2-thread-148"                 [_thread_blocked, id=51492, stack(0x0000000404a00000,0x0000000404b00000) (1024K)]
  0x000001d31ca27de0 JavaThread "pool-2-thread-131"                 [_thread_blocked, id=53072, stack(0x0000000404b00000,0x0000000404c00000) (1024K)]
  0x000001d32339fa70 JavaThread "pool-2-thread-152"                 [_thread_blocked, id=52216, stack(0x0000000404c00000,0x0000000404d00000) (1024K)]
  0x000001d3233a5980 JavaThread "pool-2-thread-166"                 [_thread_blocked, id=41560, stack(0x0000000405e00000,0x0000000405f00000) (1024K)]
  0x000001d3233a6820 JavaThread "pool-2-thread-142"                 [_thread_blocked, id=42500, stack(0x0000000405f00000,0x0000000406000000) (1024K)]
  0x000001d3233a4ae0 JavaThread "pool-2-thread-161"                 [_thread_blocked, id=24652, stack(0x0000000406000000,0x0000000406100000) (1024K)]
  0x000001d321f781e0 JavaThread "pool-114-thread-1"                 [_thread_blocked, id=39552, stack(0x000000040e400000,0x000000040e500000) (1024K)]
  0x000001d321f78930 JavaThread "pool-114-thread-2"                 [_thread_blocked, id=47076, stack(0x000000040e500000,0x000000040e600000) (1024K)]
  0x000001d321f881d0 JavaThread "pool-114-thread-3"                 [_thread_blocked, id=23112, stack(0x0000000410400000,0x0000000410500000) (1024K)]
  0x000001d321f71430 JavaThread "pool-114-thread-4"                 [_thread_blocked, id=52472, stack(0x0000000410500000,0x0000000410600000) (1024K)]
  0x000001d321f897c0 JavaThread "pool-114-thread-5"                 [_thread_blocked, id=14632, stack(0x0000000410600000,0x0000000410700000) (1024K)]
  0x000001d321f89f10 JavaThread "pool-114-thread-6"                 [_thread_blocked, id=45376, stack(0x0000000410700000,0x0000000410800000) (1024K)]
  0x000001d321f87330 JavaThread "pool-114-thread-7"                 [_thread_blocked, id=33292, stack(0x0000000410800000,0x0000000410900000) (1024K)]
  0x000001d321f8caf0 JavaThread "pool-114-thread-8"                 [_thread_blocked, id=35724, stack(0x0000000410900000,0x0000000410a00000) (1024K)]
  0x000001d321f8d240 JavaThread "pool-114-thread-9"                 [_thread_blocked, id=31080, stack(0x0000000410a00000,0x0000000410b00000) (1024K)]
  0x000001d321f8e0e0 JavaThread "pool-114-thread-10"                [_thread_blocked, id=36824, stack(0x0000000410b00000,0x0000000410c00000) (1024K)]
  0x000001d321f8adb0 JavaThread "pool-114-thread-11"                [_thread_blocked, id=32216, stack(0x0000000410c00000,0x0000000410d00000) (1024K)]
  0x000001d321f8fe20 JavaThread "pool-114-thread-12"                [_thread_blocked, id=35632, stack(0x0000000410d00000,0x0000000410e00000) (1024K)]
  0x000001d321f90570 JavaThread "pool-114-thread-13"                [_thread_blocked, id=42912, stack(0x0000000410e00000,0x0000000410f00000) (1024K)]
  0x000001d321f8e830 JavaThread "pool-114-thread-14"                [_thread_blocked, id=42144, stack(0x0000000410f00000,0x0000000411000000) (1024K)]
  0x000001d321f8f6d0 JavaThread "pool-114-thread-15"                [_thread_blocked, id=7104, stack(0x0000000411000000,0x0000000411100000) (1024K)]
  0x000001d321f8ef80 JavaThread "pool-114-thread-16"                [_thread_blocked, id=35816, stack(0x0000000411100000,0x0000000411200000) (1024K)]
  0x000001d320c20b80 JavaThread "pool-114-thread-17"                [_thread_blocked, id=52076, stack(0x0000000411200000,0x0000000411300000) (1024K)]
  0x000001d320c24600 JavaThread "pool-114-thread-18"                [_thread_blocked, id=44800, stack(0x0000000411300000,0x0000000411400000) (1024K)]
  0x000001d320c24d50 JavaThread "pool-114-thread-19"                [_thread_blocked, id=49216, stack(0x0000000411400000,0x0000000411500000) (1024K)]
  0x000001d320c22170 JavaThread "pool-114-thread-20"                [_thread_blocked, id=10344, stack(0x0000000411500000,0x0000000411600000) (1024K)]
  0x000001d320c25bf0 JavaThread "pool-114-thread-21"                [_thread_blocked, id=43052, stack(0x0000000411600000,0x0000000411700000) (1024K)]
  0x000001d320c228c0 JavaThread "pool-114-thread-22"                [_thread_blocked, id=2016, stack(0x0000000411700000,0x0000000411800000) (1024K)]
  0x000001d320c26340 JavaThread "pool-114-thread-23"                [_thread_blocked, id=53236, stack(0x0000000411800000,0x0000000411900000) (1024K)]
  0x000001d320c271e0 JavaThread "pool-119-thread-1"                 [_thread_blocked, id=52828, stack(0x0000000401600000,0x0000000401700000) (1024K)]
  0x000001d320c2ac60 JavaThread "pool-119-thread-2"                 [_thread_blocked, id=52592, stack(0x0000000401700000,0x0000000401800000) (1024K)]
  0x000001d320c2c250 JavaThread "pool-119-thread-3"                 [_thread_blocked, id=44600, stack(0x0000000401f00000,0x0000000402000000) (1024K)]
  0x000001d3233c34d0 JavaThread "pool-119-thread-4"                 [_thread_blocked, id=8104, stack(0x0000000409200000,0x0000000409300000) (1024K)]
  0x000001d3233c01a0 JavaThread "pool-119-thread-5"                 [_thread_blocked, id=52096, stack(0x0000000409400000,0x0000000409500000) (1024K)]
  0x000001d3233c2d80 JavaThread "pool-119-thread-6"                 [_thread_blocked, id=36996, stack(0x0000000407600000,0x0000000407700000) (1024K)]
  0x000001d3233c76a0 JavaThread "pool-119-thread-7"                 [_thread_blocked, id=18056, stack(0x0000000407900000,0x0000000407a00000) (1024K)]
  0x000001d3233c4370 JavaThread "pool-119-thread-8"                 [_thread_blocked, id=30268, stack(0x0000000407a00000,0x0000000407b00000) (1024K)]
  0x000001d3233a9400 JavaThread "pool-119-thread-9"                 [_thread_blocked, id=24320, stack(0x000000040ed00000,0x000000040ee00000) (1024K)]
  0x000001d3233aa2a0 JavaThread "pool-119-thread-10"                [_thread_blocked, id=19844, stack(0x000000040f800000,0x000000040f900000) (1024K)]
  0x000001d3233a76c0 JavaThread "pool-119-thread-11"                [_thread_blocked, id=49120, stack(0x0000000410100000,0x0000000410200000) (1024K)]
  0x000001d3233ab140 JavaThread "pool-119-thread-12"                [_thread_blocked, id=45776, stack(0x0000000411900000,0x0000000411a00000) (1024K)]
  0x000001d3233b0900 JavaThread "pool-119-thread-13"                [_thread_blocked, id=7740, stack(0x0000000402900000,0x0000000402a00000) (1024K)]
  0x000001d3233c08f0 JavaThread "pool-132-thread-1"                 [_thread_blocked, id=8872, stack(0x000000040b900000,0x000000040ba00000) (1024K)]
  0x000001d3233be460 JavaThread "pool-130-thread-1"                 [_thread_blocked, id=25756, stack(0x0000000405200000,0x0000000405300000) (1024K)]
  0x000001d3233a01c0 JavaThread "pool-130-thread-2"                 [_thread_blocked, id=13028, stack(0x0000000406300000,0x0000000406400000) (1024K)]
  0x000001d3233ace80 JavaThread "pool-135-thread-1"                 [_thread_blocked, id=47720, stack(0x0000000406a00000,0x0000000406b00000) (1024K)]
  0x000001d32339f320 JavaThread "pool-135-thread-2"                 [_thread_blocked, id=31276, stack(0x0000000406600000,0x0000000406700000) (1024K)]
  0x000001d3233dc700 JavaThread "pool-135-thread-3"                 [_thread_blocked, id=33244, stack(0x0000000407b00000,0x0000000407c00000) (1024K)]
  0x000001d3233a2da0 JavaThread "pool-133-thread-1"                 [_thread_blocked, id=11172, stack(0x0000000408500000,0x0000000408600000) (1024K)]
  0x000001d3233a6f70 JavaThread "pool-133-thread-2"                 [_thread_blocked, id=13600, stack(0x0000000408700000,0x0000000408800000) (1024K)]
  0x000001d3233bce70 JavaThread "pool-137-thread-1"                 [_thread_blocked, id=30088, stack(0x0000000408c00000,0x0000000408d00000) (1024K)]
  0x000001d3233a1060 JavaThread "pool-137-thread-2"                 [_thread_blocked, id=34452, stack(0x0000000408d00000,0x0000000408e00000) (1024K)]
  0x000001d3233a17b0 JavaThread "pool-137-thread-3"                 [_thread_blocked, id=49864, stack(0x0000000409100000,0x0000000409200000) (1024K)]
  0x000001d3233a60d0 JavaThread "pool-137-thread-4"                 [_thread_blocked, id=14332, stack(0x0000000409800000,0x0000000409900000) (1024K)]
  0x000001d3233a3c40 JavaThread "pool-137-thread-5"                 [_thread_blocked, id=52520, stack(0x0000000409e00000,0x0000000409f00000) (1024K)]
  0x000001d3233a34f0 JavaThread "pool-137-thread-6"                 [_thread_blocked, id=48864, stack(0x000000040a200000,0x000000040a300000) (1024K)]
  0x000001d3233a8cb0 JavaThread "pool-119-thread-14"                [_thread_blocked, id=45304, stack(0x000000040a300000,0x000000040a400000) (1024K)]
  0x000001d3233afa60 JavaThread "pool-119-thread-15"                [_thread_blocked, id=39028, stack(0x000000040a700000,0x000000040a800000) (1024K)]
  0x000001d3233ac730 JavaThread "pool-119-thread-16"                [_thread_blocked, id=48808, stack(0x000000040ad00000,0x000000040ae00000) (1024K)]
  0x000001d3233ae470 JavaThread "pool-119-thread-17"                [_thread_blocked, id=14880, stack(0x000000040ae00000,0x000000040af00000) (1024K)]
  0x000001d3233ad5d0 JavaThread "pool-119-thread-18"                [_thread_blocked, id=13760, stack(0x000000040af00000,0x000000040b000000) (1024K)]
  0x000001d3233add20 JavaThread "pool-119-thread-19"                [_thread_blocked, id=52264, stack(0x000000040b000000,0x000000040b100000) (1024K)]
  0x000001d3233b17a0 JavaThread "pool-119-thread-20"                [_thread_blocked, id=19704, stack(0x000000040b100000,0x000000040b200000) (1024K)]
  0x000001d3233b9b40 JavaThread "pool-119-thread-21"                [_thread_blocked, id=10132, stack(0x000000040b200000,0x000000040b300000) (1024K)]
  0x000001d3233c1040 JavaThread "pool-119-thread-22"                [_thread_blocked, id=14480, stack(0x000000040b300000,0x000000040b400000) (1024K)]
  0x000001d3233c5960 JavaThread "pool-119-thread-23"                [_thread_blocked, id=23688, stack(0x000000040ba00000,0x000000040bb00000) (1024K)]
  0x000001d3233c2630 JavaThread "pool-134-thread-1"                 [_thread_blocked, id=35700, stack(0x000000040a500000,0x000000040a600000) (1024K)]
  0x000001d3233c7df0 JavaThread "pool-134-thread-2"                 [_thread_blocked, id=52204, stack(0x000000040bb00000,0x000000040bc00000) (1024K)]
  0x000001d3233c60b0 JavaThread "pool-134-thread-3"                 [_thread_blocked, id=52084, stack(0x000000040bc00000,0x000000040bd00000) (1024K)]
  0x000001d3233d34c0 JavaThread "pool-134-thread-4"                 [_thread_blocked, id=44888, stack(0x000000040be00000,0x000000040bf00000) (1024K)]
  0x000001d3233d08e0 JavaThread "pool-134-thread-5"                 [_thread_blocked, id=52248, stack(0x000000040bf00000,0x000000040c000000) (1024K)]
  0x000001d3233d4360 JavaThread "pool-134-thread-6"                 [_thread_blocked, id=20308, stack(0x000000040c000000,0x000000040c100000) (1024K)]
  0x000001d3233d1030 JavaThread "pool-134-thread-7"                 [_thread_blocked, id=29964, stack(0x000000040c100000,0x000000040c200000) (1024K)]
  0x000001d3233d4ab0 JavaThread "pool-134-thread-8"                 [_thread_blocked, id=28472, stack(0x000000040c200000,0x000000040c300000) (1024K)]
  0x000001d3233d5200 JavaThread "pool-134-thread-9"                 [_thread_blocked, id=36384, stack(0x000000040c300000,0x000000040c400000) (1024K)]
  0x000001d3233d1ed0 JavaThread "pool-134-thread-10"                [_thread_blocked, id=35440, stack(0x000000040c400000,0x000000040c500000) (1024K)]
  0x000001d3233d7de0 JavaThread "pool-134-thread-11"                [_thread_blocked, id=25708, stack(0x000000040c500000,0x000000040c600000) (1024K)]
  0x000001d3233d8530 JavaThread "pool-134-thread-12"                [_thread_blocked, id=49936, stack(0x000000040c600000,0x000000040c700000) (1024K)]
  0x000001d3233d8c80 JavaThread "pool-130-thread-3"                 [_thread_blocked, id=44780, stack(0x0000000400b00000,0x0000000400c00000) (1024K)]
  0x000001d3233d6f40 JavaThread "pool-130-thread-4"                 [_thread_blocked, id=8328, stack(0x0000000405100000,0x0000000405200000) (1024K)]
  0x000001d3233bbfd0 JavaThread "pool-130-thread-5"                 [_thread_blocked, id=37688, stack(0x000000040a000000,0x000000040a100000) (1024K)]
  0x000001d3233d5950 JavaThread "pool-130-thread-6"                 [_thread_blocked, id=48760, stack(0x000000040a900000,0x000000040aa00000) (1024K)]
  0x000001d3233d60a0 JavaThread "pool-130-thread-7"                 [_thread_blocked, id=18680, stack(0x000000040aa00000,0x000000040ab00000) (1024K)]
  0x000001d3233d67f0 JavaThread "pool-130-thread-8"                 [_thread_blocked, id=20880, stack(0x000000040ac00000,0x000000040ad00000) (1024K)]
  0x000001d3233d7690 JavaThread "pool-130-thread-9"                 [_thread_blocked, id=52660, stack(0x000000040c700000,0x000000040c800000) (1024K)]
  0x000001d3233da9c0 JavaThread "pool-130-thread-10"                [_thread_blocked, id=35952, stack(0x000000040c800000,0x000000040c900000) (1024K)]
  0x000001d3233d93d0 JavaThread "pool-130-thread-11"                [_thread_blocked, id=19860, stack(0x0000000404f00000,0x0000000405000000) (1024K)]
  0x000001d3233da270 JavaThread "pool-135-thread-4"                 [_thread_blocked, id=34552, stack(0x0000000400c00000,0x0000000400d00000) (1024K)]
  0x000001d3233c1790 JavaThread "pool-135-thread-5"                 [_thread_blocked, id=52648, stack(0x0000000406f00000,0x0000000407000000) (1024K)]
  0x000001d3233c1ee0 JavaThread "pool-133-thread-3"                 [_thread_blocked, id=46800, stack(0x0000000406200000,0x0000000406300000) (1024K)]
  0x000001d3233bebb0 JavaThread "pool-137-thread-7"                 [_thread_blocked, id=8496, stack(0x0000000401000000,0x0000000401100000) (1024K)]
  0x000001d3233bd5c0 JavaThread "pool-137-thread-8"                 [_thread_blocked, id=53220, stack(0x0000000401c00000,0x0000000401d00000) (1024K)]
  0x000001d3233c5210 JavaThread "pool-137-thread-9"                 [_thread_blocked, id=24940, stack(0x0000000402100000,0x0000000402200000) (1024K)]
  0x000001d3233d2620 JavaThread "pool-137-thread-10"                [_thread_blocked, id=52452, stack(0x0000000404e00000,0x0000000404f00000) (1024K)]
  0x000001d3233dce50 JavaThread "pool-137-thread-11"                [_thread_blocked, id=11380, stack(0x0000000405300000,0x0000000405400000) (1024K)]
  0x000001d3233d9b20 JavaThread "pool-137-thread-12"                [_thread_blocked, id=6100, stack(0x0000000406900000,0x0000000406a00000) (1024K)]
  0x000001d3233dd5a0 JavaThread "pool-137-thread-13"                [_thread_blocked, id=22432, stack(0x000000040a600000,0x000000040a700000) (1024K)]
  0x000001d3233db110 JavaThread "pool-137-thread-14"                [_thread_blocked, id=46272, stack(0x000000040ab00000,0x000000040ac00000) (1024K)]
  0x000001d321f71b80 JavaThread "pool-136-thread-1"                 [_thread_blocked, id=8648, stack(0x000000040c900000,0x000000040ca00000) (1024K)]
  0x000001d321f74010 JavaThread "pool-136-thread-2"                 [_thread_blocked, id=51084, stack(0x000000040a100000,0x000000040a200000) (1024K)]
  0x000001d321f722d0 JavaThread "pool-136-thread-3"                 [_thread_blocked, id=53156, stack(0x000000040ca00000,0x000000040cb00000) (1024K)]
  0x000001d321f74760 JavaThread "pool-136-thread-4"                 [_thread_blocked, id=29468, stack(0x000000040cb00000,0x000000040cc00000) (1024K)]
  0x000001d321f74eb0 JavaThread "pool-132-thread-2"                 [_thread_blocked, id=32300, stack(0x000000040d800000,0x000000040d900000) (1024K)]
  0x000001d321f73170 JavaThread "pool-132-thread-3"                 [_thread_blocked, id=52364, stack(0x000000040de00000,0x000000040df00000) (1024K)]
  0x000001d321f75600 JavaThread "pool-132-thread-4"                 [_thread_blocked, id=32868, stack(0x000000040df00000,0x000000040e000000) (1024K)]
  0x000001d321f72a20 JavaThread "pool-132-thread-5"                 [_thread_blocked, id=41996, stack(0x000000040e200000,0x000000040e300000) (1024K)]
  0x000001d321f75d50 JavaThread "pool-132-thread-6"                 [_thread_blocked, id=10612, stack(0x000000040e600000,0x000000040e700000) (1024K)]
  0x000001d321f738c0 JavaThread "pool-132-thread-7"                 [_thread_blocked, id=13824, stack(0x000000040e900000,0x000000040ea00000) (1024K)]
  0x000001d321f7a670 JavaThread "pool-132-thread-8"                 [_thread_blocked, id=51872, stack(0x000000040ec00000,0x000000040ed00000) (1024K)]
  0x000001d321f79080 JavaThread "pool-132-thread-9"                 [_thread_blocked, id=50560, stack(0x000000040ee00000,0x000000040ef00000) (1024K)]
  0x000001d321f77a90 JavaThread "pool-132-thread-10"                [_thread_blocked, id=35896, stack(0x000000040f000000,0x000000040f100000) (1024K)]
  0x000001d321f797d0 JavaThread "pool-132-thread-11"                [_thread_blocked, id=30032, stack(0x000000040f200000,0x000000040f300000) (1024K)]
  0x000001d321f77340 JavaThread "pool-132-thread-12"                [_thread_blocked, id=52412, stack(0x000000040f300000,0x000000040f400000) (1024K)]
  0x000001d321f7d9a0 JavaThread "pool-132-thread-13"                [_thread_blocked, id=42108, stack(0x000000040f400000,0x000000040f500000) (1024K)]
  0x000001d321f7b510 JavaThread "pool-132-thread-14"                [_thread_blocked, id=26128, stack(0x000000040f500000,0x000000040f600000) (1024K)]
  0x000001d321f7f6e0 JavaThread "pool-132-thread-15"                [_thread_blocked, id=33312, stack(0x000000040f600000,0x000000040f700000) (1024K)]
  0x000001d321f7e840 JavaThread "pool-132-thread-16"                [_thread_blocked, id=42260, stack(0x000000040f700000,0x000000040f800000) (1024K)]
  0x000001d321f7ef90 JavaThread "pool-132-thread-17"                [_thread_blocked, id=49544, stack(0x000000040f900000,0x000000040fa00000) (1024K)]
  0x000001d321f7fe30 JavaThread "pool-132-thread-18"                [_thread_blocked, id=53016, stack(0x000000040fa00000,0x000000040fb00000) (1024K)]
  0x000001d321f7cb00 JavaThread "pool-132-thread-19"                [_thread_blocked, id=36592, stack(0x000000040fb00000,0x000000040fc00000) (1024K)]
  0x000001d321f83160 JavaThread "pool-132-thread-20"                [_thread_blocked, id=28592, stack(0x000000040fc00000,0x000000040fd00000) (1024K)]
  0x000001d321f838b0 JavaThread "pool-132-thread-21"                [_thread_blocked, id=28468, stack(0x000000040fd00000,0x000000040fe00000) (1024K)]
  0x000001d321f80580 JavaThread "pool-130-thread-12"                [_thread_blocked, id=16144, stack(0x000000040fe00000,0x000000040ff00000) (1024K)]
  0x000001d321f81420 JavaThread "pool-136-thread-5"                 [_thread_blocked, id=45184, stack(0x000000040ff00000,0x0000000410000000) (1024K)]
  0x000001d321f81b70 JavaThread "pool-135-thread-6"                 [_thread_blocked, id=46824, stack(0x0000000410000000,0x0000000410100000) (1024K)]
  0x000001d321f822c0 JavaThread "pool-133-thread-4"                 [_thread_blocked, id=52496, stack(0x0000000410200000,0x0000000410300000) (1024K)]
  0x000001d321f82a10 JavaThread "pool-133-thread-5"                 [_thread_blocked, id=40084, stack(0x0000000410300000,0x0000000410400000) (1024K)]
  0x000001d321f84000 JavaThread "pool-133-thread-6"                 [_thread_blocked, id=51220, stack(0x0000000411a00000,0x0000000411b00000) (1024K)]
  0x000001d321f80cd0 JavaThread "pool-133-thread-7"                 [_thread_blocked, id=20320, stack(0x0000000411b00000,0x0000000411c00000) (1024K)]
  0x000001d321f855f0 JavaThread "pool-133-thread-8"                 [_thread_blocked, id=45568, stack(0x0000000411c00000,0x0000000411d00000) (1024K)]
  0x000001d321f86490 JavaThread "pool-133-thread-9"                 [_thread_blocked, id=48228, stack(0x0000000411d00000,0x0000000411e00000) (1024K)]
  0x000001d321f86be0 JavaThread "pool-133-thread-10"                [_thread_blocked, id=4860, stack(0x0000000411e00000,0x0000000411f00000) (1024K)]
  0x000001d321f84750 JavaThread "pool-133-thread-11"                [_thread_blocked, id=29204, stack(0x0000000411f00000,0x0000000412000000) (1024K)]
  0x000001d321f84ea0 JavaThread "pool-133-thread-12"                [_thread_blocked, id=41176, stack(0x0000000412000000,0x0000000412100000) (1024K)]
  0x000001d321f88920 JavaThread "pool-130-thread-13"                [_thread_blocked, id=45296, stack(0x0000000412100000,0x0000000412200000) (1024K)]
  0x000001d321f89070 JavaThread "pool-130-thread-14"                [_thread_blocked, id=50696, stack(0x0000000412200000,0x0000000412300000) (1024K)]
  0x000001d321f85d40 JavaThread "pool-135-thread-7"                 [_thread_blocked, id=28996, stack(0x0000000412300000,0x0000000412400000) (1024K)]
  0x000001d321f8a660 JavaThread "pool-135-thread-8"                 [_thread_blocked, id=37488, stack(0x0000000412400000,0x0000000412500000) (1024K)]
  0x000001d32232ae30 JavaThread "pool-135-thread-9"                 [_thread_blocked, id=39096, stack(0x0000000412500000,0x0000000412600000) (1024K)]
  0x000001d3223289a0 JavaThread "pool-135-thread-10"                [_thread_blocked, id=23736, stack(0x0000000412600000,0x0000000412700000) (1024K)]
  0x000001d322328250 JavaThread "pool-135-thread-11"                [_thread_blocked, id=26672, stack(0x0000000412700000,0x0000000412800000) (1024K)]
  0x000001d3223290f0 JavaThread "pool-135-thread-12"                [_thread_blocked, id=5740, stack(0x0000000412800000,0x0000000412900000) (1024K)]
  0x000001d322329f90 JavaThread "pool-135-thread-13"                [_thread_blocked, id=8936, stack(0x0000000412900000,0x0000000412a00000) (1024K)]
  0x000001d32232a6e0 JavaThread "pool-135-thread-14"                [_thread_blocked, id=35348, stack(0x0000000412a00000,0x0000000412b00000) (1024K)]
  0x000001d322327b00 JavaThread "pool-135-thread-15"                [_thread_blocked, id=12616, stack(0x0000000412b00000,0x0000000412c00000) (1024K)]
  0x000001d32232b580 JavaThread "pool-135-thread-16"                [_thread_blocked, id=37436, stack(0x0000000412c00000,0x0000000412d00000) (1024K)]
  0x000001d32232c420 JavaThread "pool-135-thread-17"                [_thread_blocked, id=22444, stack(0x0000000409b00000,0x0000000409c00000) (1024K)]
  0x000001d32232cb70 JavaThread "pool-135-thread-18"                [_thread_blocked, id=25408, stack(0x0000000412d00000,0x0000000412e00000) (1024K)]
  0x000001d32232bcd0 JavaThread "pool-133-thread-13"                [_thread_blocked, id=32316, stack(0x0000000412e00000,0x0000000412f00000) (1024K)]
  0x000001d322329840 JavaThread "pool-133-thread-14"                [_thread_blocked, id=45156, stack(0x0000000412f00000,0x0000000413000000) (1024K)]
  0x000001d32232e8b0 JavaThread "pool-133-thread-15"                [_thread_blocked, id=24948, stack(0x0000000413000000,0x0000000413100000) (1024K)]
  0x000001d32232da10 JavaThread "pool-133-thread-16"                [_thread_blocked, id=47988, stack(0x0000000413100000,0x0000000413200000) (1024K)]
  0x000001d32232e160 JavaThread "pool-133-thread-17"                [_thread_blocked, id=44828, stack(0x0000000413200000,0x0000000413300000) (1024K)]
  0x000001d32232f000 JavaThread "pool-133-thread-18"                [_thread_blocked, id=31196, stack(0x000000040e700000,0x000000040e800000) (1024K)]
  0x000001d32232f750 JavaThread "pool-133-thread-19"                [_thread_blocked, id=12260, stack(0x0000000408600000,0x0000000408700000) (1024K)]
  0x000001d32232fea0 JavaThread "pool-133-thread-20"                [_thread_blocked, id=27708, stack(0x000000040e800000,0x000000040e900000) (1024K)]
  0x000001d3223305f0 JavaThread "pool-135-thread-19"                [_thread_blocked, id=38404, stack(0x0000000413300000,0x0000000413400000) (1024K)]
  0x000001d32232d2c0 JavaThread "pool-135-thread-20"                [_thread_blocked, id=30732, stack(0x0000000413400000,0x0000000413500000) (1024K)]
  0x000001d322331be0 JavaThread "pool-135-thread-21"                [_thread_blocked, id=45000, stack(0x0000000413500000,0x0000000413600000) (1024K)]
  0x000001d3223331d0 JavaThread "pool-135-thread-22"                [_thread_blocked, id=40456, stack(0x0000000413600000,0x0000000413700000) (1024K)]
  0x000001d322330d40 JavaThread "pool-135-thread-23"                [_thread_blocked, id=44784, stack(0x0000000413700000,0x0000000413800000) (1024K)]
  0x000001d3223347c0 JavaThread "pool-130-thread-15"                [_thread_blocked, id=31948, stack(0x0000000413800000,0x0000000413900000) (1024K)]
  0x000001d322334070 JavaThread "pool-130-thread-16"                [_thread_blocked, id=52572, stack(0x0000000413900000,0x0000000413a00000) (1024K)]
  0x000001d322333920 JavaThread "pool-130-thread-17"                [_thread_blocked, id=52328, stack(0x0000000413a00000,0x0000000413b00000) (1024K)]
  0x000001d322332330 JavaThread "pool-130-thread-18"                [_thread_blocked, id=36832, stack(0x0000000413b00000,0x0000000413c00000) (1024K)]
  0x000001d322331490 JavaThread "pool-130-thread-19"                [_thread_blocked, id=40388, stack(0x0000000413c00000,0x0000000413d00000) (1024K)]
  0x000001d322332a80 JavaThread "pool-130-thread-20"                [_thread_blocked, id=48216, stack(0x0000000413d00000,0x0000000413e00000) (1024K)]
  0x000001d322336c50 JavaThread "pool-130-thread-21"                [_thread_blocked, id=14268, stack(0x0000000413e00000,0x0000000413f00000) (1024K)]
  0x000001d3223373a0 JavaThread "pool-130-thread-22"                [_thread_blocked, id=28656, stack(0x0000000413f00000,0x0000000414000000) (1024K)]
  0x000001d322346c40 JavaThread "pool-130-thread-23"                [_thread_blocked, id=42168, stack(0x0000000414000000,0x0000000414100000) (1024K)]
  0x000001d3207e7fa0 JavaThread "pool-133-thread-21"                [_thread_blocked, id=36952, stack(0x000000040a400000,0x000000040a500000) (1024K)]
  0x000001d3207e9590 JavaThread "pool-133-thread-22"                [_thread_blocked, id=23452, stack(0x0000000414100000,0x0000000414200000) (1024K)]
  0x000001d3207e9ce0 JavaThread "pool-136-thread-6"                 [_thread_blocked, id=25160, stack(0x0000000414200000,0x0000000414300000) (1024K)]
  0x000001d3207e8e40 JavaThread "pool-136-thread-7"                 [_thread_blocked, id=53148, stack(0x0000000414300000,0x0000000414400000) (1024K)]
  0x000001d3207e86f0 JavaThread "pool-136-thread-8"                 [_thread_blocked, id=52352, stack(0x0000000414400000,0x0000000414500000) (1024K)]
  0x000001d3207cfc10 JavaThread "pool-133-thread-23"                [_thread_blocked, id=48636, stack(0x0000000414500000,0x0000000414600000) (1024K)]
  0x000001d3207cd780 JavaThread "pool-136-thread-9"                 [_thread_blocked, id=49516, stack(0x0000000414600000,0x0000000414700000) (1024K)]
  0x000001d3207cd030 JavaThread "pool-136-thread-10"                [_thread_blocked, id=37988, stack(0x0000000414700000,0x0000000414800000) (1024K)]
  0x000001d3207cded0 JavaThread "pool-136-thread-11"                [_thread_blocked, id=32284, stack(0x0000000414800000,0x0000000414900000) (1024K)]
  0x000001d3207ce620 JavaThread "pool-136-thread-12"                [_thread_blocked, id=22392, stack(0x0000000414900000,0x0000000414a00000) (1024K)]
  0x000001d3207ced70 JavaThread "pool-136-thread-13"                [_thread_blocked, id=52728, stack(0x0000000414a00000,0x0000000414b00000) (1024K)]
  0x000001d3207d2f40 JavaThread "pool-136-thread-14"                [_thread_blocked, id=20936, stack(0x0000000414b00000,0x0000000414c00000) (1024K)]
  0x000001d3207d3690 JavaThread "pool-136-thread-15"                [_thread_blocked, id=33928, stack(0x0000000414c00000,0x0000000414d00000) (1024K)]
  0x000001d3207d3de0 JavaThread "pool-136-thread-16"                [_thread_blocked, id=45648, stack(0x0000000414d00000,0x0000000414e00000) (1024K)]
  0x000001d3207d27f0 JavaThread "pool-136-thread-17"                [_thread_blocked, id=36724, stack(0x0000000414e00000,0x0000000414f00000) (1024K)]
  0x000001d3207d6270 JavaThread "pool-136-thread-18"                [_thread_blocked, id=42752, stack(0x0000000414f00000,0x0000000415000000) (1024K)]
  0x000001d3207d7860 JavaThread "pool-136-thread-19"                [_thread_blocked, id=1864, stack(0x0000000415000000,0x0000000415100000) (1024K)]
  0x000001d3207d4530 JavaThread "pool-136-thread-20"                [_thread_blocked, id=40280, stack(0x0000000415100000,0x0000000415200000) (1024K)]
  0x000001d3207d4c80 JavaThread "pool-136-thread-21"                [_thread_blocked, id=34364, stack(0x0000000415200000,0x0000000415300000) (1024K)]
  0x000001d3207db2e0 JavaThread "pool-136-thread-22"                [_thread_blocked, id=46768, stack(0x0000000415300000,0x0000000415400000) (1024K)]
  0x000001d3207ded60 JavaThread "pool-136-thread-23"                [_thread_blocked, id=13504, stack(0x0000000415400000,0x0000000415500000) (1024K)]
  0x000001d3207dc180 JavaThread "pool-138-thread-1"                 [_thread_blocked, id=996, stack(0x0000000415500000,0x0000000415600000) (1024K)]
  0x000001d3207e53c0 JavaThread "pool-138-thread-2"                 [_thread_blocked, id=46084, stack(0x0000000415600000,0x0000000415700000) (1024K)]
  0x000001d3207e4c70 JavaThread "pool-138-thread-3"                 [_thread_blocked, id=39052, stack(0x0000000415700000,0x0000000415800000) (1024K)]
  0x000001d3207e3680 JavaThread "pool-138-thread-4"                 [_thread_blocked, id=49228, stack(0x0000000415800000,0x0000000415900000) (1024K)]
  0x000001d3207e2090 JavaThread "pool-138-thread-5"                 [_thread_blocked, id=3168, stack(0x0000000415900000,0x0000000415a00000) (1024K)]
  0x000001d3207e5b10 JavaThread "pool-138-thread-6"                 [_thread_blocked, id=22884, stack(0x0000000415a00000,0x0000000415b00000) (1024K)]
  0x000001d3207e7850 JavaThread "pool-138-thread-7"                 [_thread_blocked, id=14596, stack(0x0000000415b00000,0x0000000415c00000) (1024K)]
  0x000001d3207e6260 JavaThread "pool-138-thread-8"                 [_thread_blocked, id=33372, stack(0x0000000415c00000,0x0000000415d00000) (1024K)]
  0x000001d3207e69b0 JavaThread "pool-138-thread-9"                 [_thread_blocked, id=9420, stack(0x0000000415d00000,0x0000000415e00000) (1024K)]
  0x000001d3207e7100 JavaThread "pool-139-thread-1"                 [_thread_blocked, id=16916, stack(0x0000000415e00000,0x0000000415f00000) (1024K)]
  0x000001d320c29dc0 JavaThread "pool-139-thread-2"                 [_thread_blocked, id=45724, stack(0x0000000415f00000,0x0000000416000000) (1024K)]
  0x000001d320c26a90 JavaThread "pool-139-thread-3"                 [_thread_blocked, id=13376, stack(0x0000000416000000,0x0000000416100000) (1024K)]
  0x000001d320c2d840 JavaThread "pool-139-thread-4"                 [_thread_blocked, id=5612, stack(0x0000000416100000,0x0000000416200000) (1024K)]
  0x000001d320c2bb00 JavaThread "pool-139-thread-5"                 [_thread_blocked, id=12332, stack(0x0000000416200000,0x0000000416300000) (1024K)]
  0x000001d320c2ee30 JavaThread "pool-139-thread-6"                 [_thread_blocked, id=13444, stack(0x0000000416300000,0x0000000416400000) (1024K)]
  0x000001d320c2fcd0 JavaThread "pool-139-thread-7"                 [_thread_blocked, id=37604, stack(0x0000000416400000,0x0000000416500000) (1024K)]
  0x000001d320c2df90 JavaThread "pool-139-thread-8"                 [_thread_blocked, id=42456, stack(0x0000000416500000,0x0000000416600000) (1024K)]
  0x000001d320c2c9a0 JavaThread "pool-139-thread-9"                 [_thread_blocked, id=43200, stack(0x0000000416600000,0x0000000416700000) (1024K)]
  0x000001d320c30b70 JavaThread "pool-139-thread-10"                [_thread_blocked, id=22764, stack(0x0000000416700000,0x0000000416800000) (1024K)]
  0x000001d320c31a10 JavaThread "pool-139-thread-11"                [_thread_blocked, id=43268, stack(0x0000000416800000,0x0000000416900000) (1024K)]
  0x000001d320c312c0 JavaThread "pool-139-thread-12"                [_thread_blocked, id=9280, stack(0x0000000416900000,0x0000000416a00000) (1024K)]
  0x000001d320c32160 JavaThread "pool-139-thread-13"                [_thread_blocked, id=53020, stack(0x0000000416a00000,0x0000000416b00000) (1024K)]
  0x000001d320c328b0 JavaThread "pool-139-thread-14"                [_thread_blocked, id=43240, stack(0x0000000416b00000,0x0000000416c00000) (1024K)]
  0x000001d320c2f580 JavaThread "pool-139-thread-15"                [_thread_blocked, id=31868, stack(0x0000000416c00000,0x0000000416d00000) (1024K)]
  0x000001d320c36330 JavaThread "pool-139-thread-16"                [_thread_blocked, id=5196, stack(0x0000000416d00000,0x0000000416e00000) (1024K)]
  0x000001d320c33000 JavaThread "pool-140-thread-1"                 [_thread_blocked, id=44816, stack(0x0000000416e00000,0x0000000416f00000) (1024K)]
  0x000001d320c36a80 JavaThread "pool-139-thread-17"                [_thread_blocked, id=20288, stack(0x0000000416f00000,0x0000000417000000) (1024K)]
  0x000001d320c345f0 JavaThread "pool-139-thread-18"                [_thread_blocked, id=41904, stack(0x0000000417000000,0x0000000417100000) (1024K)]
  0x000001d320c33750 JavaThread "pool-139-thread-19"                [_thread_blocked, id=21592, stack(0x0000000417100000,0x0000000417200000) (1024K)]
  0x000001d320c371d0 JavaThread "pool-139-thread-20"                [_thread_blocked, id=38068, stack(0x0000000417200000,0x0000000417300000) (1024K)]
  0x000001d320c33ea0 JavaThread "pool-139-thread-21"                [_thread_blocked, id=46436, stack(0x0000000417300000,0x0000000417400000) (1024K)]
  0x000001d320c37920 JavaThread "pool-139-thread-22"                [_thread_blocked, id=22040, stack(0x0000000417400000,0x0000000417500000) (1024K)]
  0x000001d320c38070 JavaThread "pool-139-thread-23"                [_thread_blocked, id=32840, stack(0x0000000417500000,0x0000000417600000) (1024K)]
  0x000001d320c34d40 JavaThread "pool-140-thread-2"                 [_thread_blocked, id=29692, stack(0x0000000417600000,0x0000000417700000) (1024K)]
  0x000001d320c387c0 JavaThread "pool-140-thread-3"                 [_thread_blocked, id=28992, stack(0x0000000408a00000,0x0000000408b00000) (1024K)]
  0x000001d320c35490 JavaThread "pool-140-thread-4"                 [_thread_blocked, id=31408, stack(0x0000000407e00000,0x0000000407f00000) (1024K)]
  0x000001d320c35be0 JavaThread "pool-141-thread-1"                 [_thread_blocked, id=50928, stack(0x0000000400f00000,0x0000000401000000) (1024K)]
  0x000001d320c38f10 JavaThread "pool-141-thread-2"                 [_thread_blocked, id=35988, stack(0x0000000401300000,0x0000000401400000) (1024K)]
  0x000001d320c3c990 JavaThread "pool-141-thread-3"                 [_thread_blocked, id=14432, stack(0x0000000401500000,0x0000000401600000) (1024K)]
  0x000001d320c3ac50 JavaThread "pool-141-thread-4"                 [_thread_blocked, id=41172, stack(0x0000000401800000,0x0000000401900000) (1024K)]
  0x000001d320c3b3a0 JavaThread "pool-141-thread-5"                 [_thread_blocked, id=1848, stack(0x0000000401d00000,0x0000000401e00000) (1024K)]
  0x000001d320c39660 JavaThread "pool-141-thread-6"                 [_thread_blocked, id=2560, stack(0x0000000401e00000,0x0000000401f00000) (1024K)]
Total: 508

Other Threads:
=>0x000001cab79333d0 VMThread "VM Thread"                           [id=31348, stack(0x000000045ab00000,0x000000045ac00000) (1024K)]
  0x000001d2d6c51b10 WatcherThread "VM Periodic Task Thread"        [id=32932, stack(0x000000045aa00000,0x000000045ab00000) (1024K)]
  0x000001ca9ef9add0 WorkerThread "GC Thread#0"                     [id=2484, stack(0x000000045a500000,0x000000045a600000) (1024K)]
  0x000001d31c94aa10 WorkerThread "GC Thread#1"                     [id=40236, stack(0x000000045c600000,0x000000045c700000) (1024K)]
  0x000001d31c94adc0 WorkerThread "GC Thread#2"                     [id=38464, stack(0x000000045c700000,0x000000045c800000) (1024K)]
  0x000001d31c94b170 WorkerThread "GC Thread#3"                     [id=22160, stack(0x000000045c800000,0x000000045c900000) (1024K)]
  0x000001d31c94b520 WorkerThread "GC Thread#4"                     [id=41316, stack(0x000000045c900000,0x000000045ca00000) (1024K)]
  0x000001d31c94e8f0 WorkerThread "GC Thread#5"                     [id=13216, stack(0x000000045ca00000,0x000000045cb00000) (1024K)]
  0x000001d31c94eca0 WorkerThread "GC Thread#6"                     [id=36716, stack(0x000000045cb00000,0x000000045cc00000) (1024K)]
  0x000001d31c950b20 WorkerThread "GC Thread#7"                     [id=23128, stack(0x000000045cc00000,0x000000045cd00000) (1024K)]
  0x000001d31c950010 WorkerThread "GC Thread#8"                     [id=9596, stack(0x000000045cd00000,0x000000045ce00000) (1024K)]
  0x000001d31c951280 WorkerThread "GC Thread#9"                     [id=27664, stack(0x000000045ce00000,0x000000045cf00000) (1024K)]
  0x000001d31c9503c0 WorkerThread "GC Thread#10"                    [id=7112, stack(0x000000045cf00000,0x000000045d000000) (1024K)]
  0x000001d31c950ed0 WorkerThread "GC Thread#11"                    [id=46072, stack(0x000000045d000000,0x000000045d100000) (1024K)]
  0x000001d31c950770 WorkerThread "GC Thread#12"                    [id=32296, stack(0x000000045d100000,0x000000045d200000) (1024K)]
  0x000001d31c94f8b0 WorkerThread "GC Thread#13"                    [id=50640, stack(0x000000045d200000,0x000000045d300000) (1024K)]
  0x000001d31c94fc60 WorkerThread "GC Thread#14"                    [id=33984, stack(0x000000045d300000,0x000000045d400000) (1024K)]
  0x000001d31ca059e0 WorkerThread "GC Thread#15"                    [id=6788, stack(0x000000045d400000,0x000000045d500000) (1024K)]
  0x000001d31ca068a0 WorkerThread "GC Thread#16"                    [id=48776, stack(0x000000045d500000,0x000000045d600000) (1024K)]
  0x000001d31ca05630 WorkerThread "GC Thread#17"                    [id=3384, stack(0x000000045d600000,0x000000045d700000) (1024K)]
  0x000001ca9ef9be80 ConcurrentGCThread "G1 Main Marker"            [id=34908, stack(0x000000045a600000,0x000000045a700000) (1024K)]
  0x000001ca9ef9d130 WorkerThread "G1 Conc#0"                       [id=29464, stack(0x000000045a700000,0x000000045a800000) (1024K)]
  0x000001d31ca07760 WorkerThread "G1 Conc#1"                       [id=12088, stack(0x0000000463000000,0x0000000463100000) (1024K)]
  0x000001d31ca07ec0 WorkerThread "G1 Conc#2"                       [id=32480, stack(0x0000000464700000,0x0000000464800000) (1024K)]
  0x000001d31ca064f0 WorkerThread "G1 Conc#3"                       [id=40904, stack(0x0000000466000000,0x0000000466100000) (1024K)]
  0x000001d31ca073b0 WorkerThread "G1 Conc#4"                       [id=48344, stack(0x0000000466400000,0x0000000466500000) (1024K)]
  0x000001cab7862ca0 ConcurrentGCThread "G1 Refine#0"               [id=45544, stack(0x000000045a800000,0x000000045a900000) (1024K)]
  0x000001d31e403070 ConcurrentGCThread "G1 Refine#1"               [id=37932, stack(0x0000000461800000,0x0000000461900000) (1024K)]
  0x000001d31e400df0 ConcurrentGCThread "G1 Refine#2"               [id=10712, stack(0x0000000462e00000,0x0000000462f00000) (1024K)]
  0x000001cab78656e0 ConcurrentGCThread "G1 Service"                [id=46672, stack(0x000000045a900000,0x000000045aa00000) (1024K)]
Total: 30

Threads with active compile tasks:
C2 CompilerThread0  12412 5126       4       com.jpexs.decompiler.flash.exporters.script.DependencyParser::parseDependenciesFromMethodInfo (1101 bytes)
C1 CompilerThread1  12412 5140       3       com.jpexs.decompiler.graph.GraphTargetItem::getResultAsBoolean (11 bytes)
C2 CompilerThread1  12412 5101       4       com.jpexs.decompiler.flash.abc.avm2.instructions.localregs.SetLocalTypeIns::translate (689 bytes)
C1 CompilerThread3  12412 5141       2       com.jpexs.decompiler.flash.ecma.EcmaScript::toNumberAs2 (43 bytes)
C2 CompilerThread2  12412 5123       4       com.jpexs.decompiler.flash.abc.avm2.instructions.stack.PushScopeIns::translate (161 bytes)
C2 CompilerThread3  12412 5108       4       com.jpexs.decompiler.flash.abc.avm2.deobfuscation.AVM2DeobfuscatorSimpleOld::executeInstructions (1961 bytes)
C2 CompilerThread4  12412 4925       4       com.jpexs.decompiler.graph.precontinues.GraphPrecontinueDetector::checkIfs (950 bytes)
C2 CompilerThread5  12412 5139       4       com.jpexs.decompiler.flash.abc.avm2.AVM2ConstantPool::getNamespaceId (65 bytes)
C2 CompilerThread6  12412 4922 %     4       com.jpexs.decompiler.flash.abc.types.traits.Trait::writeImports @ 60 (1417 bytes)
C2 CompilerThread7  12412 5138   !   4       com.jpexs.decompiler.flash.helpers.StreamTextWriter::writeToOutputStream (58 bytes)
Total: 10

VM state: at safepoint (normal execution)

VM Mutex/Monitor currently owned by a thread:  ([mutex/lock_event])
[0x00007ff918bb4230] ThreadsLockThrottle_lock - owner thread: 0x000001d322343910
[0x00007ff918bb44b0] Threads_lock - owner thread: 0x000001cab79333d0
[0x00007ff918bb45b0] Heap_lock - owner thread: 0x000001d321f8c3a0

CDS archive(s) mapped at: [0x000001d2d7000000-0x000001d2d7d40000-0x000001d2d7d40000), size 13893632, SharedBaseAddress: 0x000001d2d7000000, ArchiveRelocationMode: 1.
Compressed class space mapped at: 0x000001d2d8000000-0x000001d318000000, reserved size: 1073741824
UseCompressedClassPointers 1, UseCompactObjectHeaders 0
Narrow klass pointer bits 32, Max shift 3
Narrow klass base: 0x000001d2d7000000, Narrow klass shift: 0
Encoding Range: [0x000001d2d7000000 - 0x000001d3d7000000), (4294967296 bytes)
Klass Range:    [0x000001d2d7000000 - 0x000001d318000000), (1090519040 bytes)
Klass ID Range:  [8 - 1090519033) (1090519025)

GC Precious Log:
 CardTable entry size: 512
 Card Set container configuration: InlinePtr #cards 3 size 8 Array Of Cards #cards 128 size 272 Howl #buckets 8 coarsen threshold 29491 Howl Bitmap #cards 4096 size 528 coarsen threshold 3686 Card regions per heap region 1 cards per card region 32768
 CPUs: 24 total, 24 available
 Memory: 32693M
 Large Page Support: Disabled
 NUMA Support: Disabled
 Compressed Oops: Disabled
 Heap Region Size: 16M
 Heap Min Capacity: 16M
 Heap Initial Capacity: 512M
 Heap Max Capacity: 32704M
 Pre-touch: Disabled
 Parallel Workers: 18
 Concurrent Workers: 5
 Concurrent Refinement Workers: 18
 Periodic GC: Disabled

Heap:
 garbage-first heap   total reserved 33488896K, committed 8454144K, used 2098291K [0x000001cab8000000, 0x000001d2b4000000)
  region size 16384K, 13 young (212992K), 13 survivors (212992K)
 Metaspace       used 14172K, committed 14272K, reserved 1114112K
  class space    used 1235K, committed 1280K, reserved 1048576K

Heap Regions: E=young(eden), S=young(survivor), O=old, HS=humongous(starts), HC=humongous(continues), CS=collection set, F=free, TAMS=top-at-mark-start, PB=parsable bottom
|   0|0x000001cab8000000, 0x000001cab8ffffb0, 0x000001cab9000000| 99%| O|  |TAMS 0x000001cab8000000| PB 0x000001cab8000000| Untracked |  0
|   1|0x000001cab9000000, 0x000001cab9fffff0, 0x000001caba000000| 99%| O|  |TAMS 0x000001cab9000000| PB 0x000001cab9000000| Untracked |  0
|   2|0x000001caba000000, 0x000001cabaffffd0, 0x000001cabb000000| 99%| O|  |TAMS 0x000001caba000000| PB 0x000001caba000000| Untracked |  0
|   3|0x000001cabb000000, 0x000001cabbffffb8, 0x000001cabc000000| 99%| O|  |TAMS 0x000001cabb000000| PB 0x000001cabb000000| Untracked |  0
|   4|0x000001cabc000000, 0x000001cabd000000, 0x000001cabd000000|100%| O|  |TAMS 0x000001cabc000000| PB 0x000001cabc000000| Untracked |  0
|   5|0x000001cabd000000, 0x000001cabdfff910, 0x000001cabe000000| 99%| O|  |TAMS 0x000001cabd000000| PB 0x000001cabd000000| Untracked |  0
|   6|0x000001cabe000000, 0x000001cabefffff0, 0x000001cabf000000| 99%| O|  |TAMS 0x000001cabe000000| PB 0x000001cabe000000| Untracked |  0
|   7|0x000001cabf000000, 0x000001cabfffffe0, 0x000001cac0000000| 99%| O|  |TAMS 0x000001cabf000000| PB 0x000001cabf000000| Untracked |  0
|   8|0x000001cac0000000, 0x000001cac0ff9b00, 0x000001cac1000000| 99%| O|  |TAMS 0x000001cac0000000| PB 0x000001cac0000000| Untracked |  0
|   9|0x000001cac1000000, 0x000001cac1ffffc0, 0x000001cac2000000| 99%| O|  |TAMS 0x000001cac1000000| PB 0x000001cac1000000| Untracked |  0
|  10|0x000001cac2000000, 0x000001cac2ffffe0, 0x000001cac3000000| 99%| O|  |TAMS 0x000001cac2000000| PB 0x000001cac2000000| Untracked |  0
|  11|0x000001cac3000000, 0x000001cac3fffff8, 0x000001cac4000000| 99%| O|  |TAMS 0x000001cac3000000| PB 0x000001cac3000000| Untracked |  0
|  12|0x000001cac4000000, 0x000001cac4ffffa8, 0x000001cac5000000| 99%| O|  |TAMS 0x000001cac4000000| PB 0x000001cac4000000| Untracked |  0
|  13|0x000001cac5000000, 0x000001cac5fffff0, 0x000001cac6000000| 99%| O|  |TAMS 0x000001cac5000000| PB 0x000001cac5000000| Untracked |  0
|  14|0x000001cac6000000, 0x000001cac6ffffa8, 0x000001cac7000000| 99%| O|  |TAMS 0x000001cac6000000| PB 0x000001cac6000000| Untracked |  0
|  15|0x000001cac7000000, 0x000001cac8000000, 0x000001cac8000000|100%| O|  |TAMS 0x000001cac7000000| PB 0x000001cac7000000| Untracked |  0
|  16|0x000001cac8000000, 0x000001cac8ffffe8, 0x000001cac9000000| 99%| O|  |TAMS 0x000001cac8000000| PB 0x000001cac8000000| Untracked |  0
|  17|0x000001cac9000000, 0x000001caca000000, 0x000001caca000000|100%| O|  |TAMS 0x000001cac9000000| PB 0x000001cac9000000| Untracked |  0
|  18|0x000001caca000000, 0x000001cacb000000, 0x000001cacb000000|100%| O|  |TAMS 0x000001caca000000| PB 0x000001caca000000| Untracked |  0
|  19|0x000001cacb000000, 0x000001cacbffffc8, 0x000001cacc000000| 99%| O|  |TAMS 0x000001cacb000000| PB 0x000001cacb000000| Untracked |  0
|  20|0x000001cacc000000, 0x000001caccfffff0, 0x000001cacd000000| 99%| O|  |TAMS 0x000001cacc000000| PB 0x000001cacc000000| Untracked |  0
|  21|0x000001cacd000000, 0x000001cacdcee4c0, 0x000001cace000000| 80%| O|  |TAMS 0x000001cacd000000| PB 0x000001cacd000000| Untracked |  0
|  22|0x000001cace000000, 0x000001cacefffff0, 0x000001cacf000000| 99%| O|  |TAMS 0x000001cace000000| PB 0x000001cace000000| Untracked |  0
|  23|0x000001cacf000000, 0x000001cacfffffe0, 0x000001cad0000000| 99%| O|  |TAMS 0x000001cacf000000| PB 0x000001cacf000000| Untracked |  0
|  24|0x000001cad0000000, 0x000001cad0fffff0, 0x000001cad1000000| 99%| O|  |TAMS 0x000001cad0000000| PB 0x000001cad0000000| Untracked |  0
|  25|0x000001cad1000000, 0x000001cad2000000, 0x000001cad2000000|100%| O|  |TAMS 0x000001cad1000000| PB 0x000001cad1000000| Untracked |  0
|  26|0x000001cad2000000, 0x000001cad2fffff0, 0x000001cad3000000| 99%| O|  |TAMS 0x000001cad2000000| PB 0x000001cad2000000| Untracked |  0
|  27|0x000001cad3000000, 0x000001cad3ffffa8, 0x000001cad4000000| 99%| O|  |TAMS 0x000001cad3000000| PB 0x000001cad3000000| Untracked |  0
|  28|0x000001cad4000000, 0x000001cad4fffff8, 0x000001cad5000000| 99%| O|  |TAMS 0x000001cad4000000| PB 0x000001cad4000000| Untracked |  0
|  29|0x000001cad5000000, 0x000001cad5efcd18, 0x000001cad6000000| 93%| O|  |TAMS 0x000001cad5000000| PB 0x000001cad5000000| Untracked |  0
|  30|0x000001cad6000000, 0x000001cad6fffff0, 0x000001cad7000000| 99%| O|  |TAMS 0x000001cad6000000| PB 0x000001cad6000000| Untracked |  0
|  31|0x000001cad7000000, 0x000001cad7bec4a8, 0x000001cad8000000| 74%| O|  |TAMS 0x000001cad7000000| PB 0x000001cad7000000| Untracked |  0
|  32|0x000001cad8000000, 0x000001cad89e29b0, 0x000001cad9000000| 61%| O|  |TAMS 0x000001cad8000000| PB 0x000001cad8000000| Untracked |  0
|  33|0x000001cad9000000, 0x000001cad9ffffd8, 0x000001cada000000| 99%| O|  |TAMS 0x000001cad9000000| PB 0x000001cad9000000| Untracked |  0
|  34|0x000001cada000000, 0x000001cadab90860, 0x000001cadb000000| 72%| O|  |TAMS 0x000001cada000000| PB 0x000001cada000000| Untracked |  0
|  35|0x000001cadb000000, 0x000001cadb69b610, 0x000001cadc000000| 41%| O|  |TAMS 0x000001cadb000000| PB 0x000001cadb000000| Untracked |  0
|  36|0x000001cadc000000, 0x000001cadc213ad0, 0x000001cadd000000| 12%| O|  |TAMS 0x000001cadc000000| PB 0x000001cadc000000| Untracked |  0
|  37|0x000001cadd000000, 0x000001cadd4666b8, 0x000001cade000000| 27%| O|  |TAMS 0x000001cadd000000| PB 0x000001cadd000000| Untracked |  0
|  38|0x000001cade000000, 0x000001cade1c3ae8, 0x000001cadf000000| 11%| O|  |TAMS 0x000001cade000000| PB 0x000001cade000000| Untracked |  0
|  39|0x000001cadf000000, 0x000001cae0000000, 0x000001cae0000000|100%| O|  |TAMS 0x000001cadf000000| PB 0x000001cadf000000| Untracked |  0
|  40|0x000001cae0000000, 0x000001cae0918470, 0x000001cae1000000| 56%| O|  |TAMS 0x000001cae0000000| PB 0x000001cae0000000| Untracked |  0
|  41|0x000001cae1000000, 0x000001cae2000000, 0x000001cae2000000|100%| O|  |TAMS 0x000001cae1000000| PB 0x000001cae1000000| Untracked |  0
|  42|0x000001cae2000000, 0x000001cae2fffff8, 0x000001cae3000000| 99%| O|  |TAMS 0x000001cae2000000| PB 0x000001cae2000000| Untracked |  0
|  43|0x000001cae3000000, 0x000001cae3fffff8, 0x000001cae4000000| 99%| O|  |TAMS 0x000001cae3000000| PB 0x000001cae3000000| Untracked |  0
|  44|0x000001cae4000000, 0x000001cae4ffffc0, 0x000001cae5000000| 99%| O|  |TAMS 0x000001cae4000000| PB 0x000001cae4000000| Untracked |  0
|  45|0x000001cae5000000, 0x000001cae5c9c4a0, 0x000001cae6000000| 78%| O|  |TAMS 0x000001cae5000000| PB 0x000001cae5000000| Untracked |  0
|  46|0x000001cae6000000, 0x000001cae6997f50, 0x000001cae7000000| 59%| O|  |TAMS 0x000001cae6000000| PB 0x000001cae6000000| Untracked |  0
|  47|0x000001cae7000000, 0x000001cae8000000, 0x000001cae8000000|100%| O|  |TAMS 0x000001cae7000000| PB 0x000001cae7000000| Untracked |  0
|  48|0x000001cae8000000, 0x000001cae8f28750, 0x000001cae9000000| 94%| O|  |TAMS 0x000001cae8000000| PB 0x000001cae8000000| Untracked |  0
|  49|0x000001cae9000000, 0x000001caea000000, 0x000001caea000000|100%| O|  |TAMS 0x000001cae9000000| PB 0x000001cae9000000| Untracked |  0
|  50|0x000001caea000000, 0x000001caeb000000, 0x000001caeb000000|100%| O|  |TAMS 0x000001caea000000| PB 0x000001caea000000| Untracked |  0
|  51|0x000001caeb000000, 0x000001caeb017d58, 0x000001caec000000|  0%| O|  |TAMS 0x000001caeb000000| PB 0x000001caeb000000| Untracked |  0
|  52|0x000001caec000000, 0x000001caed000000, 0x000001caed000000|100%| O|  |TAMS 0x000001caec000000| PB 0x000001caec000000| Untracked |  0
|  53|0x000001caed000000, 0x000001caee000000, 0x000001caee000000|100%| O|  |TAMS 0x000001caed000000| PB 0x000001caed000000| Untracked |  0
|  54|0x000001caee000000, 0x000001caef000000, 0x000001caef000000|100%| O|  |TAMS 0x000001caee000000| PB 0x000001caee000000| Untracked |  0
|  55|0x000001caef000000, 0x000001caf0000000, 0x000001caf0000000|100%| O|  |TAMS 0x000001caef000000| PB 0x000001caef000000| Untracked |  0
|  56|0x000001caf0000000, 0x000001caf1000000, 0x000001caf1000000|100%| O|  |TAMS 0x000001caf0000000| PB 0x000001caf0000000| Untracked |  0
|  57|0x000001caf1000000, 0x000001caf2000000, 0x000001caf2000000|100%| O|  |TAMS 0x000001caf1000000| PB 0x000001caf1000000| Untracked |  0
|  58|0x000001caf2000000, 0x000001caf3000000, 0x000001caf3000000|100%| O|  |TAMS 0x000001caf2000000| PB 0x000001caf2000000| Untracked |  0
|  59|0x000001caf3000000, 0x000001caf3597df8, 0x000001caf4000000| 34%| O|  |TAMS 0x000001caf3000000| PB 0x000001caf3000000| Untracked |  0
|  60|0x000001caf4000000, 0x000001caf49d3278, 0x000001caf5000000| 61%| O|  |TAMS 0x000001caf4000000| PB 0x000001caf4000000| Untracked |  0
|  61|0x000001caf5000000, 0x000001caf5e340e8, 0x000001caf6000000| 88%| O|  |TAMS 0x000001caf5000000| PB 0x000001caf5000000| Untracked |  0
|  62|0x000001caf6000000, 0x000001caf68d44b8, 0x000001caf7000000| 55%| O|  |TAMS 0x000001caf6000000| PB 0x000001caf6000000| Untracked |  0
|  63|0x000001caf7000000, 0x000001caf8000000, 0x000001caf8000000|100%| O|  |TAMS 0x000001caf7000000| PB 0x000001caf7000000| Untracked |  0
|  64|0x000001caf8000000, 0x000001caf9000000, 0x000001caf9000000|100%| O|  |TAMS 0x000001caf8000000| PB 0x000001caf8000000| Untracked |  0
|  65|0x000001caf9000000, 0x000001cafa000000, 0x000001cafa000000|100%| O|  |TAMS 0x000001caf9000000| PB 0x000001caf9000000| Untracked |  0
|  66|0x000001cafa000000, 0x000001cafb000000, 0x000001cafb000000|100%| O|  |TAMS 0x000001cafa000000| PB 0x000001cafa000000| Untracked |  0
|  67|0x000001cafb000000, 0x000001cafc000000, 0x000001cafc000000|100%| O|  |TAMS 0x000001cafb000000| PB 0x000001cafb000000| Untracked |  0
|  68|0x000001cafc000000, 0x000001cafd000000, 0x000001cafd000000|100%| O|  |TAMS 0x000001cafc000000| PB 0x000001cafc000000| Untracked |  0
|  69|0x000001cafd000000, 0x000001cafe000000, 0x000001cafe000000|100%| O|  |TAMS 0x000001cafd000000| PB 0x000001cafd000000| Untracked |  0
|  70|0x000001cafe000000, 0x000001caff000000, 0x000001caff000000|100%| O|  |TAMS 0x000001cafe000000| PB 0x000001cafe000000| Untracked |  0
|  71|0x000001caff000000, 0x000001cb00000000, 0x000001cb00000000|100%| O|  |TAMS 0x000001caff000000| PB 0x000001caff000000| Untracked |  0
|  72|0x000001cb00000000, 0x000001cb01000000, 0x000001cb01000000|100%| O|  |TAMS 0x000001cb00000000| PB 0x000001cb00000000| Untracked |  0
|  73|0x000001cb01000000, 0x000001cb02000000, 0x000001cb02000000|100%| O|  |TAMS 0x000001cb01000000| PB 0x000001cb01000000| Untracked |  0
|  74|0x000001cb02000000, 0x000001cb03000000, 0x000001cb03000000|100%| O|  |TAMS 0x000001cb02000000| PB 0x000001cb02000000| Untracked |  0
|  75|0x000001cb03000000, 0x000001cb04000000, 0x000001cb04000000|100%| O|  |TAMS 0x000001cb03000000| PB 0x000001cb03000000| Untracked |  0
|  76|0x000001cb04000000, 0x000001cb05000000, 0x000001cb05000000|100%| O|  |TAMS 0x000001cb04000000| PB 0x000001cb04000000| Untracked |  0
|  77|0x000001cb05000000, 0x000001cb06000000, 0x000001cb06000000|100%| O|  |TAMS 0x000001cb05000000| PB 0x000001cb05000000| Untracked |  0
|  78|0x000001cb06000000, 0x000001cb07000000, 0x000001cb07000000|100%| O|  |TAMS 0x000001cb06000000| PB 0x000001cb06000000| Untracked |  0
|  79|0x000001cb07000000, 0x000001cb08000000, 0x000001cb08000000|100%| O|  |TAMS 0x000001cb07000000| PB 0x000001cb07000000| Untracked |  0
|  80|0x000001cb08000000, 0x000001cb09000000, 0x000001cb09000000|100%| O|  |TAMS 0x000001cb08000000| PB 0x000001cb08000000| Untracked |  0
|  81|0x000001cb09000000, 0x000001cb0a000000, 0x000001cb0a000000|100%| O|  |TAMS 0x000001cb09000000| PB 0x000001cb09000000| Untracked |  0
|  82|0x000001cb0a000000, 0x000001cb0b000000, 0x000001cb0b000000|100%| O|  |TAMS 0x000001cb0a000000| PB 0x000001cb0a000000| Untracked |  0
|  83|0x000001cb0b000000, 0x000001cb0c000000, 0x000001cb0c000000|100%| O|  |TAMS 0x000001cb0b000000| PB 0x000001cb0b000000| Untracked |  0
|  84|0x000001cb0c000000, 0x000001cb0d000000, 0x000001cb0d000000|100%| O|  |TAMS 0x000001cb0c000000| PB 0x000001cb0c000000| Untracked |  0
|  85|0x000001cb0d000000, 0x000001cb0e000000, 0x000001cb0e000000|100%| O|  |TAMS 0x000001cb0d000000| PB 0x000001cb0d000000| Untracked |  0
|  86|0x000001cb0e000000, 0x000001cb0f000000, 0x000001cb0f000000|100%| O|  |TAMS 0x000001cb0e000000| PB 0x000001cb0e000000| Untracked |  0
|  87|0x000001cb0f000000, 0x000001cb10000000, 0x000001cb10000000|100%| O|  |TAMS 0x000001cb0f000000| PB 0x000001cb0f000000| Untracked |  0
|  88|0x000001cb10000000, 0x000001cb11000000, 0x000001cb11000000|100%| O|  |TAMS 0x000001cb10000000| PB 0x000001cb10000000| Untracked |  0
|  89|0x000001cb11000000, 0x000001cb12000000, 0x000001cb12000000|100%| O|  |TAMS 0x000001cb11000000| PB 0x000001cb11000000| Untracked |  0
|  90|0x000001cb12000000, 0x000001cb13000000, 0x000001cb13000000|100%| O|  |TAMS 0x000001cb12000000| PB 0x000001cb12000000| Untracked |  0
|  91|0x000001cb13000000, 0x000001cb14000000, 0x000001cb14000000|100%| O|  |TAMS 0x000001cb13000000| PB 0x000001cb13000000| Untracked |  0
|  92|0x000001cb14000000, 0x000001cb15000000, 0x000001cb15000000|100%| O|  |TAMS 0x000001cb14000000| PB 0x000001cb14000000| Untracked |  0
|  93|0x000001cb15000000, 0x000001cb16000000, 0x000001cb16000000|100%| O|  |TAMS 0x000001cb15000000| PB 0x000001cb15000000| Untracked |  0
|  94|0x000001cb16000000, 0x000001cb17000000, 0x000001cb17000000|100%| O|  |TAMS 0x000001cb16000000| PB 0x000001cb16000000| Untracked |  0
|  95|0x000001cb17000000, 0x000001cb18000000, 0x000001cb18000000|100%| O|  |TAMS 0x000001cb17000000| PB 0x000001cb17000000| Untracked |  0
|  96|0x000001cb18000000, 0x000001cb19000000, 0x000001cb19000000|100%| O|  |TAMS 0x000001cb18000000| PB 0x000001cb18000000| Untracked |  0
|  97|0x000001cb19000000, 0x000001cb1a000000, 0x000001cb1a000000|100%| O|  |TAMS 0x000001cb19000000| PB 0x000001cb19000000| Untracked |  0
|  98|0x000001cb1a000000, 0x000001cb1b000000, 0x000001cb1b000000|100%| O|  |TAMS 0x000001cb1a000000| PB 0x000001cb1a000000| Untracked |  0
|  99|0x000001cb1b000000, 0x000001cb1c000000, 0x000001cb1c000000|100%| O|  |TAMS 0x000001cb1b000000| PB 0x000001cb1b000000| Untracked |  0
| 100|0x000001cb1c000000, 0x000001cb1d000000, 0x000001cb1d000000|100%| O|  |TAMS 0x000001cb1c000000| PB 0x000001cb1c000000| Untracked |  0
| 101|0x000001cb1d000000, 0x000001cb1e000000, 0x000001cb1e000000|100%| O|  |TAMS 0x000001cb1d000000| PB 0x000001cb1d000000| Untracked |  0
| 102|0x000001cb1e000000, 0x000001cb1f000000, 0x000001cb1f000000|100%| O|  |TAMS 0x000001cb1e000000| PB 0x000001cb1e000000| Untracked |  0
| 103|0x000001cb1f000000, 0x000001cb20000000, 0x000001cb20000000|100%| O|  |TAMS 0x000001cb1f000000| PB 0x000001cb1f000000| Untracked |  0
| 104|0x000001cb20000000, 0x000001cb21000000, 0x000001cb21000000|100%| O|  |TAMS 0x000001cb20000000| PB 0x000001cb20000000| Untracked |  0
| 105|0x000001cb21000000, 0x000001cb22000000, 0x000001cb22000000|100%| O|  |TAMS 0x000001cb21000000| PB 0x000001cb21000000| Untracked |  0
| 106|0x000001cb22000000, 0x000001cb23000000, 0x000001cb23000000|100%| O|  |TAMS 0x000001cb22000000| PB 0x000001cb22000000| Untracked |  0
| 107|0x000001cb23000000, 0x000001cb24000000, 0x000001cb24000000|100%| O|  |TAMS 0x000001cb23000000| PB 0x000001cb23000000| Untracked |  0
| 108|0x000001cb24000000, 0x000001cb25000000, 0x000001cb25000000|100%| O|  |TAMS 0x000001cb24000000| PB 0x000001cb24000000| Untracked |  0
| 109|0x000001cb25000000, 0x000001cb26000000, 0x000001cb26000000|100%| O|  |TAMS 0x000001cb25000000| PB 0x000001cb25000000| Untracked |  0
| 110|0x000001cb26000000, 0x000001cb27000000, 0x000001cb27000000|100%| O|  |TAMS 0x000001cb26000000| PB 0x000001cb26000000| Untracked |  0
| 111|0x000001cb27000000, 0x000001cb28000000, 0x000001cb28000000|100%| O|  |TAMS 0x000001cb27000000| PB 0x000001cb27000000| Untracked |  0
| 112|0x000001cb28000000, 0x000001cb29000000, 0x000001cb29000000|100%| O|  |TAMS 0x000001cb28000000| PB 0x000001cb28000000| Untracked |  0
| 113|0x000001cb29000000, 0x000001cb2a000000, 0x000001cb2a000000|100%| O|  |TAMS 0x000001cb29000000| PB 0x000001cb29000000| Untracked |  0
| 114|0x000001cb2a000000, 0x000001cb2b000000, 0x000001cb2b000000|100%| O|  |TAMS 0x000001cb2a000000| PB 0x000001cb2a000000| Untracked |  0
| 115|0x000001cb2b000000, 0x000001cb2c000000, 0x000001cb2c000000|100%| O|  |TAMS 0x000001cb2b000000| PB 0x000001cb2b000000| Untracked |  0
| 116|0x000001cb2c000000, 0x000001cb2d000000, 0x000001cb2d000000|100%| O|  |TAMS 0x000001cb2c000000| PB 0x000001cb2c000000| Untracked |  0
| 117|0x000001cb2d000000, 0x000001cb2e000000, 0x000001cb2e000000|100%| O|  |TAMS 0x000001cb2d000000| PB 0x000001cb2d000000| Untracked |  0
| 118|0x000001cb2e000000, 0x000001cb2f000000, 0x000001cb2f000000|100%| O|  |TAMS 0x000001cb2e000000| PB 0x000001cb2e000000| Untracked |  0
| 119|0x000001cb2f000000, 0x000001cb30000000, 0x000001cb30000000|100%| O|  |TAMS 0x000001cb2f000000| PB 0x000001cb2f000000| Untracked |  0
| 120|0x000001cb30000000, 0x000001cb31000000, 0x000001cb31000000|100%| O|  |TAMS 0x000001cb30000000| PB 0x000001cb30000000| Untracked |  0
| 121|0x000001cb31000000, 0x000001cb32000000, 0x000001cb32000000|100%| O|  |TAMS 0x000001cb31000000| PB 0x000001cb31000000| Untracked |  0
| 122|0x000001cb32000000, 0x000001cb33000000, 0x000001cb33000000|100%| O|  |TAMS 0x000001cb32000000| PB 0x000001cb32000000| Untracked |  0
| 123|0x000001cb33000000, 0x000001cb33000000, 0x000001cb34000000|  0%| F|  |TAMS 0x000001cb33000000| PB 0x000001cb33000000| Untracked |  0
| 124|0x000001cb34000000, 0x000001cb34000000, 0x000001cb35000000|  0%| F|  |TAMS 0x000001cb34000000| PB 0x000001cb34000000| Untracked |  0
| 125|0x000001cb35000000, 0x000001cb35000000, 0x000001cb36000000|  0%| F|  |TAMS 0x000001cb35000000| PB 0x000001cb35000000| Untracked |  0
| 126|0x000001cb36000000, 0x000001cb36000000, 0x000001cb37000000|  0%| F|  |TAMS 0x000001cb36000000| PB 0x000001cb36000000| Untracked |  0
| 127|0x000001cb37000000, 0x000001cb37000000, 0x000001cb38000000|  0%| F|  |TAMS 0x000001cb37000000| PB 0x000001cb37000000| Untracked |  0
| 128|0x000001cb38000000, 0x000001cb38000000, 0x000001cb39000000|  0%| F|  |TAMS 0x000001cb38000000| PB 0x000001cb38000000| Untracked |  0
| 129|0x000001cb39000000, 0x000001cb39000000, 0x000001cb3a000000|  0%| F|  |TAMS 0x000001cb39000000| PB 0x000001cb39000000| Untracked |  0
| 130|0x000001cb3a000000, 0x000001cb3a000000, 0x000001cb3b000000|  0%| F|  |TAMS 0x000001cb3a000000| PB 0x000001cb3a000000| Untracked |  0
| 131|0x000001cb3b000000, 0x000001cb3b000000, 0x000001cb3c000000|  0%| F|  |TAMS 0x000001cb3b000000| PB 0x000001cb3b000000| Untracked |  0
| 132|0x000001cb3c000000, 0x000001cb3c000000, 0x000001cb3d000000|  0%| F|  |TAMS 0x000001cb3c000000| PB 0x000001cb3c000000| Untracked |  0
| 133|0x000001cb3d000000, 0x000001cb3d000000, 0x000001cb3e000000|  0%| F|  |TAMS 0x000001cb3d000000| PB 0x000001cb3d000000| Untracked |  0
| 134|0x000001cb3e000000, 0x000001cb3e000000, 0x000001cb3f000000|  0%| F|  |TAMS 0x000001cb3e000000| PB 0x000001cb3e000000| Untracked |  0
| 135|0x000001cb3f000000, 0x000001cb3f000000, 0x000001cb40000000|  0%| F|  |TAMS 0x000001cb3f000000| PB 0x000001cb3f000000| Untracked |  0
| 136|0x000001cb40000000, 0x000001cb40000000, 0x000001cb41000000|  0%| F|  |TAMS 0x000001cb40000000| PB 0x000001cb40000000| Untracked |  0
| 137|0x000001cb41000000, 0x000001cb41000000, 0x000001cb42000000|  0%| F|  |TAMS 0x000001cb41000000| PB 0x000001cb41000000| Untracked |  0
| 138|0x000001cb42000000, 0x000001cb42000000, 0x000001cb43000000|  0%| F|  |TAMS 0x000001cb42000000| PB 0x000001cb42000000| Untracked |  0
| 139|0x000001cb43000000, 0x000001cb43000000, 0x000001cb44000000|  0%| F|  |TAMS 0x000001cb43000000| PB 0x000001cb43000000| Untracked |  0
| 140|0x000001cb44000000, 0x000001cb44000000, 0x000001cb45000000|  0%| F|  |TAMS 0x000001cb44000000| PB 0x000001cb44000000| Untracked |  0
| 141|0x000001cb45000000, 0x000001cb45000000, 0x000001cb46000000|  0%| F|  |TAMS 0x000001cb45000000| PB 0x000001cb45000000| Untracked |  0
| 142|0x000001cb46000000, 0x000001cb46000000, 0x000001cb47000000|  0%| F|  |TAMS 0x000001cb46000000| PB 0x000001cb46000000| Untracked |  0
| 143|0x000001cb47000000, 0x000001cb47000000, 0x000001cb48000000|  0%| F|  |TAMS 0x000001cb47000000| PB 0x000001cb47000000| Untracked |  0
| 144|0x000001cb48000000, 0x000001cb48000000, 0x000001cb49000000|  0%| F|  |TAMS 0x000001cb48000000| PB 0x000001cb48000000| Untracked |  0
| 145|0x000001cb49000000, 0x000001cb49000000, 0x000001cb4a000000|  0%| F|  |TAMS 0x000001cb49000000| PB 0x000001cb49000000| Untracked |  0
| 146|0x000001cb4a000000, 0x000001cb4a000000, 0x000001cb4b000000|  0%| F|  |TAMS 0x000001cb4a000000| PB 0x000001cb4a000000| Untracked |  0
| 147|0x000001cb4b000000, 0x000001cb4b000000, 0x000001cb4c000000|  0%| F|  |TAMS 0x000001cb4b000000| PB 0x000001cb4b000000| Untracked |  0
| 148|0x000001cb4c000000, 0x000001cb4c000000, 0x000001cb4d000000|  0%| F|  |TAMS 0x000001cb4c000000| PB 0x000001cb4c000000| Untracked |  0
| 149|0x000001cb4d000000, 0x000001cb4d000000, 0x000001cb4e000000|  0%| F|  |TAMS 0x000001cb4d000000| PB 0x000001cb4d000000| Untracked |  0
| 150|0x000001cb4e000000, 0x000001cb4e000000, 0x000001cb4f000000|  0%| F|  |TAMS 0x000001cb4e000000| PB 0x000001cb4e000000| Untracked |  0
| 151|0x000001cb4f000000, 0x000001cb4f000000, 0x000001cb50000000|  0%| F|  |TAMS 0x000001cb4f000000| PB 0x000001cb4f000000| Untracked |  0
| 152|0x000001cb50000000, 0x000001cb50000000, 0x000001cb51000000|  0%| F|  |TAMS 0x000001cb50000000| PB 0x000001cb50000000| Untracked |  0
| 153|0x000001cb51000000, 0x000001cb51000000, 0x000001cb52000000|  0%| F|  |TAMS 0x000001cb51000000| PB 0x000001cb51000000| Untracked |  0
| 154|0x000001cb52000000, 0x000001cb52000000, 0x000001cb53000000|  0%| F|  |TAMS 0x000001cb52000000| PB 0x000001cb52000000| Untracked |  0
| 155|0x000001cb53000000, 0x000001cb53000000, 0x000001cb54000000|  0%| F|  |TAMS 0x000001cb53000000| PB 0x000001cb53000000| Untracked |  0
| 156|0x000001cb54000000, 0x000001cb54000000, 0x000001cb55000000|  0%| F|  |TAMS 0x000001cb54000000| PB 0x000001cb54000000| Untracked |  0
| 157|0x000001cb55000000, 0x000001cb55000000, 0x000001cb56000000|  0%| F|  |TAMS 0x000001cb55000000| PB 0x000001cb55000000| Untracked |  0
| 158|0x000001cb56000000, 0x000001cb56000000, 0x000001cb57000000|  0%| F|  |TAMS 0x000001cb56000000| PB 0x000001cb56000000| Untracked |  0
| 159|0x000001cb57000000, 0x000001cb57000000, 0x000001cb58000000|  0%| F|  |TAMS 0x000001cb57000000| PB 0x000001cb57000000| Untracked |  0
| 160|0x000001cb58000000, 0x000001cb58000000, 0x000001cb59000000|  0%| F|  |TAMS 0x000001cb58000000| PB 0x000001cb58000000| Untracked |  0
| 161|0x000001cb59000000, 0x000001cb59000000, 0x000001cb5a000000|  0%| F|  |TAMS 0x000001cb59000000| PB 0x000001cb59000000| Untracked |  0
| 162|0x000001cb5a000000, 0x000001cb5a000000, 0x000001cb5b000000|  0%| F|  |TAMS 0x000001cb5a000000| PB 0x000001cb5a000000| Untracked |  0
| 163|0x000001cb5b000000, 0x000001cb5b000000, 0x000001cb5c000000|  0%| F|  |TAMS 0x000001cb5b000000| PB 0x000001cb5b000000| Untracked |  0
| 164|0x000001cb5c000000, 0x000001cb5c000000, 0x000001cb5d000000|  0%| F|  |TAMS 0x000001cb5c000000| PB 0x000001cb5c000000| Untracked |  0
| 165|0x000001cb5d000000, 0x000001cb5d000000, 0x000001cb5e000000|  0%| F|  |TAMS 0x000001cb5d000000| PB 0x000001cb5d000000| Untracked |  0
| 166|0x000001cb5e000000, 0x000001cb5e000000, 0x000001cb5f000000|  0%| F|  |TAMS 0x000001cb5e000000| PB 0x000001cb5e000000| Untracked |  0
| 167|0x000001cb5f000000, 0x000001cb5f000000, 0x000001cb60000000|  0%| F|  |TAMS 0x000001cb5f000000| PB 0x000001cb5f000000| Untracked |  0
| 168|0x000001cb60000000, 0x000001cb60000000, 0x000001cb61000000|  0%| F|  |TAMS 0x000001cb60000000| PB 0x000001cb60000000| Untracked |  0
| 169|0x000001cb61000000, 0x000001cb61000000, 0x000001cb62000000|  0%| F|  |TAMS 0x000001cb61000000| PB 0x000001cb61000000| Untracked |  0
| 170|0x000001cb62000000, 0x000001cb62000000, 0x000001cb63000000|  0%| F|  |TAMS 0x000001cb62000000| PB 0x000001cb62000000| Untracked |  0
| 171|0x000001cb63000000, 0x000001cb63000000, 0x000001cb64000000|  0%| F|  |TAMS 0x000001cb63000000| PB 0x000001cb63000000| Untracked |  0
| 172|0x000001cb64000000, 0x000001cb64000000, 0x000001cb65000000|  0%| F|  |TAMS 0x000001cb64000000| PB 0x000001cb64000000| Untracked |  0
| 173|0x000001cb65000000, 0x000001cb65000000, 0x000001cb66000000|  0%| F|  |TAMS 0x000001cb65000000| PB 0x000001cb65000000| Untracked |  0
| 174|0x000001cb66000000, 0x000001cb66000000, 0x000001cb67000000|  0%| F|  |TAMS 0x000001cb66000000| PB 0x000001cb66000000| Untracked |  0
| 175|0x000001cb67000000, 0x000001cb67000000, 0x000001cb68000000|  0%| F|  |TAMS 0x000001cb67000000| PB 0x000001cb67000000| Untracked |  0
| 176|0x000001cb68000000, 0x000001cb68000000, 0x000001cb69000000|  0%| F|  |TAMS 0x000001cb68000000| PB 0x000001cb68000000| Untracked |  0
| 177|0x000001cb69000000, 0x000001cb69000000, 0x000001cb6a000000|  0%| F|  |TAMS 0x000001cb69000000| PB 0x000001cb69000000| Untracked |  0
| 178|0x000001cb6a000000, 0x000001cb6a000000, 0x000001cb6b000000|  0%| F|  |TAMS 0x000001cb6a000000| PB 0x000001cb6a000000| Untracked |  0
| 179|0x000001cb6b000000, 0x000001cb6b000000, 0x000001cb6c000000|  0%| F|  |TAMS 0x000001cb6b000000| PB 0x000001cb6b000000| Untracked |  0
| 180|0x000001cb6c000000, 0x000001cb6c000000, 0x000001cb6d000000|  0%| F|  |TAMS 0x000001cb6c000000| PB 0x000001cb6c000000| Untracked |  0
| 181|0x000001cb6d000000, 0x000001cb6d000000, 0x000001cb6e000000|  0%| F|  |TAMS 0x000001cb6d000000| PB 0x000001cb6d000000| Untracked |  0
| 182|0x000001cb6e000000, 0x000001cb6e000000, 0x000001cb6f000000|  0%| F|  |TAMS 0x000001cb6e000000| PB 0x000001cb6e000000| Untracked |  0
| 183|0x000001cb6f000000, 0x000001cb6f000000, 0x000001cb70000000|  0%| F|  |TAMS 0x000001cb6f000000| PB 0x000001cb6f000000| Untracked |  0
| 184|0x000001cb70000000, 0x000001cb70000000, 0x000001cb71000000|  0%| F|  |TAMS 0x000001cb70000000| PB 0x000001cb70000000| Untracked |  0
| 185|0x000001cb71000000, 0x000001cb71000000, 0x000001cb72000000|  0%| F|  |TAMS 0x000001cb71000000| PB 0x000001cb71000000| Untracked |  0
| 186|0x000001cb72000000, 0x000001cb72000000, 0x000001cb73000000|  0%| F|  |TAMS 0x000001cb72000000| PB 0x000001cb72000000| Untracked |  0
| 187|0x000001cb73000000, 0x000001cb73000000, 0x000001cb74000000|  0%| F|  |TAMS 0x000001cb73000000| PB 0x000001cb73000000| Untracked |  0
| 188|0x000001cb74000000, 0x000001cb74000000, 0x000001cb75000000|  0%| F|  |TAMS 0x000001cb74000000| PB 0x000001cb74000000| Untracked |  0
| 189|0x000001cb75000000, 0x000001cb75000000, 0x000001cb76000000|  0%| F|  |TAMS 0x000001cb75000000| PB 0x000001cb75000000| Untracked |  0
| 190|0x000001cb76000000, 0x000001cb76000000, 0x000001cb77000000|  0%| F|  |TAMS 0x000001cb76000000| PB 0x000001cb76000000| Untracked |  0
| 191|0x000001cb77000000, 0x000001cb77000000, 0x000001cb78000000|  0%| F|  |TAMS 0x000001cb77000000| PB 0x000001cb77000000| Untracked |  0
| 192|0x000001cb78000000, 0x000001cb78000000, 0x000001cb79000000|  0%| F|  |TAMS 0x000001cb78000000| PB 0x000001cb78000000| Untracked |  0
| 193|0x000001cb79000000, 0x000001cb79000000, 0x000001cb7a000000|  0%| F|  |TAMS 0x000001cb79000000| PB 0x000001cb79000000| Untracked |  0
| 194|0x000001cb7a000000, 0x000001cb7a000000, 0x000001cb7b000000|  0%| F|  |TAMS 0x000001cb7a000000| PB 0x000001cb7a000000| Untracked |  0
| 195|0x000001cb7b000000, 0x000001cb7b000000, 0x000001cb7c000000|  0%| F|  |TAMS 0x000001cb7b000000| PB 0x000001cb7b000000| Untracked |  0
| 196|0x000001cb7c000000, 0x000001cb7c000000, 0x000001cb7d000000|  0%| F|  |TAMS 0x000001cb7c000000| PB 0x000001cb7c000000| Untracked |  0
| 197|0x000001cb7d000000, 0x000001cb7d000000, 0x000001cb7e000000|  0%| F|  |TAMS 0x000001cb7d000000| PB 0x000001cb7d000000| Untracked |  0
| 198|0x000001cb7e000000, 0x000001cb7e000000, 0x000001cb7f000000|  0%| F|  |TAMS 0x000001cb7e000000| PB 0x000001cb7e000000| Untracked |  0
| 199|0x000001cb7f000000, 0x000001cb7f000000, 0x000001cb80000000|  0%| F|  |TAMS 0x000001cb7f000000| PB 0x000001cb7f000000| Untracked |  0
| 200|0x000001cb80000000, 0x000001cb80000000, 0x000001cb81000000|  0%| F|  |TAMS 0x000001cb80000000| PB 0x000001cb80000000| Untracked |  0
| 201|0x000001cb81000000, 0x000001cb81000000, 0x000001cb82000000|  0%| F|  |TAMS 0x000001cb81000000| PB 0x000001cb81000000| Untracked |  0
| 202|0x000001cb82000000, 0x000001cb82000000, 0x000001cb83000000|  0%| F|  |TAMS 0x000001cb82000000| PB 0x000001cb82000000| Untracked |  0
| 203|0x000001cb83000000, 0x000001cb83000000, 0x000001cb84000000|  0%| F|  |TAMS 0x000001cb83000000| PB 0x000001cb83000000| Untracked |  0
| 204|0x000001cb84000000, 0x000001cb84000000, 0x000001cb85000000|  0%| F|  |TAMS 0x000001cb84000000| PB 0x000001cb84000000| Untracked |  0
| 205|0x000001cb85000000, 0x000001cb85000000, 0x000001cb86000000|  0%| F|  |TAMS 0x000001cb85000000| PB 0x000001cb85000000| Untracked |  0
| 206|0x000001cb86000000, 0x000001cb86000000, 0x000001cb87000000|  0%| F|  |TAMS 0x000001cb86000000| PB 0x000001cb86000000| Untracked |  0
| 207|0x000001cb87000000, 0x000001cb87000000, 0x000001cb88000000|  0%| F|  |TAMS 0x000001cb87000000| PB 0x000001cb87000000| Untracked |  0
| 208|0x000001cb88000000, 0x000001cb88000000, 0x000001cb89000000|  0%| F|  |TAMS 0x000001cb88000000| PB 0x000001cb88000000| Untracked |  0
| 209|0x000001cb89000000, 0x000001cb89000000, 0x000001cb8a000000|  0%| F|  |TAMS 0x000001cb89000000| PB 0x000001cb89000000| Untracked |  0
| 210|0x000001cb8a000000, 0x000001cb8a000000, 0x000001cb8b000000|  0%| F|  |TAMS 0x000001cb8a000000| PB 0x000001cb8a000000| Untracked |  0
| 211|0x000001cb8b000000, 0x000001cb8b000000, 0x000001cb8c000000|  0%| F|  |TAMS 0x000001cb8b000000| PB 0x000001cb8b000000| Untracked |  0
| 212|0x000001cb8c000000, 0x000001cb8c000000, 0x000001cb8d000000|  0%| F|  |TAMS 0x000001cb8c000000| PB 0x000001cb8c000000| Untracked |  0
| 213|0x000001cb8d000000, 0x000001cb8d000000, 0x000001cb8e000000|  0%| F|  |TAMS 0x000001cb8d000000| PB 0x000001cb8d000000| Untracked |  0
| 214|0x000001cb8e000000, 0x000001cb8e000000, 0x000001cb8f000000|  0%| F|  |TAMS 0x000001cb8e000000| PB 0x000001cb8e000000| Untracked |  0
| 215|0x000001cb8f000000, 0x000001cb8f000000, 0x000001cb90000000|  0%| F|  |TAMS 0x000001cb8f000000| PB 0x000001cb8f000000| Untracked |  0
| 216|0x000001cb90000000, 0x000001cb90000000, 0x000001cb91000000|  0%| F|  |TAMS 0x000001cb90000000| PB 0x000001cb90000000| Untracked |  0
| 217|0x000001cb91000000, 0x000001cb91000000, 0x000001cb92000000|  0%| F|  |TAMS 0x000001cb91000000| PB 0x000001cb91000000| Untracked |  0
| 218|0x000001cb92000000, 0x000001cb92000000, 0x000001cb93000000|  0%| F|  |TAMS 0x000001cb92000000| PB 0x000001cb92000000| Untracked |  0
| 219|0x000001cb93000000, 0x000001cb93000000, 0x000001cb94000000|  0%| F|  |TAMS 0x000001cb93000000| PB 0x000001cb93000000| Untracked |  0
| 220|0x000001cb94000000, 0x000001cb94000000, 0x000001cb95000000|  0%| F|  |TAMS 0x000001cb94000000| PB 0x000001cb94000000| Untracked |  0
| 221|0x000001cb95000000, 0x000001cb95000000, 0x000001cb96000000|  0%| F|  |TAMS 0x000001cb95000000| PB 0x000001cb95000000| Untracked |  0
| 222|0x000001cb96000000, 0x000001cb96000000, 0x000001cb97000000|  0%| F|  |TAMS 0x000001cb96000000| PB 0x000001cb96000000| Untracked |  0
| 223|0x000001cb97000000, 0x000001cb97000000, 0x000001cb98000000|  0%| F|  |TAMS 0x000001cb97000000| PB 0x000001cb97000000| Untracked |  0
| 224|0x000001cb98000000, 0x000001cb98000000, 0x000001cb99000000|  0%| F|  |TAMS 0x000001cb98000000| PB 0x000001cb98000000| Untracked |  0
| 225|0x000001cb99000000, 0x000001cb99000000, 0x000001cb9a000000|  0%| F|  |TAMS 0x000001cb99000000| PB 0x000001cb99000000| Untracked |  0
| 226|0x000001cb9a000000, 0x000001cb9a000000, 0x000001cb9b000000|  0%| F|  |TAMS 0x000001cb9a000000| PB 0x000001cb9a000000| Untracked |  0
| 227|0x000001cb9b000000, 0x000001cb9b000000, 0x000001cb9c000000|  0%| F|  |TAMS 0x000001cb9b000000| PB 0x000001cb9b000000| Untracked |  0
| 228|0x000001cb9c000000, 0x000001cb9c000000, 0x000001cb9d000000|  0%| F|  |TAMS 0x000001cb9c000000| PB 0x000001cb9c000000| Untracked |  0
| 229|0x000001cb9d000000, 0x000001cb9d000000, 0x000001cb9e000000|  0%| F|  |TAMS 0x000001cb9d000000| PB 0x000001cb9d000000| Untracked |  0
| 230|0x000001cb9e000000, 0x000001cb9e000000, 0x000001cb9f000000|  0%| F|  |TAMS 0x000001cb9e000000| PB 0x000001cb9e000000| Untracked |  0
| 231|0x000001cb9f000000, 0x000001cb9f000000, 0x000001cba0000000|  0%| F|  |TAMS 0x000001cb9f000000| PB 0x000001cb9f000000| Untracked |  0
| 232|0x000001cba0000000, 0x000001cba0000000, 0x000001cba1000000|  0%| F|  |TAMS 0x000001cba0000000| PB 0x000001cba0000000| Untracked |  0
| 233|0x000001cba1000000, 0x000001cba1000000, 0x000001cba2000000|  0%| F|  |TAMS 0x000001cba1000000| PB 0x000001cba1000000| Untracked |  0
| 234|0x000001cba2000000, 0x000001cba2000000, 0x000001cba3000000|  0%| F|  |TAMS 0x000001cba2000000| PB 0x000001cba2000000| Untracked |  0
| 235|0x000001cba3000000, 0x000001cba3000000, 0x000001cba4000000|  0%| F|  |TAMS 0x000001cba3000000| PB 0x000001cba3000000| Untracked |  0
| 236|0x000001cba4000000, 0x000001cba4000000, 0x000001cba5000000|  0%| F|  |TAMS 0x000001cba4000000| PB 0x000001cba4000000| Untracked |  0
| 237|0x000001cba5000000, 0x000001cba5000000, 0x000001cba6000000|  0%| F|  |TAMS 0x000001cba5000000| PB 0x000001cba5000000| Untracked |  0
| 238|0x000001cba6000000, 0x000001cba6000000, 0x000001cba7000000|  0%| F|  |TAMS 0x000001cba6000000| PB 0x000001cba6000000| Untracked |  0
| 239|0x000001cba7000000, 0x000001cba7000000, 0x000001cba8000000|  0%| F|  |TAMS 0x000001cba7000000| PB 0x000001cba7000000| Untracked |  0
| 240|0x000001cba8000000, 0x000001cba8000000, 0x000001cba9000000|  0%| F|  |TAMS 0x000001cba8000000| PB 0x000001cba8000000| Untracked |  0
| 241|0x000001cba9000000, 0x000001cba9000000, 0x000001cbaa000000|  0%| F|  |TAMS 0x000001cba9000000| PB 0x000001cba9000000| Untracked |  0
| 242|0x000001cbaa000000, 0x000001cbaa000000, 0x000001cbab000000|  0%| F|  |TAMS 0x000001cbaa000000| PB 0x000001cbaa000000| Untracked |  0
| 243|0x000001cbab000000, 0x000001cbab000000, 0x000001cbac000000|  0%| F|  |TAMS 0x000001cbab000000| PB 0x000001cbab000000| Untracked |  0
| 244|0x000001cbac000000, 0x000001cbac000000, 0x000001cbad000000|  0%| F|  |TAMS 0x000001cbac000000| PB 0x000001cbac000000| Untracked |  0
| 245|0x000001cbad000000, 0x000001cbad000000, 0x000001cbae000000|  0%| F|  |TAMS 0x000001cbad000000| PB 0x000001cbad000000| Untracked |  0
| 246|0x000001cbae000000, 0x000001cbae000000, 0x000001cbaf000000|  0%| F|  |TAMS 0x000001cbae000000| PB 0x000001cbae000000| Untracked |  0
| 247|0x000001cbaf000000, 0x000001cbaf000000, 0x000001cbb0000000|  0%| F|  |TAMS 0x000001cbaf000000| PB 0x000001cbaf000000| Untracked |  0
| 248|0x000001cbb0000000, 0x000001cbb0000000, 0x000001cbb1000000|  0%| F|  |TAMS 0x000001cbb0000000| PB 0x000001cbb0000000| Untracked |  0
| 249|0x000001cbb1000000, 0x000001cbb1000000, 0x000001cbb2000000|  0%| F|  |TAMS 0x000001cbb1000000| PB 0x000001cbb1000000| Untracked |  0
| 250|0x000001cbb2000000, 0x000001cbb2000000, 0x000001cbb3000000|  0%| F|  |TAMS 0x000001cbb2000000| PB 0x000001cbb2000000| Untracked |  0
| 251|0x000001cbb3000000, 0x000001cbb3000000, 0x000001cbb4000000|  0%| F|  |TAMS 0x000001cbb3000000| PB 0x000001cbb3000000| Untracked |  0
| 252|0x000001cbb4000000, 0x000001cbb4000000, 0x000001cbb5000000|  0%| F|  |TAMS 0x000001cbb4000000| PB 0x000001cbb4000000| Untracked |  0
| 253|0x000001cbb5000000, 0x000001cbb5000000, 0x000001cbb6000000|  0%| F|  |TAMS 0x000001cbb5000000| PB 0x000001cbb5000000| Untracked |  0
| 254|0x000001cbb6000000, 0x000001cbb6000000, 0x000001cbb7000000|  0%| F|  |TAMS 0x000001cbb6000000| PB 0x000001cbb6000000| Untracked |  0
| 255|0x000001cbb7000000, 0x000001cbb7000000, 0x000001cbb8000000|  0%| F|  |TAMS 0x000001cbb7000000| PB 0x000001cbb7000000| Untracked |  0
| 256|0x000001cbb8000000, 0x000001cbb8000000, 0x000001cbb9000000|  0%| F|  |TAMS 0x000001cbb8000000| PB 0x000001cbb8000000| Untracked |  0
| 257|0x000001cbb9000000, 0x000001cbb9000000, 0x000001cbba000000|  0%| F|  |TAMS 0x000001cbb9000000| PB 0x000001cbb9000000| Untracked |  0
| 258|0x000001cbba000000, 0x000001cbba000000, 0x000001cbbb000000|  0%| F|  |TAMS 0x000001cbba000000| PB 0x000001cbba000000| Untracked |  0
| 259|0x000001cbbb000000, 0x000001cbbb000000, 0x000001cbbc000000|  0%| F|  |TAMS 0x000001cbbb000000| PB 0x000001cbbb000000| Untracked |  0
| 260|0x000001cbbc000000, 0x000001cbbc000000, 0x000001cbbd000000|  0%| F|  |TAMS 0x000001cbbc000000| PB 0x000001cbbc000000| Untracked |  0
| 261|0x000001cbbd000000, 0x000001cbbd000000, 0x000001cbbe000000|  0%| F|  |TAMS 0x000001cbbd000000| PB 0x000001cbbd000000| Untracked |  0
| 262|0x000001cbbe000000, 0x000001cbbe000000, 0x000001cbbf000000|  0%| F|  |TAMS 0x000001cbbe000000| PB 0x000001cbbe000000| Untracked |  0
| 263|0x000001cbbf000000, 0x000001cbbf000000, 0x000001cbc0000000|  0%| F|  |TAMS 0x000001cbbf000000| PB 0x000001cbbf000000| Untracked |  0
| 264|0x000001cbc0000000, 0x000001cbc0000000, 0x000001cbc1000000|  0%| F|  |TAMS 0x000001cbc0000000| PB 0x000001cbc0000000| Untracked |  0
| 265|0x000001cbc1000000, 0x000001cbc1000000, 0x000001cbc2000000|  0%| F|  |TAMS 0x000001cbc1000000| PB 0x000001cbc1000000| Untracked |  0
| 266|0x000001cbc2000000, 0x000001cbc2000000, 0x000001cbc3000000|  0%| F|  |TAMS 0x000001cbc2000000| PB 0x000001cbc2000000| Untracked |  0
| 267|0x000001cbc3000000, 0x000001cbc3000000, 0x000001cbc4000000|  0%| F|  |TAMS 0x000001cbc3000000| PB 0x000001cbc3000000| Untracked |  0
| 268|0x000001cbc4000000, 0x000001cbc4000000, 0x000001cbc5000000|  0%| F|  |TAMS 0x000001cbc4000000| PB 0x000001cbc4000000| Untracked |  0
| 269|0x000001cbc5000000, 0x000001cbc5000000, 0x000001cbc6000000|  0%| F|  |TAMS 0x000001cbc5000000| PB 0x000001cbc5000000| Untracked |  0
| 270|0x000001cbc6000000, 0x000001cbc6000000, 0x000001cbc7000000|  0%| F|  |TAMS 0x000001cbc6000000| PB 0x000001cbc6000000| Untracked |  0
| 271|0x000001cbc7000000, 0x000001cbc7000000, 0x000001cbc8000000|  0%| F|  |TAMS 0x000001cbc7000000| PB 0x000001cbc7000000| Untracked |  0
| 272|0x000001cbc8000000, 0x000001cbc8000000, 0x000001cbc9000000|  0%| F|  |TAMS 0x000001cbc8000000| PB 0x000001cbc8000000| Untracked |  0
| 273|0x000001cbc9000000, 0x000001cbc9000000, 0x000001cbca000000|  0%| F|  |TAMS 0x000001cbc9000000| PB 0x000001cbc9000000| Untracked |  0
| 274|0x000001cbca000000, 0x000001cbca000000, 0x000001cbcb000000|  0%| F|  |TAMS 0x000001cbca000000| PB 0x000001cbca000000| Untracked |  0
| 275|0x000001cbcb000000, 0x000001cbcb000000, 0x000001cbcc000000|  0%| F|  |TAMS 0x000001cbcb000000| PB 0x000001cbcb000000| Untracked |  0
| 276|0x000001cbcc000000, 0x000001cbcc000000, 0x000001cbcd000000|  0%| F|  |TAMS 0x000001cbcc000000| PB 0x000001cbcc000000| Untracked |  0
| 277|0x000001cbcd000000, 0x000001cbcd000000, 0x000001cbce000000|  0%| F|  |TAMS 0x000001cbcd000000| PB 0x000001cbcd000000| Untracked |  0
| 278|0x000001cbce000000, 0x000001cbce000000, 0x000001cbcf000000|  0%| F|  |TAMS 0x000001cbce000000| PB 0x000001cbce000000| Untracked |  0
| 279|0x000001cbcf000000, 0x000001cbcf000000, 0x000001cbd0000000|  0%| F|  |TAMS 0x000001cbcf000000| PB 0x000001cbcf000000| Untracked |  0
| 280|0x000001cbd0000000, 0x000001cbd0000000, 0x000001cbd1000000|  0%| F|  |TAMS 0x000001cbd0000000| PB 0x000001cbd0000000| Untracked |  0
| 281|0x000001cbd1000000, 0x000001cbd1000000, 0x000001cbd2000000|  0%| F|  |TAMS 0x000001cbd1000000| PB 0x000001cbd1000000| Untracked |  0
| 282|0x000001cbd2000000, 0x000001cbd2000000, 0x000001cbd3000000|  0%| F|  |TAMS 0x000001cbd2000000| PB 0x000001cbd2000000| Untracked |  0
| 283|0x000001cbd3000000, 0x000001cbd3000000, 0x000001cbd4000000|  0%| F|  |TAMS 0x000001cbd3000000| PB 0x000001cbd3000000| Untracked |  0
| 284|0x000001cbd4000000, 0x000001cbd4000000, 0x000001cbd5000000|  0%| F|  |TAMS 0x000001cbd4000000| PB 0x000001cbd4000000| Untracked |  0
| 285|0x000001cbd5000000, 0x000001cbd5000000, 0x000001cbd6000000|  0%| F|  |TAMS 0x000001cbd5000000| PB 0x000001cbd5000000| Untracked |  0
| 286|0x000001cbd6000000, 0x000001cbd6000000, 0x000001cbd7000000|  0%| F|  |TAMS 0x000001cbd6000000| PB 0x000001cbd6000000| Untracked |  0
| 287|0x000001cbd7000000, 0x000001cbd7000000, 0x000001cbd8000000|  0%| F|  |TAMS 0x000001cbd7000000| PB 0x000001cbd7000000| Untracked |  0
| 288|0x000001cbd8000000, 0x000001cbd8000000, 0x000001cbd9000000|  0%| F|  |TAMS 0x000001cbd8000000| PB 0x000001cbd8000000| Untracked |  0
| 289|0x000001cbd9000000, 0x000001cbd9000000, 0x000001cbda000000|  0%| F|  |TAMS 0x000001cbd9000000| PB 0x000001cbd9000000| Untracked |  0
| 290|0x000001cbda000000, 0x000001cbda000000, 0x000001cbdb000000|  0%| F|  |TAMS 0x000001cbda000000| PB 0x000001cbda000000| Untracked |  0
| 291|0x000001cbdb000000, 0x000001cbdb000000, 0x000001cbdc000000|  0%| F|  |TAMS 0x000001cbdb000000| PB 0x000001cbdb000000| Untracked |  0
| 292|0x000001cbdc000000, 0x000001cbdc000000, 0x000001cbdd000000|  0%| F|  |TAMS 0x000001cbdc000000| PB 0x000001cbdc000000| Untracked |  0
| 293|0x000001cbdd000000, 0x000001cbdd000000, 0x000001cbde000000|  0%| F|  |TAMS 0x000001cbdd000000| PB 0x000001cbdd000000| Untracked |  0
| 294|0x000001cbde000000, 0x000001cbde000000, 0x000001cbdf000000|  0%| F|  |TAMS 0x000001cbde000000| PB 0x000001cbde000000| Untracked |  0
| 295|0x000001cbdf000000, 0x000001cbdf000000, 0x000001cbe0000000|  0%| F|  |TAMS 0x000001cbdf000000| PB 0x000001cbdf000000| Untracked |  0
| 296|0x000001cbe0000000, 0x000001cbe0000000, 0x000001cbe1000000|  0%| F|  |TAMS 0x000001cbe0000000| PB 0x000001cbe0000000| Untracked |  0
| 297|0x000001cbe1000000, 0x000001cbe1000000, 0x000001cbe2000000|  0%| F|  |TAMS 0x000001cbe1000000| PB 0x000001cbe1000000| Untracked |  0
| 298|0x000001cbe2000000, 0x000001cbe2000000, 0x000001cbe3000000|  0%| F|  |TAMS 0x000001cbe2000000| PB 0x000001cbe2000000| Untracked |  0
| 299|0x000001cbe3000000, 0x000001cbe3000000, 0x000001cbe4000000|  0%| F|  |TAMS 0x000001cbe3000000| PB 0x000001cbe3000000| Untracked |  0
| 300|0x000001cbe4000000, 0x000001cbe4000000, 0x000001cbe5000000|  0%| F|  |TAMS 0x000001cbe4000000| PB 0x000001cbe4000000| Untracked |  0
| 301|0x000001cbe5000000, 0x000001cbe5000000, 0x000001cbe6000000|  0%| F|  |TAMS 0x000001cbe5000000| PB 0x000001cbe5000000| Untracked |  0
| 302|0x000001cbe6000000, 0x000001cbe6000000, 0x000001cbe7000000|  0%| F|  |TAMS 0x000001cbe6000000| PB 0x000001cbe6000000| Untracked |  0
| 303|0x000001cbe7000000, 0x000001cbe7000000, 0x000001cbe8000000|  0%| F|  |TAMS 0x000001cbe7000000| PB 0x000001cbe7000000| Untracked |  0
| 304|0x000001cbe8000000, 0x000001cbe8000000, 0x000001cbe9000000|  0%| F|  |TAMS 0x000001cbe8000000| PB 0x000001cbe8000000| Untracked |  0
| 305|0x000001cbe9000000, 0x000001cbe9000000, 0x000001cbea000000|  0%| F|  |TAMS 0x000001cbe9000000| PB 0x000001cbe9000000| Untracked |  0
| 306|0x000001cbea000000, 0x000001cbea000000, 0x000001cbeb000000|  0%| F|  |TAMS 0x000001cbea000000| PB 0x000001cbea000000| Untracked |  0
| 307|0x000001cbeb000000, 0x000001cbeb000000, 0x000001cbec000000|  0%| F|  |TAMS 0x000001cbeb000000| PB 0x000001cbeb000000| Untracked |  0
| 308|0x000001cbec000000, 0x000001cbec000000, 0x000001cbed000000|  0%| F|  |TAMS 0x000001cbec000000| PB 0x000001cbec000000| Untracked |  0
| 309|0x000001cbed000000, 0x000001cbed000000, 0x000001cbee000000|  0%| F|  |TAMS 0x000001cbed000000| PB 0x000001cbed000000| Untracked |  0
| 310|0x000001cbee000000, 0x000001cbee000000, 0x000001cbef000000|  0%| F|  |TAMS 0x000001cbee000000| PB 0x000001cbee000000| Untracked |  0
| 311|0x000001cbef000000, 0x000001cbef000000, 0x000001cbf0000000|  0%| F|  |TAMS 0x000001cbef000000| PB 0x000001cbef000000| Untracked |  0
| 312|0x000001cbf0000000, 0x000001cbf0000000, 0x000001cbf1000000|  0%| F|  |TAMS 0x000001cbf0000000| PB 0x000001cbf0000000| Untracked |  0
| 313|0x000001cbf1000000, 0x000001cbf1000000, 0x000001cbf2000000|  0%| F|  |TAMS 0x000001cbf1000000| PB 0x000001cbf1000000| Untracked |  0
| 314|0x000001cbf2000000, 0x000001cbf2000000, 0x000001cbf3000000|  0%| F|  |TAMS 0x000001cbf2000000| PB 0x000001cbf2000000| Untracked |  0
| 315|0x000001cbf3000000, 0x000001cbf3000000, 0x000001cbf4000000|  0%| F|  |TAMS 0x000001cbf3000000| PB 0x000001cbf3000000| Untracked |  0
| 316|0x000001cbf4000000, 0x000001cbf4000000, 0x000001cbf5000000|  0%| F|  |TAMS 0x000001cbf4000000| PB 0x000001cbf4000000| Untracked |  0
| 317|0x000001cbf5000000, 0x000001cbf5000000, 0x000001cbf6000000|  0%| F|  |TAMS 0x000001cbf5000000| PB 0x000001cbf5000000| Untracked |  0
| 318|0x000001cbf6000000, 0x000001cbf6000000, 0x000001cbf7000000|  0%| F|  |TAMS 0x000001cbf6000000| PB 0x000001cbf6000000| Untracked |  0
| 319|0x000001cbf7000000, 0x000001cbf7000000, 0x000001cbf8000000|  0%| F|  |TAMS 0x000001cbf7000000| PB 0x000001cbf7000000| Untracked |  0
| 320|0x000001cbf8000000, 0x000001cbf8000000, 0x000001cbf9000000|  0%| F|  |TAMS 0x000001cbf8000000| PB 0x000001cbf8000000| Untracked |  0
| 321|0x000001cbf9000000, 0x000001cbf9000000, 0x000001cbfa000000|  0%| F|  |TAMS 0x000001cbf9000000| PB 0x000001cbf9000000| Untracked |  0
| 322|0x000001cbfa000000, 0x000001cbfa000000, 0x000001cbfb000000|  0%| F|  |TAMS 0x000001cbfa000000| PB 0x000001cbfa000000| Untracked |  0
| 323|0x000001cbfb000000, 0x000001cbfb000000, 0x000001cbfc000000|  0%| F|  |TAMS 0x000001cbfb000000| PB 0x000001cbfb000000| Untracked |  0
| 324|0x000001cbfc000000, 0x000001cbfc000000, 0x000001cbfd000000|  0%| F|  |TAMS 0x000001cbfc000000| PB 0x000001cbfc000000| Untracked |  0
| 325|0x000001cbfd000000, 0x000001cbfd000000, 0x000001cbfe000000|  0%| F|  |TAMS 0x000001cbfd000000| PB 0x000001cbfd000000| Untracked |  0
| 326|0x000001cbfe000000, 0x000001cbfe000000, 0x000001cbff000000|  0%| F|  |TAMS 0x000001cbfe000000| PB 0x000001cbfe000000| Untracked |  0
| 327|0x000001cbff000000, 0x000001cbff000000, 0x000001cc00000000|  0%| F|  |TAMS 0x000001cbff000000| PB 0x000001cbff000000| Untracked |  0
| 328|0x000001cc00000000, 0x000001cc00000000, 0x000001cc01000000|  0%| F|  |TAMS 0x000001cc00000000| PB 0x000001cc00000000| Untracked |  0
| 329|0x000001cc01000000, 0x000001cc01000000, 0x000001cc02000000|  0%| F|  |TAMS 0x000001cc01000000| PB 0x000001cc01000000| Untracked |  0
| 330|0x000001cc02000000, 0x000001cc02000000, 0x000001cc03000000|  0%| F|  |TAMS 0x000001cc02000000| PB 0x000001cc02000000| Untracked |  0
| 331|0x000001cc03000000, 0x000001cc03000000, 0x000001cc04000000|  0%| F|  |TAMS 0x000001cc03000000| PB 0x000001cc03000000| Untracked |  0
| 332|0x000001cc04000000, 0x000001cc04000000, 0x000001cc05000000|  0%| F|  |TAMS 0x000001cc04000000| PB 0x000001cc04000000| Untracked |  0
| 333|0x000001cc05000000, 0x000001cc05000000, 0x000001cc06000000|  0%| F|  |TAMS 0x000001cc05000000| PB 0x000001cc05000000| Untracked |  0
| 334|0x000001cc06000000, 0x000001cc06000000, 0x000001cc07000000|  0%| F|  |TAMS 0x000001cc06000000| PB 0x000001cc06000000| Untracked |  0
| 335|0x000001cc07000000, 0x000001cc07000000, 0x000001cc08000000|  0%| F|  |TAMS 0x000001cc07000000| PB 0x000001cc07000000| Untracked |  0
| 336|0x000001cc08000000, 0x000001cc08000000, 0x000001cc09000000|  0%| F|  |TAMS 0x000001cc08000000| PB 0x000001cc08000000| Untracked |  0
| 337|0x000001cc09000000, 0x000001cc09000000, 0x000001cc0a000000|  0%| F|  |TAMS 0x000001cc09000000| PB 0x000001cc09000000| Untracked |  0
| 338|0x000001cc0a000000, 0x000001cc0a000000, 0x000001cc0b000000|  0%| F|  |TAMS 0x000001cc0a000000| PB 0x000001cc0a000000| Untracked |  0
| 339|0x000001cc0b000000, 0x000001cc0b000000, 0x000001cc0c000000|  0%| F|  |TAMS 0x000001cc0b000000| PB 0x000001cc0b000000| Untracked |  0
| 340|0x000001cc0c000000, 0x000001cc0c000000, 0x000001cc0d000000|  0%| F|  |TAMS 0x000001cc0c000000| PB 0x000001cc0c000000| Untracked |  0
| 341|0x000001cc0d000000, 0x000001cc0d000000, 0x000001cc0e000000|  0%| F|  |TAMS 0x000001cc0d000000| PB 0x000001cc0d000000| Untracked |  0
| 342|0x000001cc0e000000, 0x000001cc0e000000, 0x000001cc0f000000|  0%| F|  |TAMS 0x000001cc0e000000| PB 0x000001cc0e000000| Untracked |  0
| 343|0x000001cc0f000000, 0x000001cc0f000000, 0x000001cc10000000|  0%| F|  |TAMS 0x000001cc0f000000| PB 0x000001cc0f000000| Untracked |  0
| 344|0x000001cc10000000, 0x000001cc10000000, 0x000001cc11000000|  0%| F|  |TAMS 0x000001cc10000000| PB 0x000001cc10000000| Untracked |  0
| 345|0x000001cc11000000, 0x000001cc11000000, 0x000001cc12000000|  0%| F|  |TAMS 0x000001cc11000000| PB 0x000001cc11000000| Untracked |  0
| 346|0x000001cc12000000, 0x000001cc12000000, 0x000001cc13000000|  0%| F|  |TAMS 0x000001cc12000000| PB 0x000001cc12000000| Untracked |  0
| 347|0x000001cc13000000, 0x000001cc13000000, 0x000001cc14000000|  0%| F|  |TAMS 0x000001cc13000000| PB 0x000001cc13000000| Untracked |  0
| 348|0x000001cc14000000, 0x000001cc14000000, 0x000001cc15000000|  0%| F|  |TAMS 0x000001cc14000000| PB 0x000001cc14000000| Untracked |  0
| 349|0x000001cc15000000, 0x000001cc15000000, 0x000001cc16000000|  0%| F|  |TAMS 0x000001cc15000000| PB 0x000001cc15000000| Untracked |  0
| 350|0x000001cc16000000, 0x000001cc16000000, 0x000001cc17000000|  0%| F|  |TAMS 0x000001cc16000000| PB 0x000001cc16000000| Untracked |  0
| 351|0x000001cc17000000, 0x000001cc17000000, 0x000001cc18000000|  0%| F|  |TAMS 0x000001cc17000000| PB 0x000001cc17000000| Untracked |  0
| 352|0x000001cc18000000, 0x000001cc18000000, 0x000001cc19000000|  0%| F|  |TAMS 0x000001cc18000000| PB 0x000001cc18000000| Untracked |  0
| 353|0x000001cc19000000, 0x000001cc19000000, 0x000001cc1a000000|  0%| F|  |TAMS 0x000001cc19000000| PB 0x000001cc19000000| Untracked |  0
| 354|0x000001cc1a000000, 0x000001cc1a000000, 0x000001cc1b000000|  0%| F|  |TAMS 0x000001cc1a000000| PB 0x000001cc1a000000| Untracked |  0
| 355|0x000001cc1b000000, 0x000001cc1b000000, 0x000001cc1c000000|  0%| F|  |TAMS 0x000001cc1b000000| PB 0x000001cc1b000000| Untracked |  0
| 356|0x000001cc1c000000, 0x000001cc1c000000, 0x000001cc1d000000|  0%| F|  |TAMS 0x000001cc1c000000| PB 0x000001cc1c000000| Untracked |  0
| 357|0x000001cc1d000000, 0x000001cc1d000000, 0x000001cc1e000000|  0%| F|  |TAMS 0x000001cc1d000000| PB 0x000001cc1d000000| Untracked |  0
| 358|0x000001cc1e000000, 0x000001cc1e000000, 0x000001cc1f000000|  0%| F|  |TAMS 0x000001cc1e000000| PB 0x000001cc1e000000| Untracked |  0
| 359|0x000001cc1f000000, 0x000001cc1f000000, 0x000001cc20000000|  0%| F|  |TAMS 0x000001cc1f000000| PB 0x000001cc1f000000| Untracked |  0
| 360|0x000001cc20000000, 0x000001cc20000000, 0x000001cc21000000|  0%| F|  |TAMS 0x000001cc20000000| PB 0x000001cc20000000| Untracked |  0
| 361|0x000001cc21000000, 0x000001cc21000000, 0x000001cc22000000|  0%| F|  |TAMS 0x000001cc21000000| PB 0x000001cc21000000| Untracked |  0
| 362|0x000001cc22000000, 0x000001cc22000000, 0x000001cc23000000|  0%| F|  |TAMS 0x000001cc22000000| PB 0x000001cc22000000| Untracked |  0
| 363|0x000001cc23000000, 0x000001cc23000000, 0x000001cc24000000|  0%| F|  |TAMS 0x000001cc23000000| PB 0x000001cc23000000| Untracked |  0
| 364|0x000001cc24000000, 0x000001cc24000000, 0x000001cc25000000|  0%| F|  |TAMS 0x000001cc24000000| PB 0x000001cc24000000| Untracked |  0
| 365|0x000001cc25000000, 0x000001cc25000000, 0x000001cc26000000|  0%| F|  |TAMS 0x000001cc25000000| PB 0x000001cc25000000| Untracked |  0
| 366|0x000001cc26000000, 0x000001cc26000000, 0x000001cc27000000|  0%| F|  |TAMS 0x000001cc26000000| PB 0x000001cc26000000| Untracked |  0
| 367|0x000001cc27000000, 0x000001cc27000000, 0x000001cc28000000|  0%| F|  |TAMS 0x000001cc27000000| PB 0x000001cc27000000| Untracked |  0
| 368|0x000001cc28000000, 0x000001cc28000000, 0x000001cc29000000|  0%| F|  |TAMS 0x000001cc28000000| PB 0x000001cc28000000| Untracked |  0
| 369|0x000001cc29000000, 0x000001cc29000000, 0x000001cc2a000000|  0%| F|  |TAMS 0x000001cc29000000| PB 0x000001cc29000000| Untracked |  0
| 370|0x000001cc2a000000, 0x000001cc2a000000, 0x000001cc2b000000|  0%| F|  |TAMS 0x000001cc2a000000| PB 0x000001cc2a000000| Untracked |  0
| 371|0x000001cc2b000000, 0x000001cc2b000000, 0x000001cc2c000000|  0%| F|  |TAMS 0x000001cc2b000000| PB 0x000001cc2b000000| Untracked |  0
| 372|0x000001cc2c000000, 0x000001cc2c000000, 0x000001cc2d000000|  0%| F|  |TAMS 0x000001cc2c000000| PB 0x000001cc2c000000| Untracked |  0
| 373|0x000001cc2d000000, 0x000001cc2d000000, 0x000001cc2e000000|  0%| F|  |TAMS 0x000001cc2d000000| PB 0x000001cc2d000000| Untracked |  0
| 374|0x000001cc2e000000, 0x000001cc2e000000, 0x000001cc2f000000|  0%| F|  |TAMS 0x000001cc2e000000| PB 0x000001cc2e000000| Untracked |  0
| 375|0x000001cc2f000000, 0x000001cc2f000000, 0x000001cc30000000|  0%| F|  |TAMS 0x000001cc2f000000| PB 0x000001cc2f000000| Untracked |  0
| 376|0x000001cc30000000, 0x000001cc30000000, 0x000001cc31000000|  0%| F|  |TAMS 0x000001cc30000000| PB 0x000001cc30000000| Untracked |  0
| 377|0x000001cc31000000, 0x000001cc31000000, 0x000001cc32000000|  0%| F|  |TAMS 0x000001cc31000000| PB 0x000001cc31000000| Untracked |  0
| 378|0x000001cc32000000, 0x000001cc32000000, 0x000001cc33000000|  0%| F|  |TAMS 0x000001cc32000000| PB 0x000001cc32000000| Untracked |  0
| 379|0x000001cc33000000, 0x000001cc33000000, 0x000001cc34000000|  0%| F|  |TAMS 0x000001cc33000000| PB 0x000001cc33000000| Untracked |  0
| 380|0x000001cc34000000, 0x000001cc34000000, 0x000001cc35000000|  0%| F|  |TAMS 0x000001cc34000000| PB 0x000001cc34000000| Untracked |  0
| 381|0x000001cc35000000, 0x000001cc35000000, 0x000001cc36000000|  0%| F|  |TAMS 0x000001cc35000000| PB 0x000001cc35000000| Untracked |  0
| 382|0x000001cc36000000, 0x000001cc36000000, 0x000001cc37000000|  0%| F|  |TAMS 0x000001cc36000000| PB 0x000001cc36000000| Untracked |  0
| 383|0x000001cc37000000, 0x000001cc37000000, 0x000001cc38000000|  0%| F|  |TAMS 0x000001cc37000000| PB 0x000001cc37000000| Untracked |  0
| 384|0x000001cc38000000, 0x000001cc38000000, 0x000001cc39000000|  0%| F|  |TAMS 0x000001cc38000000| PB 0x000001cc38000000| Untracked |  0
| 385|0x000001cc39000000, 0x000001cc39000000, 0x000001cc3a000000|  0%| F|  |TAMS 0x000001cc39000000| PB 0x000001cc39000000| Untracked |  0
| 386|0x000001cc3a000000, 0x000001cc3a000000, 0x000001cc3b000000|  0%| F|  |TAMS 0x000001cc3a000000| PB 0x000001cc3a000000| Untracked |  0
| 387|0x000001cc3b000000, 0x000001cc3b000000, 0x000001cc3c000000|  0%| F|  |TAMS 0x000001cc3b000000| PB 0x000001cc3b000000| Untracked |  0
| 388|0x000001cc3c000000, 0x000001cc3c000000, 0x000001cc3d000000|  0%| F|  |TAMS 0x000001cc3c000000| PB 0x000001cc3c000000| Untracked |  0
| 389|0x000001cc3d000000, 0x000001cc3d000000, 0x000001cc3e000000|  0%| F|  |TAMS 0x000001cc3d000000| PB 0x000001cc3d000000| Untracked |  0
| 390|0x000001cc3e000000, 0x000001cc3e000000, 0x000001cc3f000000|  0%| F|  |TAMS 0x000001cc3e000000| PB 0x000001cc3e000000| Untracked |  0
| 391|0x000001cc3f000000, 0x000001cc3f000000, 0x000001cc40000000|  0%| F|  |TAMS 0x000001cc3f000000| PB 0x000001cc3f000000| Untracked |  0
| 392|0x000001cc40000000, 0x000001cc40000000, 0x000001cc41000000|  0%| F|  |TAMS 0x000001cc40000000| PB 0x000001cc40000000| Untracked |  0
| 393|0x000001cc41000000, 0x000001cc41000000, 0x000001cc42000000|  0%| F|  |TAMS 0x000001cc41000000| PB 0x000001cc41000000| Untracked |  0
| 394|0x000001cc42000000, 0x000001cc42000000, 0x000001cc43000000|  0%| F|  |TAMS 0x000001cc42000000| PB 0x000001cc42000000| Untracked |  0
| 395|0x000001cc43000000, 0x000001cc43000000, 0x000001cc44000000|  0%| F|  |TAMS 0x000001cc43000000| PB 0x000001cc43000000| Untracked |  0
| 396|0x000001cc44000000, 0x000001cc44000000, 0x000001cc45000000|  0%| F|  |TAMS 0x000001cc44000000| PB 0x000001cc44000000| Untracked |  0
| 397|0x000001cc45000000, 0x000001cc45000000, 0x000001cc46000000|  0%| F|  |TAMS 0x000001cc45000000| PB 0x000001cc45000000| Untracked |  0
| 398|0x000001cc46000000, 0x000001cc46000000, 0x000001cc47000000|  0%| F|  |TAMS 0x000001cc46000000| PB 0x000001cc46000000| Untracked |  0
| 399|0x000001cc47000000, 0x000001cc47000000, 0x000001cc48000000|  0%| F|  |TAMS 0x000001cc47000000| PB 0x000001cc47000000| Untracked |  0
| 400|0x000001cc48000000, 0x000001cc48000000, 0x000001cc49000000|  0%| F|  |TAMS 0x000001cc48000000| PB 0x000001cc48000000| Untracked |  0
| 401|0x000001cc49000000, 0x000001cc49000000, 0x000001cc4a000000|  0%| F|  |TAMS 0x000001cc49000000| PB 0x000001cc49000000| Untracked |  0
| 402|0x000001cc4a000000, 0x000001cc4a000000, 0x000001cc4b000000|  0%| F|  |TAMS 0x000001cc4a000000| PB 0x000001cc4a000000| Untracked |  0
| 403|0x000001cc4b000000, 0x000001cc4b000000, 0x000001cc4c000000|  0%| F|  |TAMS 0x000001cc4b000000| PB 0x000001cc4b000000| Untracked |  0
| 404|0x000001cc4c000000, 0x000001cc4d000000, 0x000001cc4d000000|100%| S|CS|TAMS 0x000001cc4c000000| PB 0x000001cc4c000000| Complete |  0
| 405|0x000001cc4d000000, 0x000001cc4d000000, 0x000001cc4e000000|  0%| F|  |TAMS 0x000001cc4d000000| PB 0x000001cc4d000000| Untracked |  0
| 406|0x000001cc4e000000, 0x000001cc4e000000, 0x000001cc4f000000|  0%| F|  |TAMS 0x000001cc4e000000| PB 0x000001cc4e000000| Untracked |  0
| 407|0x000001cc4f000000, 0x000001cc4f000000, 0x000001cc50000000|  0%| F|  |TAMS 0x000001cc4f000000| PB 0x000001cc4f000000| Untracked |  0
| 408|0x000001cc50000000, 0x000001cc50000000, 0x000001cc51000000|  0%| F|  |TAMS 0x000001cc50000000| PB 0x000001cc50000000| Untracked |  0
| 409|0x000001cc51000000, 0x000001cc51000000, 0x000001cc52000000|  0%| F|  |TAMS 0x000001cc51000000| PB 0x000001cc51000000| Untracked |  0
| 410|0x000001cc52000000, 0x000001cc52000000, 0x000001cc53000000|  0%| F|  |TAMS 0x000001cc52000000| PB 0x000001cc52000000| Untracked |  0
| 411|0x000001cc53000000, 0x000001cc53000000, 0x000001cc54000000|  0%| F|  |TAMS 0x000001cc53000000| PB 0x000001cc53000000| Untracked |  0
| 412|0x000001cc54000000, 0x000001cc54000000, 0x000001cc55000000|  0%| F|  |TAMS 0x000001cc54000000| PB 0x000001cc54000000| Untracked |  0
| 413|0x000001cc55000000, 0x000001cc55000000, 0x000001cc56000000|  0%| F|  |TAMS 0x000001cc55000000| PB 0x000001cc55000000| Untracked |  0
| 414|0x000001cc56000000, 0x000001cc56000000, 0x000001cc57000000|  0%| F|  |TAMS 0x000001cc56000000| PB 0x000001cc56000000| Untracked |  0
| 415|0x000001cc57000000, 0x000001cc57000000, 0x000001cc58000000|  0%| F|  |TAMS 0x000001cc57000000| PB 0x000001cc57000000| Untracked |  0
| 416|0x000001cc58000000, 0x000001cc58000000, 0x000001cc59000000|  0%| F|  |TAMS 0x000001cc58000000| PB 0x000001cc58000000| Untracked |  0
| 417|0x000001cc59000000, 0x000001cc59000000, 0x000001cc5a000000|  0%| F|  |TAMS 0x000001cc59000000| PB 0x000001cc59000000| Untracked |  0
| 418|0x000001cc5a000000, 0x000001cc5b000000, 0x000001cc5b000000|100%| S|CS|TAMS 0x000001cc5a000000| PB 0x000001cc5a000000| Complete |  0
| 419|0x000001cc5b000000, 0x000001cc5c000000, 0x000001cc5c000000|100%| S|CS|TAMS 0x000001cc5b000000| PB 0x000001cc5b000000| Complete |  0
| 420|0x000001cc5c000000, 0x000001cc5d000000, 0x000001cc5d000000|100%| S|CS|TAMS 0x000001cc5c000000| PB 0x000001cc5c000000| Complete |  0
| 421|0x000001cc5d000000, 0x000001cc5e000000, 0x000001cc5e000000|100%| S|CS|TAMS 0x000001cc5d000000| PB 0x000001cc5d000000| Complete |  0
| 422|0x000001cc5e000000, 0x000001cc5f000000, 0x000001cc5f000000|100%| S|CS|TAMS 0x000001cc5e000000| PB 0x000001cc5e000000| Complete |  0
| 423|0x000001cc5f000000, 0x000001cc60000000, 0x000001cc60000000|100%| S|CS|TAMS 0x000001cc5f000000| PB 0x000001cc5f000000| Complete |  0
| 424|0x000001cc60000000, 0x000001cc61000000, 0x000001cc61000000|100%| S|CS|TAMS 0x000001cc60000000| PB 0x000001cc60000000| Complete |  0
| 425|0x000001cc61000000, 0x000001cc62000000, 0x000001cc62000000|100%| S|CS|TAMS 0x000001cc61000000| PB 0x000001cc61000000| Complete |  0
| 426|0x000001cc62000000, 0x000001cc63000000, 0x000001cc63000000|100%| S|CS|TAMS 0x000001cc62000000| PB 0x000001cc62000000| Complete |  0
| 427|0x000001cc63000000, 0x000001cc64000000, 0x000001cc64000000|100%| S|CS|TAMS 0x000001cc63000000| PB 0x000001cc63000000| Complete |  0
| 428|0x000001cc64000000, 0x000001cc65000000, 0x000001cc65000000|100%| S|CS|TAMS 0x000001cc64000000| PB 0x000001cc64000000| Complete |  0
| 429|0x000001cc65000000, 0x000001cc66000000, 0x000001cc66000000|100%| S|CS|TAMS 0x000001cc65000000| PB 0x000001cc65000000| Complete |  0
| 430|0x000001cc66000000, 0x000001cc66000000, 0x000001cc67000000|  0%| F|  |TAMS 0x000001cc66000000| PB 0x000001cc66000000| Untracked |  0
| 431|0x000001cc67000000, 0x000001cc67000000, 0x000001cc68000000|  0%| F|  |TAMS 0x000001cc67000000| PB 0x000001cc67000000| Untracked |  0
| 432|0x000001cc68000000, 0x000001cc68000000, 0x000001cc69000000|  0%| F|  |TAMS 0x000001cc68000000| PB 0x000001cc68000000| Untracked |  0
| 433|0x000001cc69000000, 0x000001cc69000000, 0x000001cc6a000000|  0%| F|  |TAMS 0x000001cc69000000| PB 0x000001cc69000000| Untracked |  0
| 434|0x000001cc6a000000, 0x000001cc6a000000, 0x000001cc6b000000|  0%| F|  |TAMS 0x000001cc6a000000| PB 0x000001cc6a000000| Untracked |  0
| 435|0x000001cc6b000000, 0x000001cc6b000000, 0x000001cc6c000000|  0%| F|  |TAMS 0x000001cc6b000000| PB 0x000001cc6b000000| Untracked |  0
| 436|0x000001cc6c000000, 0x000001cc6c000000, 0x000001cc6d000000|  0%| F|  |TAMS 0x000001cc6c000000| PB 0x000001cc6c000000| Untracked |  0
| 437|0x000001cc6d000000, 0x000001cc6d000000, 0x000001cc6e000000|  0%| F|  |TAMS 0x000001cc6d000000| PB 0x000001cc6d000000| Untracked |  0
| 438|0x000001cc6e000000, 0x000001cc6e000000, 0x000001cc6f000000|  0%| F|  |TAMS 0x000001cc6e000000| PB 0x000001cc6e000000| Untracked |  0
| 439|0x000001cc6f000000, 0x000001cc6f000000, 0x000001cc70000000|  0%| F|  |TAMS 0x000001cc6f000000| PB 0x000001cc6f000000| Untracked |  0
| 440|0x000001cc70000000, 0x000001cc70000000, 0x000001cc71000000|  0%| F|  |TAMS 0x000001cc70000000| PB 0x000001cc70000000| Untracked |  0
| 441|0x000001cc71000000, 0x000001cc71000000, 0x000001cc72000000|  0%| F|  |TAMS 0x000001cc71000000| PB 0x000001cc71000000| Untracked |  0
| 442|0x000001cc72000000, 0x000001cc72000000, 0x000001cc73000000|  0%| F|  |TAMS 0x000001cc72000000| PB 0x000001cc72000000| Untracked |  0
| 443|0x000001cc73000000, 0x000001cc73000000, 0x000001cc74000000|  0%| F|  |TAMS 0x000001cc73000000| PB 0x000001cc73000000| Untracked |  0
| 444|0x000001cc74000000, 0x000001cc74000000, 0x000001cc75000000|  0%| F|  |TAMS 0x000001cc74000000| PB 0x000001cc74000000| Untracked |  0
| 445|0x000001cc75000000, 0x000001cc75000000, 0x000001cc76000000|  0%| F|  |TAMS 0x000001cc75000000| PB 0x000001cc75000000| Untracked |  0
| 446|0x000001cc76000000, 0x000001cc76000000, 0x000001cc77000000|  0%| F|  |TAMS 0x000001cc76000000| PB 0x000001cc76000000| Untracked |  0
| 447|0x000001cc77000000, 0x000001cc77000000, 0x000001cc78000000|  0%| F|  |TAMS 0x000001cc77000000| PB 0x000001cc77000000| Untracked |  0
| 448|0x000001cc78000000, 0x000001cc78000000, 0x000001cc79000000|  0%| F|  |TAMS 0x000001cc78000000| PB 0x000001cc78000000| Untracked |  0
| 449|0x000001cc79000000, 0x000001cc79000000, 0x000001cc7a000000|  0%| F|  |TAMS 0x000001cc79000000| PB 0x000001cc79000000| Untracked |  0
| 450|0x000001cc7a000000, 0x000001cc7a000000, 0x000001cc7b000000|  0%| F|  |TAMS 0x000001cc7a000000| PB 0x000001cc7a000000| Untracked |  0
| 451|0x000001cc7b000000, 0x000001cc7b000000, 0x000001cc7c000000|  0%| F|  |TAMS 0x000001cc7b000000| PB 0x000001cc7b000000| Untracked |  0
| 452|0x000001cc7c000000, 0x000001cc7c000000, 0x000001cc7d000000|  0%| F|  |TAMS 0x000001cc7c000000| PB 0x000001cc7c000000| Untracked |  0
| 453|0x000001cc7d000000, 0x000001cc7d000000, 0x000001cc7e000000|  0%| F|  |TAMS 0x000001cc7d000000| PB 0x000001cc7d000000| Untracked |  0
| 454|0x000001cc7e000000, 0x000001cc7e000000, 0x000001cc7f000000|  0%| F|  |TAMS 0x000001cc7e000000| PB 0x000001cc7e000000| Untracked |  0
| 455|0x000001cc7f000000, 0x000001cc7f000000, 0x000001cc80000000|  0%| F|  |TAMS 0x000001cc7f000000| PB 0x000001cc7f000000| Untracked |  0
| 456|0x000001cc80000000, 0x000001cc80000000, 0x000001cc81000000|  0%| F|  |TAMS 0x000001cc80000000| PB 0x000001cc80000000| Untracked |  0
| 457|0x000001cc81000000, 0x000001cc81000000, 0x000001cc82000000|  0%| F|  |TAMS 0x000001cc81000000| PB 0x000001cc81000000| Untracked |  0
| 458|0x000001cc82000000, 0x000001cc82000000, 0x000001cc83000000|  0%| F|  |TAMS 0x000001cc82000000| PB 0x000001cc82000000| Untracked |  0
| 459|0x000001cc83000000, 0x000001cc83000000, 0x000001cc84000000|  0%| F|  |TAMS 0x000001cc83000000| PB 0x000001cc83000000| Untracked |  0
| 460|0x000001cc84000000, 0x000001cc84000000, 0x000001cc85000000|  0%| F|  |TAMS 0x000001cc84000000| PB 0x000001cc84000000| Untracked |  0
| 461|0x000001cc85000000, 0x000001cc85000000, 0x000001cc86000000|  0%| F|  |TAMS 0x000001cc85000000| PB 0x000001cc85000000| Untracked |  0
| 462|0x000001cc86000000, 0x000001cc86000000, 0x000001cc87000000|  0%| F|  |TAMS 0x000001cc86000000| PB 0x000001cc86000000| Untracked |  0
| 463|0x000001cc87000000, 0x000001cc87000000, 0x000001cc88000000|  0%| F|  |TAMS 0x000001cc87000000| PB 0x000001cc87000000| Untracked |  0
| 464|0x000001cc88000000, 0x000001cc88000000, 0x000001cc89000000|  0%| F|  |TAMS 0x000001cc88000000| PB 0x000001cc88000000| Untracked |  0
| 465|0x000001cc89000000, 0x000001cc89000000, 0x000001cc8a000000|  0%| F|  |TAMS 0x000001cc89000000| PB 0x000001cc89000000| Untracked |  0
| 466|0x000001cc8a000000, 0x000001cc8a000000, 0x000001cc8b000000|  0%| F|  |TAMS 0x000001cc8a000000| PB 0x000001cc8a000000| Untracked |  0
| 467|0x000001cc8b000000, 0x000001cc8b000000, 0x000001cc8c000000|  0%| F|  |TAMS 0x000001cc8b000000| PB 0x000001cc8b000000| Untracked |  0
| 468|0x000001cc8c000000, 0x000001cc8c000000, 0x000001cc8d000000|  0%| F|  |TAMS 0x000001cc8c000000| PB 0x000001cc8c000000| Untracked |  0
| 469|0x000001cc8d000000, 0x000001cc8d000000, 0x000001cc8e000000|  0%| F|  |TAMS 0x000001cc8d000000| PB 0x000001cc8d000000| Untracked |  0
| 470|0x000001cc8e000000, 0x000001cc8e000000, 0x000001cc8f000000|  0%| F|  |TAMS 0x000001cc8e000000| PB 0x000001cc8e000000| Untracked |  0
| 471|0x000001cc8f000000, 0x000001cc8f000000, 0x000001cc90000000|  0%| F|  |TAMS 0x000001cc8f000000| PB 0x000001cc8f000000| Untracked |  0
| 472|0x000001cc90000000, 0x000001cc90000000, 0x000001cc91000000|  0%| F|  |TAMS 0x000001cc90000000| PB 0x000001cc90000000| Untracked |  0
| 473|0x000001cc91000000, 0x000001cc91000000, 0x000001cc92000000|  0%| F|  |TAMS 0x000001cc91000000| PB 0x000001cc91000000| Untracked |  0
| 474|0x000001cc92000000, 0x000001cc92000000, 0x000001cc93000000|  0%| F|  |TAMS 0x000001cc92000000| PB 0x000001cc92000000| Untracked |  0
| 475|0x000001cc93000000, 0x000001cc93000000, 0x000001cc94000000|  0%| F|  |TAMS 0x000001cc93000000| PB 0x000001cc93000000| Untracked |  0
| 476|0x000001cc94000000, 0x000001cc94000000, 0x000001cc95000000|  0%| F|  |TAMS 0x000001cc94000000| PB 0x000001cc94000000| Untracked |  0
| 477|0x000001cc95000000, 0x000001cc95000000, 0x000001cc96000000|  0%| F|  |TAMS 0x000001cc95000000| PB 0x000001cc95000000| Untracked |  0
| 478|0x000001cc96000000, 0x000001cc96000000, 0x000001cc97000000|  0%| F|  |TAMS 0x000001cc96000000| PB 0x000001cc96000000| Untracked |  0
| 479|0x000001cc97000000, 0x000001cc97000000, 0x000001cc98000000|  0%| F|  |TAMS 0x000001cc97000000| PB 0x000001cc97000000| Untracked |  0
| 480|0x000001cc98000000, 0x000001cc98000000, 0x000001cc99000000|  0%| F|  |TAMS 0x000001cc98000000| PB 0x000001cc98000000| Untracked |  0
| 481|0x000001cc99000000, 0x000001cc99000000, 0x000001cc9a000000|  0%| F|  |TAMS 0x000001cc99000000| PB 0x000001cc99000000| Untracked |  0
| 482|0x000001cc9a000000, 0x000001cc9a000000, 0x000001cc9b000000|  0%| F|  |TAMS 0x000001cc9a000000| PB 0x000001cc9a000000| Untracked |  0
| 483|0x000001cc9b000000, 0x000001cc9b000000, 0x000001cc9c000000|  0%| F|  |TAMS 0x000001cc9b000000| PB 0x000001cc9b000000| Untracked |  0
| 484|0x000001cc9c000000, 0x000001cc9c000000, 0x000001cc9d000000|  0%| F|  |TAMS 0x000001cc9c000000| PB 0x000001cc9c000000| Untracked |  0
| 485|0x000001cc9d000000, 0x000001cc9d000000, 0x000001cc9e000000|  0%| F|  |TAMS 0x000001cc9d000000| PB 0x000001cc9d000000| Untracked |  0
| 486|0x000001cc9e000000, 0x000001cc9e000000, 0x000001cc9f000000|  0%| F|  |TAMS 0x000001cc9e000000| PB 0x000001cc9e000000| Untracked |  0
| 487|0x000001cc9f000000, 0x000001cc9f000000, 0x000001cca0000000|  0%| F|  |TAMS 0x000001cc9f000000| PB 0x000001cc9f000000| Untracked |  0
| 488|0x000001cca0000000, 0x000001cca0000000, 0x000001cca1000000|  0%| F|  |TAMS 0x000001cca0000000| PB 0x000001cca0000000| Untracked |  0
| 489|0x000001cca1000000, 0x000001cca1000000, 0x000001cca2000000|  0%| F|  |TAMS 0x000001cca1000000| PB 0x000001cca1000000| Untracked |  0
| 490|0x000001cca2000000, 0x000001cca2000000, 0x000001cca3000000|  0%| F|  |TAMS 0x000001cca2000000| PB 0x000001cca2000000| Untracked |  0
| 491|0x000001cca3000000, 0x000001cca3000000, 0x000001cca4000000|  0%| F|  |TAMS 0x000001cca3000000| PB 0x000001cca3000000| Untracked |  0
| 492|0x000001cca4000000, 0x000001cca4000000, 0x000001cca5000000|  0%| F|  |TAMS 0x000001cca4000000| PB 0x000001cca4000000| Untracked |  0
| 493|0x000001cca5000000, 0x000001cca5000000, 0x000001cca6000000|  0%| F|  |TAMS 0x000001cca5000000| PB 0x000001cca5000000| Untracked |  0
| 494|0x000001cca6000000, 0x000001cca6000000, 0x000001cca7000000|  0%| F|  |TAMS 0x000001cca6000000| PB 0x000001cca6000000| Untracked |  0
| 495|0x000001cca7000000, 0x000001cca7000000, 0x000001cca8000000|  0%| F|  |TAMS 0x000001cca7000000| PB 0x000001cca7000000| Untracked |  0
| 496|0x000001cca8000000, 0x000001cca8000000, 0x000001cca9000000|  0%| F|  |TAMS 0x000001cca8000000| PB 0x000001cca8000000| Untracked |  0
| 497|0x000001cca9000000, 0x000001cca9000000, 0x000001ccaa000000|  0%| F|  |TAMS 0x000001cca9000000| PB 0x000001cca9000000| Untracked |  0
| 498|0x000001ccaa000000, 0x000001ccaa000000, 0x000001ccab000000|  0%| F|  |TAMS 0x000001ccaa000000| PB 0x000001ccaa000000| Untracked |  0
| 499|0x000001ccab000000, 0x000001ccab000000, 0x000001ccac000000|  0%| F|  |TAMS 0x000001ccab000000| PB 0x000001ccab000000| Untracked |  0
| 500|0x000001ccac000000, 0x000001ccac000000, 0x000001ccad000000|  0%| F|  |TAMS 0x000001ccac000000| PB 0x000001ccac000000| Untracked |  0
| 501|0x000001ccad000000, 0x000001ccad000000, 0x000001ccae000000|  0%| F|  |TAMS 0x000001ccad000000| PB 0x000001ccad000000| Untracked |  0
| 502|0x000001ccae000000, 0x000001ccae000000, 0x000001ccaf000000|  0%| F|  |TAMS 0x000001ccae000000| PB 0x000001ccae000000| Untracked |  0
| 503|0x000001ccaf000000, 0x000001ccaf000000, 0x000001ccb0000000|  0%| F|  |TAMS 0x000001ccaf000000| PB 0x000001ccaf000000| Untracked |  0
| 504|0x000001ccb0000000, 0x000001ccb0000000, 0x000001ccb1000000|  0%| F|  |TAMS 0x000001ccb0000000| PB 0x000001ccb0000000| Untracked |  0
| 505|0x000001ccb1000000, 0x000001ccb1000000, 0x000001ccb2000000|  0%| F|  |TAMS 0x000001ccb1000000| PB 0x000001ccb1000000| Untracked |  0
| 506|0x000001ccb2000000, 0x000001ccb2000000, 0x000001ccb3000000|  0%| F|  |TAMS 0x000001ccb2000000| PB 0x000001ccb2000000| Untracked |  0
| 507|0x000001ccb3000000, 0x000001ccb3000000, 0x000001ccb4000000|  0%| F|  |TAMS 0x000001ccb3000000| PB 0x000001ccb3000000| Untracked |  0
| 508|0x000001ccb4000000, 0x000001ccb4000000, 0x000001ccb5000000|  0%| F|  |TAMS 0x000001ccb4000000| PB 0x000001ccb4000000| Untracked |  0
| 509|0x000001ccb5000000, 0x000001ccb5000000, 0x000001ccb6000000|  0%| F|  |TAMS 0x000001ccb5000000| PB 0x000001ccb5000000| Untracked |  0
| 510|0x000001ccb6000000, 0x000001ccb6000000, 0x000001ccb7000000|  0%| F|  |TAMS 0x000001ccb6000000| PB 0x000001ccb6000000| Untracked |  0
| 511|0x000001ccb7000000, 0x000001ccb7000000, 0x000001ccb8000000|  0%| F|  |TAMS 0x000001ccb7000000| PB 0x000001ccb7000000| Untracked |  0
| 512|0x000001ccb8000000, 0x000001ccb8000000, 0x000001ccb9000000|  0%| F|  |TAMS 0x000001ccb8000000| PB 0x000001ccb8000000| Untracked |  0
| 513|0x000001ccb9000000, 0x000001ccb9000000, 0x000001ccba000000|  0%| F|  |TAMS 0x000001ccb9000000| PB 0x000001ccb9000000| Untracked |  0
| 514|0x000001ccba000000, 0x000001ccba000000, 0x000001ccbb000000|  0%| F|  |TAMS 0x000001ccba000000| PB 0x000001ccba000000| Untracked |  0
| 515|0x000001ccbb000000, 0x000001ccbb000000, 0x000001ccbc000000|  0%| F|  |TAMS 0x000001ccbb000000| PB 0x000001ccbb000000| Untracked |  0

Card table byte_map: [0x000001ca83fe0000,0x000001ca87fc0000] _byte_map_base: 0x000001c99ea20000

Marking Bits: (CMBitMap*) 0x000001ca9ef9b4e0
 Bits: [0x000001d2b4000000, 0x000001d2d3f00000)

Polling page: 0x000001ca9cfa0000

Metaspace:

Usage:
  Non-class:     12.63 MB used.
      Class:      1.21 MB used.
       Both:     13.84 MB used.

Virtual space:
  Non-class space:       64.00 MB reserved,      12.69 MB ( 20%) committed,  1 nodes.
      Class space:        1.00 GB reserved,       1.25 MB ( <1%) committed,  1 nodes.
             Both:        1.06 GB reserved,      13.94 MB (  1%) committed. 

Chunk freelists:
   Non-Class:  3.02 MB
       Class:  14.56 MB
        Both:  17.58 MB

MaxMetaspaceSize: unlimited
CompressedClassSpaceSize: 1.00 GB
Initial GC threshold: 21.00 MB
Current GC threshold: 23.12 MB
CDS: on
 - commit_granule_bytes: 65536.
 - commit_granule_words: 8192.
 - virtual_space_node_default_size: 8388608.
 - enlarge_chunks_in_place: 1.
UseCompressedClassPointers 1, UseCompactObjectHeaders 0
Narrow klass pointer bits 32, Max shift 3
Narrow klass base: 0x000001d2d7000000, Narrow klass shift: 0
Encoding Range: [0x000001d2d7000000 - 0x000001d3d7000000), (4294967296 bytes)
Klass Range:    [0x000001d2d7000000 - 0x000001d318000000), (1090519040 bytes)
Klass ID Range:  [8 - 1090519033) (1090519025)


Internal statistics:

num_allocs_failed_limit: 0.
num_arena_births: 74.
num_arena_deaths: 0.
num_vsnodes_births: 2.
num_vsnodes_deaths: 0.
num_space_committed: 223.
num_space_uncommitted: 0.
num_chunks_returned_to_freelist: 0.
num_chunks_taken_from_freelist: 355.
num_chunk_merges: 0.
num_chunk_splits: 283.
num_chunks_enlarged: 246.
num_inconsistent_stats: 0.

CodeHeap 'non-profiled nmethods': size=119232Kb used=3170Kb max_used=3170Kb free=116061Kb
 bounds [0x000001caaf310000, 0x000001caaf630000, 0x000001cab6780000]
CodeHeap 'profiled nmethods': size=119104Kb used=10028Kb max_used=10028Kb free=109075Kb
 bounds [0x000001caa7780000, 0x000001caa8180000, 0x000001caaebd0000]
CodeHeap 'non-nmethods': size=7424Kb used=3135Kb max_used=3334Kb free=4288Kb
 bounds [0x000001caaebd0000, 0x000001caaef30000, 0x000001caaf310000]
CodeCache: size=245760Kb, used=16333Kb, max_used=16532Kb, free=229424Kb
 total_blobs=4792, nmethods=4185, adapters=509, full_count=0
Compilation: enabled, stopped_count=0, restarted_count=0

Compilation events (20 events):
Event: 9.284 Thread 0x000001cab795d1f0 nmethod 5132 0x000001caa7aa2288 code [0x000001caa7aa23c0, 0x000001caa7aa2708]
Event: 9.285 Thread 0x000001cab795f030 nmethod 5129% 0x000001caa8167688 code [0x000001caa8168200, 0x000001caa81724c8]
Event: 9.289 Thread 0x000001cab795f7c0 nmethod 5113 0x000001caaf621408 code [0x000001caaf621680, 0x000001caaf6227b0]
Event: 9.289 Thread 0x000001cab795f7c0 5123       4       com.jpexs.decompiler.flash.abc.avm2.instructions.stack.PushScopeIns::translate (161 bytes)
Event: 9.290 Thread 0x000001cab795d1f0 5134 %     3       com.jpexs.decompiler.flash.abc.avm2.AVM2Code::injectDeclarations @ 599 (1573 bytes)
Event: 9.309 Thread 0x000001cab795e110 5135       3       com.jpexs.decompiler.flash.abc.types.MethodBody::convertMethodBodyCanUseLast (28 bytes)
Event: 9.310 Thread 0x000001cab795e110 nmethod 5135 0x000001caa7aa1e08 code [0x000001caa7aa1f20, 0x000001caa7aa2140]
Event: 9.313 Thread 0x000001cab795e110 5136       2       com.jpexs.decompiler.flash.abc.avm2.model.operations.DivideAVM2Item::appendTo (119 bytes)
Event: 9.313 Thread 0x000001d31ed16360 nmethod 5013 0x000001caaf622908 code [0x000001caaf622ca0, 0x000001caaf625a00]
Event: 9.313 Thread 0x000001d31ed14cb0 nmethod 5117% 0x000001caaf625d88 code [0x000001caaf626060, 0x000001caaf6282e8]
Event: 9.314 Thread 0x000001cab795d980 5137       3       com.jpexs.decompiler.flash.abc.avm2.instructions.InstructionDefinition::getItemIp (25 bytes)
Event: 9.314 Thread 0x000001cab795e110 nmethod 5136 0x000001caa7abcc88 code [0x000001caa7abce80, 0x000001caa7abd2c0]
Event: 9.314 Thread 0x000001cab795d980 nmethod 5137 0x000001caa7abc788 code [0x000001caa7abc8e0, 0x000001caa7abcc48]
Event: 9.316 Thread 0x000001cab795d1f0 nmethod 5134% 0x000001caa8172688 code [0x000001caa8173200, 0x000001caa817d240]
Event: 9.319 Thread 0x000001d31ed14cb0 5138   !   4       com.jpexs.decompiler.flash.helpers.StreamTextWriter::writeToOutputStream (58 bytes)
Event: 9.321 Thread 0x000001d31ed16360 5114       4       com.jpexs.decompiler.flash.abc.avm2.graph.AVM2Graph$3::visit (35 bytes)
Event: 9.322 Thread 0x000001d31ed16360 nmethod 5114 0x000001caaf628508 code [0x000001caaf628640, 0x000001caaf6287e8]
Event: 9.322 Thread 0x000001d31ed16360 5139       4       com.jpexs.decompiler.flash.abc.avm2.AVM2ConstantPool::getNamespaceId (65 bytes)
Event: 9.324 Thread 0x000001cab795e110 5140       3       com.jpexs.decompiler.graph.GraphTargetItem::getResultAsBoolean (11 bytes)
Event: 9.325 Thread 0x000001cab795d1f0 5141       2       com.jpexs.decompiler.flash.ecma.EcmaScript::toNumberAs2 (43 bytes)

GC Heap History (20 events):
Event: 3.767 GC heap after
{Heap after GC invocations=15 (full 0):
 garbage-first heap   total reserved 33488896K, committed 5718016K, used 1627893K [0x000001cab8000000, 0x000001d2b4000000)
  region size 16384K, 4 young (65536K), 4 survivors (65536K)
 Metaspace       used 13790K, committed 13888K, reserved 1114112K
  class space    used 1232K, committed 1280K, reserved 1048576K
}
Event: 4.714 GC heap before
{Heap before GC invocations=15 (full 0):
 garbage-first heap   total reserved 33488896K, committed 5718016K, used 3675893K [0x000001cab8000000, 0x000001d2b4000000)
  region size 16384K, 129 young (2113536K), 4 survivors (65536K)
 Metaspace       used 13970K, committed 14144K, reserved 1114112K
  class space    used 1233K, committed 1280K, reserved 1048576K
}
Event: 4.877 GC heap after
{Heap after GC invocations=16 (full 0):
 garbage-first heap   total reserved 33488896K, committed 5718016K, used 2051365K [0x000001cab8000000, 0x000001d2b4000000)
  region size 16384K, 17 young (278528K), 17 survivors (278528K)
 Metaspace       used 13970K, committed 14144K, reserved 1114112K
  class space    used 1233K, committed 1280K, reserved 1048576K
}
Event: 5.187 GC heap before
{Heap before GC invocations=16 (full 0):
 garbage-first heap   total reserved 33488896K, committed 5718016K, used 2968869K [0x000001cab8000000, 0x000001d2b4000000)
  region size 16384K, 74 young (1212416K), 17 survivors (278528K)
 Metaspace       used 14011K, committed 14144K, reserved 1114112K
  class space    used 1233K, committed 1280K, reserved 1048576K
}
Event: 5.273 GC heap after
{Heap after GC invocations=17 (full 0):
 garbage-first heap   total reserved 33488896K, committed 5718016K, used 2082298K [0x000001cab8000000, 0x000001d2b4000000)
  region size 16384K, 10 young (163840K), 10 survivors (163840K)
 Metaspace       used 14011K, committed 14144K, reserved 1114112K
  class space    used 1233K, committed 1280K, reserved 1048576K
}
Event: 5.644 GC heap before
{Heap before GC invocations=17 (full 0):
 garbage-first heap   total reserved 33488896K, committed 5718016K, used 2999802K [0x000001cab8000000, 0x000001d2b4000000)
  region size 16384K, 67 young (1097728K), 10 survivors (163840K)
 Metaspace       used 14073K, committed 14208K, reserved 1114112K
  class space    used 1234K, committed 1280K, reserved 1048576K
}
Event: 6.126 GC heap after
{Heap after GC invocations=18 (full 1):
 garbage-first heap   total reserved 33488896K, committed 3178496K, used 820339K [0x000001cab8000000, 0x000001d2b4000000)
  region size 16384K, 0 young (0K), 0 survivors (0K)
 Metaspace       used 14073K, committed 14208K, reserved 1114112K
  class space    used 1234K, committed 1280K, reserved 1048576K
}
Event: 6.570 GC heap before
{Heap before GC invocations=18 (full 1):
 garbage-first heap   total reserved 33488896K, committed 3178496K, used 1967219K [0x000001cab8000000, 0x000001d2b4000000)
  region size 16384K, 70 young (1146880K), 0 survivors (0K)
 Metaspace       used 14108K, committed 14208K, reserved 1114112K
  class space    used 1234K, committed 1280K, reserved 1048576K
}
Event: 6.590 GC heap after
{Heap after GC invocations=19 (full 1):
 garbage-first heap   total reserved 33488896K, committed 3178496K, used 902259K [0x000001cab8000000, 0x000001d2b4000000)
  region size 16384K, 5 young (81920K), 5 survivors (81920K)
 Metaspace       used 14108K, committed 14208K, reserved 1114112K
  class space    used 1234K, committed 1280K, reserved 1048576K
}
Event: 7.014 GC heap before
{Heap before GC invocations=19 (full 1):
 garbage-first heap   total reserved 33488896K, committed 3178496K, used 2147443K [0x000001cab8000000, 0x000001d2b4000000)
  region size 16384K, 82 young (1343488K), 5 survivors (81920K)
 Metaspace       used 14124K, committed 14272K, reserved 1114112K
  class space    used 1234K, committed 1280K, reserved 1048576K
}
Event: 7.083 GC heap after
{Heap after GC invocations=20 (full 1):
 garbage-first heap   total reserved 33488896K, committed 3178496K, used 1165614K [0x000001cab8000000, 0x000001d2b4000000)
  region size 16384K, 11 young (180224K), 11 survivors (180224K)
 Metaspace       used 14124K, committed 14272K, reserved 1114112K
  class space    used 1234K, committed 1280K, reserved 1048576K
}
Event: 7.335 GC heap before
{Heap before GC invocations=20 (full 1):
 garbage-first heap   total reserved 33488896K, committed 3178496K, used 2279726K [0x000001cab8000000, 0x000001d2b4000000)
  region size 16384K, 79 young (1294336K), 11 survivors (180224K)
 Metaspace       used 14125K, committed 14272K, reserved 1114112K
  class space    used 1234K, committed 1280K, reserved 1048576K
}
Event: 7.626 GC heap after
{Heap after GC invocations=21 (full 1):
 garbage-first heap   total reserved 33488896K, committed 8454144K, used 1262707K [0x000001cab8000000, 0x000001d2b4000000)
  region size 16384K, 10 young (163840K), 10 survivors (163840K)
 Metaspace       used 14125K, committed 14272K, reserved 1114112K
  class space    used 1234K, committed 1280K, reserved 1048576K
}
Event: 7.971 GC heap before
{Heap before GC invocations=21 (full 1):
 garbage-first heap   total reserved 33488896K, committed 8454144K, used 2081907K [0x000001cab8000000, 0x000001d2b4000000)
  region size 16384K, 61 young (999424K), 10 survivors (163840K)
 Metaspace       used 14140K, committed 14272K, reserved 1114112K
  class space    used 1235K, committed 1280K, reserved 1048576K
}
Event: 8.044 GC heap after
{Heap after GC invocations=22 (full 1):
 garbage-first heap   total reserved 33488896K, committed 8454144K, used 1444088K [0x000001cab8000000, 0x000001d2b4000000)
  region size 16384K, 8 young (131072K), 8 survivors (131072K)
 Metaspace       used 14140K, committed 14272K, reserved 1114112K
  class space    used 1235K, committed 1280K, reserved 1048576K
}
Event: 8.553 GC heap before
{Heap before GC invocations=22 (full 1):
 garbage-first heap   total reserved 33488896K, committed 8454144K, used 2541816K [0x000001cab8000000, 0x000001d2b4000000)
  region size 16384K, 75 young (1228800K), 8 survivors (131072K)
 Metaspace       used 14153K, committed 14272K, reserved 1114112K
  class space    used 1235K, committed 1280K, reserved 1048576K
}
Event: 8.610 GC heap after
{Heap after GC invocations=23 (full 1):
 garbage-first heap   total reserved 33488896K, committed 8454144K, used 1584803K [0x000001cab8000000, 0x000001d2b4000000)
  region size 16384K, 9 young (147456K), 9 survivors (147456K)
 Metaspace       used 14153K, committed 14272K, reserved 1114112K
  class space    used 1235K, committed 1280K, reserved 1048576K
}
Event: 8.959 GC heap before
{Heap before GC invocations=23 (full 1):
 garbage-first heap   total reserved 33488896K, committed 8454144K, used 3026595K [0x000001cab8000000, 0x000001d2b4000000)
  region size 16384K, 98 young (1605632K), 9 survivors (147456K)
 Metaspace       used 14162K, committed 14272K, reserved 1114112K
  class space    used 1235K, committed 1280K, reserved 1048576K
}
Event: 9.068 GC heap after
{Heap after GC invocations=24 (full 1):
 garbage-first heap   total reserved 33488896K, committed 8454144K, used 1924823K [0x000001cab8000000, 0x000001d2b4000000)
  region size 16384K, 13 young (212992K), 13 survivors (212992K)
 Metaspace       used 14162K, committed 14272K, reserved 1114112K
  class space    used 1235K, committed 1280K, reserved 1048576K
}
Event: 9.559 GC heap before
{Heap before GC invocations=24 (full 1):
 garbage-first heap   total reserved 33488896K, committed 8454144K, used 3333847K [0x000001cab8000000, 0x000001d2b4000000)
  region size 16384K, 99 young (1622016K), 13 survivors (212992K)
 Metaspace       used 14172K, committed 14272K, reserved 1114112K
  class space    used 1235K, committed 1280K, reserved 1048576K
}

Dll operation events (10 events):
Event: 0.006 Loaded shared library C:\Program Files\Java\jdk-24\bin\java.dll
Event: 0.024 Loaded shared library C:\Program Files\Java\jdk-24\bin\jsvml.dll
Event: 0.028 Loaded shared library C:\Program Files\Java\jdk-24\bin\net.dll
Event: 0.030 Loaded shared library C:\Program Files\Java\jdk-24\bin\nio.dll
Event: 0.032 Loaded shared library C:\Program Files\Java\jdk-24\bin\zip.dll
Event: 0.075 Loaded shared library C:\Program Files\Java\jdk-24\bin\jimage.dll
Event: 0.247 Loaded shared library C:\Program Files\Java\jdk-24\bin\awt.dll
Event: 0.264 Loaded shared library C:\Program Files\Java\jdk-24\bin\verify.dll
Event: 0.312 Loaded shared library C:\Users\Snipz\AppData\Local\Temp\jna-Snipz\jna8286401875593518853.dll
Event: 0.351 Loaded shared library C:\Users\Snipz\AppData\Local\Temp\jansi-2.4.0-93d64c078624da3c-jansi.dll

Deoptimization events (20 events):
Event: 9.285 Thread 0x000001d32233da00 DEOPT PACKING pc=0x000001caa7cb92ea sp=0x0000000403dfc0a0
Event: 9.285 Thread 0x000001d32233da00 DEOPT UNPACKING pc=0x000001caaec25722 sp=0x0000000403dfb608 mode 0
Event: 9.288 Thread 0x000001d31e28f4c0 DEOPT PACKING pc=0x000001caa7cb9475 sp=0x00000004649fdca0
Event: 9.288 Thread 0x000001d31e28f4c0 DEOPT UNPACKING pc=0x000001caaec25722 sp=0x00000004649fd208 mode 0
Event: 9.292 Thread 0x000001d32233da00 DEOPT PACKING pc=0x000001caa7cb922f sp=0x0000000403dfc0a0
Event: 9.292 Thread 0x000001d32233da00 DEOPT UNPACKING pc=0x000001caaec25722 sp=0x0000000403dfb608 mode 0
Event: 9.302 Thread 0x000001d31ed0f7f0 DEOPT PACKING pc=0x000001caa807332e sp=0x000000045c1fe120
Event: 9.302 Thread 0x000001d31ed0f7f0 DEOPT UNPACKING pc=0x000001caaec25722 sp=0x000000045c1fd6a0 mode 0
Event: 9.304 Thread 0x000001d31e28f4c0 DEOPT PACKING pc=0x000001caa7cb922f sp=0x00000004649fc320
Event: 9.304 Thread 0x000001d31e28f4c0 DEOPT UNPACKING pc=0x000001caaec25722 sp=0x00000004649fb888 mode 0
Event: 9.305 Thread 0x000001d31e28f4c0 DEOPT PACKING pc=0x000001caa7cb9475 sp=0x00000004649fc320
Event: 9.305 Thread 0x000001d31e28f4c0 DEOPT UNPACKING pc=0x000001caaec25722 sp=0x00000004649fb888 mode 0
Event: 9.308 Thread 0x000001d31ed0f7f0 DEOPT PACKING pc=0x000001caa807332e sp=0x000000045c1fe120
Event: 9.308 Thread 0x000001d31ed0f7f0 DEOPT UNPACKING pc=0x000001caaec25722 sp=0x000000045c1fd6a0 mode 0
Event: 9.308 Thread 0x000001d32233da00 DEOPT PACKING pc=0x000001caa7cb9475 sp=0x0000000403dfc0a0
Event: 9.308 Thread 0x000001d32233da00 DEOPT UNPACKING pc=0x000001caaec25722 sp=0x0000000403dfb608 mode 0
Event: 9.312 Thread 0x000001d32233da00 DEOPT PACKING pc=0x000001caa7cb92ea sp=0x0000000403dfc0a0
Event: 9.312 Thread 0x000001d32233da00 DEOPT UNPACKING pc=0x000001caaec25722 sp=0x0000000403dfb608 mode 0
Event: 9.321 Thread 0x000001d3223431c0 DEOPT PACKING pc=0x000001caa7fb9ab2 sp=0x00000004048feb50
Event: 9.321 Thread 0x000001d3223431c0 DEOPT UNPACKING pc=0x000001caaec25722 sp=0x00000004048fe018 mode 0

Classes loaded (20 events):
Event: 1.400 Loading class javax/xml/catalog/PublicEntry
Event: 1.400 Loading class javax/xml/catalog/PublicEntry done
Event: 1.403 Loading class com/sun/org/apache/xerces/internal/impl/io/MalformedByteSequenceException
Event: 1.403 Loading class java/io/CharConversionException
Event: 1.403 Loading class java/io/CharConversionException done
Event: 1.403 Loading class com/sun/org/apache/xerces/internal/impl/io/MalformedByteSequenceException done
Event: 1.420 Loading class java/util/WeakHashMap$KeyIterator
Event: 1.420 Loading class java/util/WeakHashMap$HashIterator
Event: 1.420 Loading class java/util/WeakHashMap$HashIterator done
Event: 1.420 Loading class java/util/WeakHashMap$KeyIterator done
Event: 1.810 Loading class java/util/LinkedList$Node
Event: 1.810 Loading class java/util/LinkedList$Node done
Event: 2.393 Loading class java/util/LinkedList$ListItr
Event: 2.393 Loading class java/util/LinkedList$ListItr done
Event: 3.080 Loading class java/util/Vector$Itr
Event: 3.080 Loading class java/util/Vector$Itr done
Event: 3.101 Loading class java/lang/foreign/MemorySegment
Event: 3.101 Loading class java/lang/foreign/MemorySegment done
Event: 4.214 Loading class java/math/MutableBigInteger
Event: 4.215 Loading class java/math/MutableBigInteger done

Classes unloaded (0 events):
No events

Classes redefined (0 events):
No events

Internal exceptions (20 events):
Event: 0.352 Thread 0x000001ca9c9b7450 Exception <a 'java/lang/NullPointerException'{0x000001cad69e6050}> (0x000001cad69e6050) 
thrown [s\open\src\hotspot\share\interpreter\linkResolver.cpp, line 1417]
Event: 0.662 Thread 0x000001d31c939810 Exception <a 'java/lang/NoSuchMethodError'{0x000001cad37c1d30}: 'int java.lang.invoke.Invokers$Holder.invokeExact_MT(java.lang.Object, java.lang.Object)'> (0x000001cad37c1d30) 
thrown [s\open\src\hotspot\share\interpreter\linkResolver.cpp, line 805]
Event: 1.362 Thread 0x000001ca9c9b7450 Exception <a 'java/lang/NoSuchMethodError'{0x000001caeaaa94e0}: 'void java.lang.invoke.DirectMethodHandle$Holder.invokeStatic(java.lang.Object, java.lang.Object, java.lang.Object)'> (0x000001caeaaa94e0) 
thrown [s\open\src\hotspot\share\interpreter\linkResolver.cpp, line 805]
Event: 1.430 Thread 0x000001d31ca2dcf0 Implicit null exception at 0x000001caaf387686 to 0x000001caaf387b38
Event: 1.430 Thread 0x000001d31ca27690 Implicit null exception at 0x000001caaf384a6e to 0x000001caaf384b2c
Event: 1.432 Thread 0x000001d31f78fe50 Implicit null exception at 0x000001caaf3b105c to 0x000001caaf3b4d5c
Event: 1.432 Thread 0x000001d31f78efb0 Implicit null exception at 0x000001caaf3b105c to 0x000001caaf3b4d5c
Event: 1.552 Thread 0x000001ca9c9b7450 Implicit null exception at 0x000001caaf36338a to 0x000001caaf3635d8
Event: 1.789 Thread 0x000001d31ed0cc10 Exception <a 'java/io/IOException'{0x000001caedc91528}> (0x000001caedc91528) 
thrown [s\open\src\hotspot\share\prims\jni.cpp, line 518]
Event: 1.790 Thread 0x000001d31ed0e200 Exception <a 'java/io/IOException'{0x000001caed6b75b0}> (0x000001caed6b75b0) 
thrown [s\open\src\hotspot\share\prims\jni.cpp, line 518]
Event: 1.797 Thread 0x000001d31ed0e200 Exception <a 'java/io/IOException'{0x000001caed6b7b70}> (0x000001caed6b7b70) 
thrown [s\open\src\hotspot\share\prims\jni.cpp, line 518]
Event: 1.797 Thread 0x000001d31ed0cc10 Exception <a 'java/io/IOException'{0x000001caedc91ae8}> (0x000001caedc91ae8) 
thrown [s\open\src\hotspot\share\prims\jni.cpp, line 518]
Event: 1.798 Thread 0x000001d31ca28530 Exception <a 'java/io/IOException'{0x000001caecd2aa50}> (0x000001caecd2aa50) 
thrown [s\open\src\hotspot\share\prims\jni.cpp, line 518]
Event: 1.798 Thread 0x000001d31ca27690 Exception <a 'java/io/IOException'{0x000001caecea1248}> (0x000001caecea1248) 
thrown [s\open\src\hotspot\share\prims\jni.cpp, line 518]
Event: 1.798 Thread 0x000001d31ca293d0 Exception <a 'java/io/IOException'{0x000001caeb000298}> (0x000001caeb000298) 
thrown [s\open\src\hotspot\share\prims\jni.cpp, line 518]
Event: 1.801 Thread 0x000001d31ca28530 Exception <a 'java/io/IOException'{0x000001caecd2b010}> (0x000001caecd2b010) 
thrown [s\open\src\hotspot\share\prims\jni.cpp, line 518]
Event: 2.289 Thread 0x000001d31f705b90 Implicit null exception at 0x000001caaf426f9c to 0x000001caaf427154
Event: 5.293 Thread 0x000001d31ed13270 Exception <a 'java/io/IOException'{0x000001cc10c60f78}> (0x000001cc10c60f78) 
thrown [s\open\src\hotspot\share\prims\jni.cpp, line 518]
Event: 6.886 Thread 0x000001d31ed11530 Exception <a 'java/io/IOException'{0x000001cb3699b0b8}> (0x000001cb3699b0b8) 
thrown [s\open\src\hotspot\share\prims\jni.cpp, line 518]
Event: 8.775 Thread 0x000001d3207e2f30 Implicit null exception at 0x000001caaf462483 to 0x000001caaf46262f

VM Operations (20 events):
Event: 3.976 Executing VM operation: G1PauseCleanup done
Event: 4.596 Executing VM operation: G1CollectForAllocation (G1 Evacuation Pause)
Event: 4.877 Executing VM operation: G1CollectForAllocation (G1 Evacuation Pause) done
Event: 5.159 Executing VM operation: G1CollectForAllocation (G1 Evacuation Pause)
Event: 5.274 Executing VM operation: G1CollectForAllocation (G1 Evacuation Pause) done
Event: 5.549 Executing VM operation: G1CollectFull (System.gc())
Event: 6.126 Executing VM operation: G1CollectFull (System.gc()) done
Event: 6.553 Executing VM operation: G1CollectForAllocation (G1 Evacuation Pause)
Event: 6.590 Executing VM operation: G1CollectForAllocation (G1 Evacuation Pause) done
Event: 6.923 Executing VM operation: G1CollectForAllocation (G1 Evacuation Pause)
Event: 7.084 Executing VM operation: G1CollectForAllocation (G1 Evacuation Pause) done
Event: 7.296 Executing VM operation: G1CollectForAllocation (G1 Evacuation Pause)
Event: 7.628 Executing VM operation: G1CollectForAllocation (G1 Evacuation Pause) done
Event: 7.921 Executing VM operation: G1CollectForAllocation (G1 Evacuation Pause)
Event: 8.044 Executing VM operation: G1CollectForAllocation (G1 Evacuation Pause) done
Event: 8.353 Executing VM operation: G1CollectForAllocation (G1 Evacuation Pause)
Event: 8.611 Executing VM operation: G1CollectForAllocation (G1 Evacuation Pause) done
Event: 8.903 Executing VM operation: G1CollectForAllocation (G1 Evacuation Pause)
Event: 9.069 Executing VM operation: G1CollectForAllocation (G1 Evacuation Pause) done
Event: 9.325 Executing VM operation: G1CollectForAllocation (G1 Evacuation Pause)

Memory protections (0 events):
No events

Nmethod flushes (20 events):
Event: 5.744 Thread 0x000001cab79333d0 flushing  nmethod 0x000001caa7a1b708
Event: 5.744 Thread 0x000001cab79333d0 flushing  nmethod 0x000001caa7a1c388
Event: 5.744 Thread 0x000001cab79333d0 flushing  nmethod 0x000001caa7a1c688
Event: 5.744 Thread 0x000001cab79333d0 flushing  nmethod 0x000001caa7a1ce88
Event: 5.744 Thread 0x000001cab79333d0 flushing  nmethod 0x000001caa7a1e108
Event: 5.744 Thread 0x000001cab79333d0 flushing  nmethod 0x000001caa7a24888
Event: 5.744 Thread 0x000001cab79333d0 flushing  nmethod 0x000001caa7ad9088
Event: 5.744 Thread 0x000001cab79333d0 flushing  nmethod 0x000001caa7ad9788
Event: 5.744 Thread 0x000001cab79333d0 flushing  nmethod 0x000001caa7ada808
Event: 5.744 Thread 0x000001cab79333d0 flushing  nmethod 0x000001caa7adb008
Event: 5.744 Thread 0x000001cab79333d0 flushing  nmethod 0x000001caa7adb388
Event: 5.744 Thread 0x000001cab79333d0 flushing  nmethod 0x000001caa7add188
Event: 5.744 Thread 0x000001cab79333d0 flushing  nmethod 0x000001caa7ade708
Event: 5.744 Thread 0x000001cab79333d0 flushing  nmethod 0x000001caa7adea08
Event: 5.744 Thread 0x000001cab79333d0 flushing  nmethod 0x000001caa7adef08
Event: 5.744 Thread 0x000001cab79333d0 flushing  nmethod 0x000001caa7adfa08
Event: 5.744 Thread 0x000001cab79333d0 flushing  nmethod 0x000001caa7b56608
Event: 5.744 Thread 0x000001cab79333d0 flushing  nmethod 0x000001caa7b5c988
Event: 5.744 Thread 0x000001cab79333d0 flushing  nmethod 0x000001caa7b5eb88
Event: 5.744 Thread 0x000001cab79333d0 flushing  nmethod 0x000001caa7cdaf08

Events (20 events):
Event: 9.294 Thread 0x000001d3233b7e00 Thread exited: 0x000001d3233b7e00
Event: 9.294 Thread 0x000001d3233bfa50 Thread exited: 0x000001d3233bfa50
Event: 9.294 Thread 0x000001d3233b60c0 Thread exited: 0x000001d3233b60c0
Event: 9.294 Thread 0x000001d3233b1050 Thread exited: 0x000001d3233b1050
Event: 9.294 Thread 0x000001d3233b5970 Thread exited: 0x000001d3233b5970
Event: 9.294 Thread 0x000001d3233bb880 Thread exited: 0x000001d3233bb880
Event: 9.294 Thread 0x000001d3233cbfc0 Thread exited: 0x000001d3233cbfc0
Event: 9.295 Thread 0x000001d3233b76b0 Thread exited: 0x000001d3233b76b0
Event: 9.295 Thread 0x000001d3233b4380 Thread exited: 0x000001d3233b4380
Event: 9.295 Thread 0x000001d3233b6f60 Thread exited: 0x000001d3233b6f60
Event: 9.295 Thread 0x000001d3233af310 Thread exited: 0x000001d3233af310
Event: 9.296 Thread 0x000001d3233a2650 Thread exited: 0x000001d3233a2650
Event: 9.300 Thread 0x000001d3233b93f0 Thread exited: 0x000001d3233b93f0
Event: 9.300 Thread 0x000001d3233a8560 Thread exited: 0x000001d3233a8560
Event: 9.323 Thread 0x000001d3223431c0 Thread added: 0x000001d320c35be0
Event: 9.323 Thread 0x000001d3223431c0 Thread added: 0x000001d320c38f10
Event: 9.323 Thread 0x000001d3223431c0 Thread added: 0x000001d320c3c990
Event: 9.323 Thread 0x000001d3223431c0 Thread added: 0x000001d320c3ac50
Event: 9.324 Thread 0x000001d3223431c0 Thread added: 0x000001d320c3b3a0
Event: 9.325 Thread 0x000001d3223431c0 Thread added: 0x000001d320c39660


Dynamic libraries:
0x00007ff7298f0000 - 0x00007ff729900000 	C:\Program Files\Java\jdk-24\bin\java.exe
0x00007ffa33780000 - 0x00007ffa339e7000 	C:\WINDOWS\SYSTEM32\ntdll.dll
0x00007ffa31910000 - 0x00007ffa319db000 	C:\WINDOWS\System32\KERNEL32.DLL
0x00007ffa309b0000 - 0x00007ffa30db1000 	C:\WINDOWS\System32\KERNELBASE.dll
0x00007ffa2d650000 - 0x00007ffa2d6ef000 	C:\WINDOWS\SYSTEM32\apphelp.dll
0x00007ffa31140000 - 0x00007ffa3128c000 	C:\WINDOWS\System32\ucrtbase.dll
0x00007ffa05fd0000 - 0x00007ffa05fe6000 	C:\Program Files\Java\jdk-24\bin\jli.dll
0x00007ff9fd300000 - 0x00007ff9fd31b000 	C:\Program Files\Java\jdk-24\bin\VCRUNTIME140.dll
0x00007ffa31b40000 - 0x00007ffa31d17000 	C:\WINDOWS\System32\USER32.dll
0x00007ffa133c0000 - 0x00007ffa13650000 	C:\WINDOWS\WinSxS\amd64_microsoft.windows.common-controls_6595b64144ccf1df_6.0.26100.9549_none_3e0a0396e3330090\COMCTL32.dll
0x00007ffa30980000 - 0x00007ffa309a7000 	C:\WINDOWS\System32\win32u.dll
0x00007ffa31860000 - 0x00007ffa31909000 	C:\WINDOWS\System32\msvcrt.dll
0x00007ffa31b10000 - 0x00007ffa31b3b000 	C:\WINDOWS\System32\GDI32.dll
0x00007ffa30f50000 - 0x00007ffa31078000 	C:\WINDOWS\System32\gdi32full.dll
0x00007ffa312a0000 - 0x00007ffa31343000 	C:\WINDOWS\System32\msvcp_win.dll
0x00007ffa33560000 - 0x00007ffa33591000 	C:\WINDOWS\System32\IMM32.DLL
0x00007ffa05fc0000 - 0x00007ffa05fcc000 	C:\Program Files\Java\jdk-24\bin\vcruntime140_1.dll
0x00007ff9a3780000 - 0x00007ff9a380e000 	C:\Program Files\Java\jdk-24\bin\msvcp140.dll
0x00007ff917ef0000 - 0x00007ff918c92000 	C:\Program Files\Java\jdk-24\bin\server\jvm.dll
0x00007ffa316e0000 - 0x00007ffa3179b000 	C:\WINDOWS\System32\ADVAPI32.dll
0x00007ffa32570000 - 0x00007ffa32618000 	C:\WINDOWS\System32\sechost.dll
0x00007ffa319f0000 - 0x00007ffa31b08000 	C:\WINDOWS\System32\RPCRT4.dll
0x00007ffa328d0000 - 0x00007ffa32951000 	C:\WINDOWS\System32\WS2_32.dll
0x00007ffa30610000 - 0x00007ffa3066e000 	C:\WINDOWS\SYSTEM32\POWRPROF.dll
0x00007ffa2a210000 - 0x00007ffa2a21b000 	C:\WINDOWS\SYSTEM32\VERSION.dll
0x00007ffa23f40000 - 0x00007ffa23f77000 	C:\WINDOWS\SYSTEM32\WINMM.dll
0x00007ffa305f0000 - 0x00007ffa30605000 	C:\WINDOWS\SYSTEM32\UMPDC.dll
0x00007ffa2f620000 - 0x00007ffa2f63b000 	C:\WINDOWS\SYSTEM32\kernel.appcore.dll
0x00007ffa05e90000 - 0x00007ffa05e9a000 	C:\Program Files\Java\jdk-24\bin\jimage.dll
0x00007ffa2dfa0000 - 0x00007ffa2e1ec000 	C:\WINDOWS\SYSTEM32\DBGHELP.DLL
0x00007ffa331b0000 - 0x00007ffa3353a000 	C:\WINDOWS\System32\combase.dll
0x00007ffa32490000 - 0x00007ffa32569000 	C:\WINDOWS\System32\OLEAUT32.dll
0x00007ffa23b40000 - 0x00007ffa23b7b000 	C:\WINDOWS\SYSTEM32\dbgcore.DLL
0x00007ffa31350000 - 0x00007ffa313fc000 	C:\WINDOWS\System32\bcryptPrimitives.dll
0x00007ff9fb5e0000 - 0x00007ff9fb5fe000 	C:\Program Files\Java\jdk-24\bin\java.dll
0x00007ffa335a0000 - 0x00007ffa3373a000 	C:\WINDOWS\System32\ole32.dll
0x00007ffa32980000 - 0x00007ffa3311c000 	C:\WINDOWS\System32\SHELL32.dll
0x00007ffa2e400000 - 0x00007ffa2ecad000 	C:\WINDOWS\SYSTEM32\windows.storage.dll
0x00007ffa31f00000 - 0x00007ffa31ff9000 	C:\WINDOWS\System32\SHCORE.dll
0x00007ffa31670000 - 0x00007ffa316d6000 	C:\WINDOWS\System32\shlwapi.dll
0x00007ffa30890000 - 0x00007ffa308b9000 	C:\WINDOWS\SYSTEM32\profapi.dll
0x00007ff997430000 - 0x00007ff997507000 	C:\Program Files\Java\jdk-24\bin\jsvml.dll
0x00007ff9fdb80000 - 0x00007ff9fdb90000 	C:\Program Files\Java\jdk-24\bin\net.dll
0x00007ffa2fbe0000 - 0x00007ffa2fc4c000 	C:\WINDOWS\system32\mswsock.dll
0x00007ff9fb5c0000 - 0x00007ff9fb5d6000 	C:\Program Files\Java\jdk-24\bin\nio.dll
0x00007ff9f55d0000 - 0x00007ff9f55e7000 	C:\Program Files\Java\jdk-24\bin\zip.dll
0x00007ff93b730000 - 0x00007ff93b8af000 	C:\Program Files\Java\jdk-24\bin\awt.dll
0x00007ff9fd840000 - 0x00007ff9fd850000 	C:\Program Files\Java\jdk-24\bin\verify.dll
0x00007ffa2fed0000 - 0x00007ffa2feeb000 	C:\WINDOWS\SYSTEM32\CRYPTSP.dll
0x00007ffa2f580000 - 0x00007ffa2f5b9000 	C:\WINDOWS\system32\rsaenh.dll
0x00007ffa2fc90000 - 0x00007ffa2fcc4000 	C:\WINDOWS\SYSTEM32\USERENV.dll
0x00007ffa30860000 - 0x00007ffa3088a000 	C:\WINDOWS\SYSTEM32\bcrypt.dll
0x00007ffa2fef0000 - 0x00007ffa2fefc000 	C:\WINDOWS\SYSTEM32\CRYPTBASE.dll
0x00007ffa2eff0000 - 0x00007ffa2f023000 	C:\WINDOWS\SYSTEM32\IPHLPAPI.DLL
0x00007ffa32960000 - 0x00007ffa3296a000 	C:\WINDOWS\System32\NSI.dll
0x00007ff99e920000 - 0x00007ff99e957000 	C:\Users\Snipz\AppData\Local\Temp\jna-Snipz\jna8286401875593518853.dll
0x00007ffa32970000 - 0x00007ffa32978000 	C:\WINDOWS\System32\PSAPI.DLL
0x0000000069ac0000 - 0x0000000069ae4000 	C:\Users\Snipz\AppData\Local\Temp\jansi-2.4.0-93d64c078624da3c-jansi.dll

JVMTI agents: none

dbghelp: loaded successfully - version: 4.0.5 - missing functions: none
symbol engine: initialized successfully - sym options: 0x614 - pdb path: .;C:\Program Files\Java\jdk-24\bin;C:\WINDOWS\SYSTEM32;C:\WINDOWS\WinSxS\amd64_microsoft.windows.common-controls_6595b64144ccf1df_6.0.26100.9549_none_3e0a0396e3330090;C:\Program Files\Java\jdk-24\bin\server;C:\Users\Snipz\AppData\Local\Temp\jna-Snipz;C:\Users\Snipz\AppData\Local\Temp

VM Arguments:
jvm_args: -Xmx32694m -Djava.net.preferIPv4Stack=true -Djna.nosys=true -Dl5j.pid=29084 -Dl5j.encargs=1 
java_command: C:\PROGRA~2\FFDec\FFDEC-~1.JAR -export script C%3A%5CUsers%5CSnipz%5CAppData%5CLocal%5CTemp%5Cclaude%5Cc--Users-Snipz-Projects-strawberryjam%5C96ced3f0-5670-4ec9-ab6e-bc39098177e6%5Cscratchpad%5Cunmod C%3A%5CUsers%5CSnipz%5CProjects%5Cstrawberryjam%5CStrawberry-Jam%5Cassets%5Cflash%5Coptions%5Cunmodded-ajclient.swf
java_class_path (initial): C:\PROGRA~2\FFDec\FFDEC-~1.JAR
Launcher Type: SUN_STANDARD

[Global flags]
     intx CICompilerCount                          = 12                                        {product} {ergonomic}
     uint ConcGCThreads                            = 5                                         {product} {ergonomic}
     uint G1ConcRefinementThreads                  = 18                                        {product} {ergonomic}
   size_t G1HeapRegionSize                         = 16777216                                  {product} {ergonomic}
   size_t InitialHeapSize                          = 536870912                                 {product} {ergonomic}
   size_t MarkStackSize                            = 4194304                                   {product} {ergonomic}
   size_t MarkStackSizeMax                         = 536870912                                 {product} {ergonomic}
   size_t MaxHeapSize                              = 34292629504                               {product} {command line, ergonomic}
   size_t MaxNewSize                               = 20568866816                               {product} {ergonomic}
   size_t MinHeapDeltaBytes                        = 16777216                                  {product} {ergonomic}
   size_t MinHeapSize                              = 16777216                                  {product} {ergonomic}
    uintx NonNMethodCodeHeapSize                   = 7602176                                {pd product} {ergonomic}
    uintx NonProfiledCodeHeapSize                  = 122093568                              {pd product} {ergonomic}
    uintx ProfiledCodeHeapSize                     = 121962496                              {pd product} {ergonomic}
    uintx ReservedCodeCacheSize                    = 251658240                              {pd product} {ergonomic}
     bool SegmentedCodeCache                       = true                                      {product} {ergonomic}
   size_t SoftMaxHeapSize                          = 34292629504                            {manageable} {ergonomic}
     bool UseG1GC                                  = true                                      {product} {ergonomic}
     bool UseLargePagesIndividualAllocation        = false                                  {pd product} {ergonomic}

Logging:
Log output configuration:
 #0: stdout all=warning uptime,level,tags foldmultilines=false
 #1: stderr all=off uptime,level,tags foldmultilines=false

Environment Variables:
PATH=C:\Users\Snipz\bin;C:\Program Files\Git\mingw64\bin;C:\Program Files\Git\usr\local\bin;C:\Program Files\Git\usr\bin;C:\Program Files\Git\usr\bin;C:\Program Files\Git\mingw64\bin;C:\Program Files\Git\usr\bin;C:\Users\Snipz\bin;C:\Program Files\Common Files\Oracle\Java\javapath;C:\WINDOWS\system32;C:\WINDOWS;C:\WINDOWS\System32\Wbem;C:\WINDOWS\System32\WindowsPowerShell\v1.0;C:\WINDOWS\System32\OpenSSH;C:\Program Files\NVIDIA Corporation\NVIDIA app\NvDLISR;C:\Program Files (x86)\NVIDIA Corporation\PhysX\Common;C:\Program Files\nodejs;C:\Program Files\Git\cmd;C:\Program Files\dotnet;C:\Program Files\Microsoft SQL Server\170\Tools\Binn;C:\Program Files\Microsoft SQL Server\Client SDK\ODBC\170\Tools\Binn;C:\Program Files (x86)\Windows Kits\10\Windows Performance Toolkit;C:\Program Files\Lumia Stream\commands;C:\Program Files\Tailscale;C:\Program Files\GitHub CLI;C:\Users\Snipz\.local\bin;C:\Users\Snipz\AppData\Local\Microsoft\WindowsApps;C:\Users\Snipz\AppData\Local\Programs\Microsoft VS Code\bin;C:\Users\Snipz\AppData\Roaming\npm;C:\Users\Snipz\.fly\bin;C:\Users\Snipz\.dotnet\tools;C:\Users\Snipz\AppData\Local\Python\bin;C:\Users\Snipz\AppData\Local\Programs\Ollama;C:\Program Files\Git\usr\bin\vendor_perl;C:\Program Files\Git\usr\bin\core_perl
USERNAME=Snipz
SHELL=C:\Program Files\Git\bin\bash.exe
TERM=xterm-256color
OS=Windows_NT
PROCESSOR_IDENTIFIER=AMD64 Family 25 Model 33 Stepping 2, AuthenticAMD
TMP=C:\Users\Snipz\AppData\Local\Temp
TEMP=C:\Users\Snipz\AppData\Local\Temp




Periodic native trim disabled

---------------  S Y S T E M  ---------------

OS:
 Windows 11 , 64 bit Build 26100 (10.0.26100.9549)
OS uptime: 7 days 14:21 hours

CPU: total 24 (initial active 24) (24 cores per cpu, 2 threads per core) family 25 model 33 stepping 2 microcode 0xa20120e, cx8, cmov, fxsr, ht, mmx, 3dnowpref, sse, sse2, sse3, ssse3, sse4a, sse4.1, sse4.2, popcnt, lzcnt, tsc, tscinvbit, avx, avx2, aes, erms, clmul, bmi1, bmi2, adx, sha, fma, vzeroupper, clflush, clflushopt, rdtscp, rdpid, fsrm, f16c, pku, cet_ss
Processor Information for the first 24 processors :
  Max Mhz: 3701, Current Mhz: 3701, Mhz Limit: 3701

Memory: 4k page, system-wide physical 32693M (8939M free)
TotalPageFile size 49093M (AvailPageFile size 1980M)
current process WorkingSet (physical memory assigned to process): 5152M, peak: 5190M
current process commit charge ("private bytes"): 8694M, peak: 17068M

vm_info: Java HotSpot(TM) 64-Bit Server VM (24.0.1+9-30) for windows-amd64 JRE (24.0.1+9-30), built on 2025-03-05T07:23:45Z with MS VC++ 17.6 (VS2022)

END.
